commit,key_size,key_space_size,backend_size,range_result_limit,kv_type,cmp_oriole,cmp_wal,init_ms,empty_compact_ms,empty_defrag_ms,init_db_size,ratio,conn_size,value_size,read_ops_per_s,read_average_response_s,read_slowest_response_s,read_fastest_response_s,read_stddev_response_s,write_ops_per_s,write_average_response_s,write_slowest_response_s,write_fastest_response_s,write_stddev_response_s,completed_db_size,final_compact_ms,final_defrag_ms,final_db_size
0ac30fcd9,256,65536,21474836480,100,bucket,-1,off,36025,2727,421,44802048,.0078,32,256,[93.5294,92.7708,94.9848,93.3481,93.3326],[0.0055,0.0055,0.0054,0.0054,0.0054][0.0247,0.0354,0.0293,0.0240,0.0233][0.0027,0.0025,0.0026,0.0026,0.0027][0.0025,0.0026,0.0023,0.0020,0.0021],[12029.4948,12026.1725,11997.2584,11982.6918,12019.8839],[0.0026,0.0026,0.0026,0.0026,0.0026][0.0258,0.0349,0.0335,0.0294,0.0253][0.0005,0.0005,0.0004,0.0005,0.0004][0.0026,0.0027,0.0027,0.0027,0.0026],434569216,85766,530,434593792
0ac30fcd9,256,65536,21474836480,100,bucket,-1,off,36025,2727,421,434593792,.0078,64,256,[125.1871,124.6191,126.1102,126.3304,123.7649],[0.0060,0.0059,0.0059,0.0060,0.0060][0.0362,0.0324,0.0315,0.0319,0.0375][0.0029,0.0027,0.0027,0.0028,0.0030][0.0033,0.0028,0.0029,0.0030,0.0033],[15691.0666,15770.5514,15776.6811,15885.0516,16022.8290],[0.0040,0.0040,0.0040,0.0040,0.0039][0.0341,0.0323,0.0317,0.0318,0.0343][0.0005,0.0005,0.0005,0.0005,0.0005][0.0040,0.0040,0.0039,0.0039,0.0040],433577984,83617,494,433618944
0ac30fcd9,256,65536,21474836480,100,bucket,-1,off,36025,2727,421,433618944,.0078,128,256,[152.8005,147.9661,150.4255,141.4736,150.2508],[0.0078,0.0077,0.0076,0.0085,0.0081][0.0461,0.0381,0.0376,0.0442,0.0436][0.0031,0.0028,0.0030,0.0029,0.0032][0.0052,0.0049,0.0046,0.0058,0.0054],[19212.6243,19218.2570,19134.5542,18019.0710,18796.5431],[0.0066,0.0066,0.0066,0.0070,0.0067][0.0424,0.0397,0.0387,0.0396,0.0439][0.0007,0.0007,0.0007,0.0007,0.0007][0.0058,0.0058,0.0058,0.0060,0.0059],434626560,83445,496,434651136
0ac30fcd9,256,65536,21474836480,100,bucket,-1,off,36025,2727,421,434651136,.0078,256,256,[171.7768,165.7659,160.1235,171.1796,173.0744],[0.0130,0.0127,0.0136,0.0132,0.0131][0.0568,0.0551,0.0511,0.0585,0.0542][0.0035,0.0036,0.0034,0.0041,0.0036][0.0088,0.0086,0.0082,0.0086,0.0086],[21807.5063,21687.7460,20553.4225,21632.0040,21831.5601],[0.0116,0.0117,0.0123,0.0117,0.0116][0.0511,0.0519,0.0504,0.0526,0.0505][0.0014,0.0013,0.0009,0.0014,0.0007][0.0085,0.0086,0.0083,0.0084,0.0083],432865280,85109,505,432898048
0ac30fcd9,256,65536,21474836480,100,bucket,-1,off,36025,2727,421,432898048,.0078,512,256,[200.3981,193.8089,194.5900,189.8755,182.6883],[0.0241,0.0242,0.0246,0.0242,0.0247][0.0801,0.0738,0.0732,0.0710,0.0729][0.0059,0.0059,0.0056,0.0060,0.0064][0.0128,0.0128,0.0128,0.0130,0.0142],[24613.8471,24461.0291,24482.0840,24515.1043,24570.1306],[0.0205,0.0206,0.0206,0.0206,0.0206][0.0629,0.0643,0.0641,0.0654,0.0630][0.0025,0.0030,0.0027,0.0019,0.0022][0.0120,0.0123,0.0119,0.0119,0.0125],433192960,87415,1496,433225728
0ac30fcd9,256,65536,21474836480,100,bucket,-1,off,36025,2727,421,433225728,.0078,1024,256,[231.9830,227.2259,219.8979,219.9958,223.3617],[0.0446,0.0429,0.0436,0.0445,0.0444][0.1061,0.0936,0.0973,0.1110,0.1035][0.0116,0.0091,0.0120,0.0120,0.0112][0.0203,0.0189,0.0197,0.0197,0.0199],[29181.1044,28804.6404,28610.5863,28605.1157,28480.8017],[0.0345,0.0349,0.0351,0.0352,0.0353][0.0901,0.0877,0.0933,0.0990,0.0889][0.0059,0.0051,0.0046,0.0033,0.0035][0.0176,0.0171,0.0173,0.0178,0.0178],435560448,97699,488,435609600
0ac30fcd9,256,65536,21474836480,100,bucket,-1,off,36025,2727,421,435609600,.0078,2048,256,[264.4162,267.1543,260.3343,266.8784,259.4338],[0.0746,0.0756,0.0770,0.0771,0.0767][0.1525,0.1526,0.1488,0.1386,0.1507][0.0210,0.0139,0.0129,0.0216,0.0131][0.0292,0.0298,0.0286,0.0298,0.0277],[33593.0685,33612.2866,33440.4071,33623.8697,33198.1036],[0.0596,0.0595,0.0599,0.0594,0.0601][0.1254,0.1251,0.1314,0.1199,0.1326][0.0100,0.0121,0.0120,0.0015,0.0138][0.0247,0.0245,0.0250,0.0258,0.0239],434454528,85522,491,434503680
0ac30fcd9,256,65536,21474836480,100,bucket,-1,off,37450,2936,483,63324160,.0078,32,512,[90.9607,87.2372,88.8279,85.1925,89.2970],[0.0056,0.0056,0.0058,0.0057,0.0058][0.0284,0.0344,0.0445,0.0254,0.0337][0.0028,0.0028,0.0029,0.0028,0.0028][0.0021,0.0022,0.0027,0.0023,0.0027],[11264.9136,11406.4359,11212.4106,11435.0760,11322.4445],[0.0028,0.0028,0.0028,0.0028,0.0028][0.0293,0.0342,0.0440,0.0292,0.0291][0.0005,0.0005,0.0005,0.0005,0.0005][0.0030,0.0030,0.0031,0.0030,0.0030],741433344,115462,600,741474304
0ac30fcd9,256,65536,21474836480,100,bucket,-1,off,37450,2936,483,741474304,.0078,64,512,[117.9796,119.8857,113.2934,117.8005,113.5795],[0.0062,0.0063,0.0064,0.0063,0.0064][0.0365,0.0369,0.0384,0.0388,0.0354][0.0028,0.0028,0.0031,0.0028,0.0028][0.0035,0.0036,0.0038,0.0038,0.0036],[15243.6785,14922.1080,15165.4893,15091.7772,15111.4840],[0.0041,0.0042,0.0042,0.0042,0.0042][0.0384,0.0372,0.0374,0.0389,0.0347][0.0005,0.0005,0.0005,0.0005,0.0005][0.0044,0.0044,0.0045,0.0045,0.0045],740311040,113178,542,740352000
0ac30fcd9,256,65536,21474836480,100,bucket,-1,off,37450,2936,483,740352000,.0078,128,512,[141.2255,145.3758,143.5453,140.9044,136.6811],[0.0080,0.0082,0.0087,0.0085,0.0083][0.0518,0.0461,0.0476,0.0446,0.0443][0.0032,0.0034,0.0031,0.0033,0.0034][0.0057,0.0055,0.0063,0.0060,0.0055],[18355.7354,17846.2505,17912.0284,17808.1921,18296.1100],[0.0069,0.0071,0.0071,0.0071,0.0069][0.0480,0.0461,0.0419,0.0452,0.0444][0.0006,0.0007,0.0007,0.0007,0.0007][0.0065,0.0065,0.0066,0.0067,0.0064],741294080,114325,538,741335040
0ac30fcd9,256,65536,21474836480,100,bucket,-1,off,37450,2936,483,741335040,.0078,256,512,[150.4530,157.1690,157.0454,161.0610,160.1236],[0.0142,0.0141,0.0133,0.0143,0.0136][0.0588,0.0600,0.0555,0.0580,0.0578][0.0041,0.0043,0.0038,0.0040,0.0042][0.0092,0.0100,0.0091,0.0094,0.0092],[19763.3169,20427.5499,20560.0200,20264.0137,20133.2655],[0.0128,0.0124,0.0123,0.0125,0.0126][0.0549,0.0562,0.0537,0.0564,0.0580][0.0014,0.0015,0.0012,0.0010,0.0015][0.0093,0.0096,0.0095,0.0094,0.0096],740524032,114628,1567,740556800
0ac30fcd9,256,65536,21474836480,100,bucket,-1,off,37450,2936,483,740556800,.0078,512,512,[176.1465,176.1531,186.8988,183.1806,181.3342],[0.0264,0.0267,0.0263,0.0272,0.0264][0.0798,0.0838,0.0788,0.0741,0.0760][0.0063,0.0053,0.0060,0.0064,0.0057][0.0147,0.0145,0.0154,0.0150,0.0150],[22698.3441,22262.1984,23027.8979,23075.7590,22798.7446],[0.0222,0.0227,0.0219,0.0219,0.0221][0.0677,0.0713,0.0696,0.0694,0.0691][0.0032,0.0031,0.0017,0.0021,0.0030][0.0137,0.0133,0.0136,0.0130,0.0136],739516416,120191,572,739565568
0ac30fcd9,256,65536,21474836480,100,bucket,-1,off,37450,2936,483,739565568,.0078,1024,512,[218.5398,219.9037,205.3014,203.8313,215.5274],[0.0473,0.0471,0.0478,0.0477,0.0470][0.1107,0.1031,0.1050,0.1053,0.1036][0.0127,0.0165,0.0132,0.0124,0.0092][0.0213,0.0197,0.0215,0.0209,0.0219],[27281.1036,26591.3408,27161.7100,26914.4515,26957.1845],[0.0369,0.0379,0.0371,0.0374,0.0371][0.0999,0.0922,0.0940,0.0890,0.0932][0.0054,0.0030,0.0041,0.0045,0.0047][0.0184,0.0184,0.0189,0.0186,0.0192],741269504,125585,574,741310464
0ac30fcd9,256,65536,21474836480,100,bucket,-1,off,37450,2936,483,741310464,.0078,2048,512,[261.5080,254.7478,251.9127,255.2587,254.8894],[0.0782,0.0785,0.0761,0.0805,0.0788][0.1422,0.1532,0.1554,0.1537,0.1528][0.0203,0.0152,0.0181,0.0173,0.0258][0.0319,0.0311,0.0314,0.0305,0.0312],[32867.5848,31874.0117,31822.1462,31955.1409,32033.7625],[0.0610,0.0629,0.0631,0.0628,0.0626][0.1311,0.1445,0.1441,0.1418,0.1466][0.0046,0.0103,0.0108,0.0109,0.0107][0.0277,0.0279,0.0280,0.0273,0.0281],739803136,115312,532,739844096
0ac30fcd9,256,65536,21474836480,100,bucket,-1,off,40792,3308,545,93356032,.0078,32,1024,[84.1626,82.8993,81.2252,82.6442,81.1864],[0.0061,0.0058,0.0062,0.0058,0.0063][0.0312,0.0323,0.0364,0.0313,0.0353][0.0025,0.0029,0.0030,0.0025,0.0029][0.0028,0.0023,0.0030,0.0026,0.0029],[10515.4348,10810.5376,10467.4905,10784.4088,10401.1219],[0.0030,0.0029,0.0030,0.0029,0.0030][0.0322,0.0370,0.0472,0.0309,0.0352][0.0005,0.0005,0.0005,0.0005,0.0005][0.0035,0.0034,0.0037,0.0035,0.0035],1307582464,163394,723,1307631616
0ac30fcd9,256,65536,21474836480,100,bucket,-1,off,40792,3308,545,1307631616,.0078,64,1024,[114.0696,113.3108,112.6045,114.1740,112.8351],[0.0068,0.0064,0.0065,0.0071,0.0067][0.0421,0.0377,0.0377,0.0457,0.0437][0.0029,0.0028,0.0030,0.0028,0.0028][0.0035,0.0036,0.0037,0.0043,0.0042],[13629.1518,14460.3252,14568.2357,13809.3621,14390.2744],[0.0046,0.0044,0.0043,0.0046,0.0044][0.0416,0.0369,0.0374,0.0452,0.0435][0.0005,0.0005,0.0005,0.0005,0.0005][0.0048,0.0047,0.0047,0.0049,0.0048],1306034176,162225,653,1306083328
0ac30fcd9,256,65536,21474836480,100,bucket,-1,off,40792,3308,545,1306083328,.0078,128,1024,[138.6833,133.2287,135.7551,134.2030,133.6502],[0.0087,0.0086,0.0088,0.0089,0.0090][0.0493,0.0527,0.0516,0.0489,0.0602][0.0037,0.0031,0.0030,0.0032,0.0033][0.0067,0.0068,0.0065,0.0067,0.0071],[17088.7218,17101.8381,17015.5754,16939.3983,16645.4877],[0.0074,0.0074,0.0074,0.0075,0.0076][0.0471,0.0479,0.0497,0.0497,0.0548][0.0007,0.0008,0.0008,0.0008,0.0008][0.0073,0.0074,0.0075,0.0075,0.0076],1307230208,161764,701,1307262976
0ac30fcd9,256,65536,21474836480,100,bucket,-1,off,40792,3308,545,1307262976,.0078,256,1024,[141.6507,149.2500,155.9471,150.6678,148.3086],[0.0147,0.0139,0.0145,0.0139,0.0139][0.0683,0.0629,0.0687,0.0598,0.0628][0.0041,0.0039,0.0040,0.0043,0.0039][0.0111,0.0104,0.0110,0.0103,0.0104],[18410.2214,18984.2909,18965.8601,19289.6474,19468.6200],[0.0137,0.0133,0.0133,0.0131,0.0130][0.0614,0.0592,0.0629,0.0597,0.0629][0.0015,0.0015,0.0016,0.0016,0.0016][0.0110,0.0110,0.0112,0.0107,0.0110],1306525696,168405,685,1306599424
0ac30fcd9,256,65536,21474836480,100,bucket,-1,off,40792,3308,545,1306599424,.0078,512,1024,[174.6688,162.1787,171.1352,176.4249,167.0253],[0.0269,0.0261,0.0262,0.0273,0.0268][0.0782,0.0790,0.0881,0.0780,0.0907][0.0066,0.0070,0.0065,0.0060,0.0051][0.0157,0.0148,0.0152,0.0157,0.0155],[22158.9667,22251.5796,22314.8762,21999.4834,22160.6721],[0.0228,0.0227,0.0226,0.0229,0.0228][0.0709,0.0683,0.0737,0.0711,0.0726][0.0020,0.0029,0.0030,0.0027,0.0029][0.0143,0.0142,0.0140,0.0140,0.0143],1305296896,161748,655,1305354240
0ac30fcd9,256,65536,21474836480,100,bucket,-1,off,40792,3308,545,1305354240,.0078,1024,1024,[202.8467,191.5059,199.2394,207.2630,209.5886],[0.0475,0.0477,0.0478,0.0490,0.0479][0.1116,0.1001,0.1054,0.1073,0.1069][0.0139,0.0074,0.0127,0.0176,0.0108][0.0218,0.0214,0.0214,0.0214,0.0231],[26359.0449,26036.3829,25907.5554,25906.3960,25500.3207],[0.0382,0.0384,0.0387,0.0387,0.0395][0.0969,0.0927,0.0940,0.0934,0.0920][0.0050,0.0025,0.0064,0.0069,0.0067][0.0196,0.0191,0.0197,0.0193,0.0203],1306845184,166035,683,1306918912
0ac30fcd9,256,65536,21474836480,100,bucket,-1,off,40792,3308,545,1306918912,.0078,2048,1024,[251.8149,252.7518,245.4941,256.1899,240.6097],[0.0798,0.0818,0.0813,0.0806,0.0823][0.1688,0.1630,0.1657,0.1582,0.1619][0.0286,0.0189,0.0288,0.0308,0.0176][0.0309,0.0322,0.0314,0.0296,0.0322],[31586.3990,30954.0074,30813.7678,30941.1944,30789.1642],[0.0634,0.0648,0.0649,0.0648,0.0651][0.1355,0.1474,0.1353,0.1447,0.1426][0.0137,0.0151,0.0164,0.0107,0.0159][0.0261,0.0276,0.0261,0.0271,0.0280],1305501696,161309,1686,1305542656
0ac30fcd9,256,65536,21474836480,100,bucket,-1,off,48623,2219,1111,190390272,.0078,32,2048,[71.6623,70.5722,74.9469,70.4857,71.5445],[0.0070,0.0072,0.0074,0.0071,0.0071][0.0469,0.0425,0.0465,0.0499,0.0499][0.0033,0.0035,0.0035,0.0037,0.0033][0.0043,0.0034,0.0050,0.0038,0.0042],[9145.3384,8913.7590,8884.6005,9173.5267,9280.6161],[0.0034,0.0035,0.0035,0.0034,0.0034][0.0459,0.0478,0.0522,0.0510,0.0466][0.0005,0.0005,0.0005,0.0005,0.0005][0.0051,0.0051,0.0052,0.0051,0.0050],3065307136,70577,1333,3065397248
0ac30fcd9,256,65536,21474836480,100,bucket,-1,off,48623,2219,1111,3065397248,.0078,64,2048,[95.7200,93.8620,89.9059,91.8809,89.8450],[0.0075,0.0080,0.0085,0.0078,0.0082][0.0500,0.0589,0.0505,0.0515,0.0522][0.0034,0.0039,0.0039,0.0037,0.0036][0.0047,0.0056,0.0051,0.0049,0.0057],[12311.2107,12001.5632,11406.9435,12158.7071,12133.8967],[0.0051,0.0053,0.0055,0.0052,0.0052][0.0502,0.0578,0.0514,0.0511,0.0512][0.0006,0.0006,0.0005,0.0006,0.0006][0.0067,0.0068,0.0068,0.0068,0.0070],3064619008,70715,1268,3064659968
0ac30fcd9,256,65536,21474836480,100,bucket,-1,off,48623,2219,1111,3064659968,.0078,128,2048,[105.5491,110.7879,108.7036,108.7816,110.4228],[0.0103,0.0105,0.0106,0.0104,0.0103][0.0712,0.0670,0.0687,0.0685,0.0714][0.0039,0.0042,0.0035,0.0041,0.0041][0.0087,0.0087,0.0089,0.0086,0.0088],[14119.1688,13859.6297,13971.8227,13991.1136,13955.7550],[0.0090,0.0091,0.0091,0.0091,0.0091][0.0669,0.0652,0.0682,0.0688,0.0685][0.0009,0.0008,0.0009,0.0009,0.0008][0.0109,0.0105,0.0106,0.0108,0.0107],3064414208,71156,1254,3064512512
0ac30fcd9,256,65536,21474836480,100,bucket,-1,off,48623,2219,1111,3064512512,.0078,256,2048,[126.1729,121.4726,119.2609,121.9203,123.8584],[0.0177,0.0186,0.0156,0.0165,0.0178][0.0824,0.0938,0.0898,0.0777,0.0868][0.0042,0.0051,0.0049,0.0047,0.0052][0.0149,0.0175,0.0132,0.0137,0.0159],[15895.1401,15903.4004,16106.2277,15940.8747,16076.7684],[0.0159,0.0159,0.0157,0.0159,0.0157][0.0832,0.0854,0.0813,0.0779,0.0783][0.0017,0.0013,0.0015,0.0018,0.0018][0.0155,0.0162,0.0160,0.0160,0.0158],3065495552,70196,1239,3065561088
0ac30fcd9,256,65536,21474836480,100,bucket,-1,off,48623,2219,1111,3065561088,.0078,512,2048,[138.7056,137.1540,138.4694,136.9951,141.4805],[0.0333,0.0331,0.0333,0.0325,0.0334][0.1066,0.1076,0.1142,0.1126,0.1058][0.0073,0.0075,0.0077,0.0080,0.0062][0.0237,0.0237,0.0237,0.0230,0.0235],[17896.6452,17813.5181,17511.1865,17699.4454,17732.2713],[0.0282,0.0284,0.0288,0.0285,0.0285][0.0994,0.0978,0.1014,0.1011,0.1006][0.0037,0.0036,0.0016,0.0036,0.0030][0.0225,0.0222,0.0231,0.0226,0.0225],3063218176,70931,2263,3063300096
0ac30fcd9,256,65536,21474836480,100,bucket,-1,off,48623,2219,1111,3063300096,.0078,1024,2048,[170.8682,163.1744,169.9710,167.7973,161.6059],[0.0584,0.0558,0.0571,0.0574,0.0573][0.1357,0.1314,0.1306,0.1352,0.1381][0.0200,0.0116,0.0174,0.0121,0.0156][0.0330,0.0316,0.0327,0.0335,0.0332],[20998.3103,21093.3655,20875.9009,21108.8384,20890.1757],[0.0477,0.0477,0.0482,0.0477,0.0483][0.1237,0.1197,0.1279,0.1273,0.1289][0.0069,0.0028,0.0020,0.0072,0.0072][0.0319,0.0309,0.0314,0.0312,0.0312],3063865344,70766,2283,3063947264
0ac30fcd9,256,65536,21474836480,100,bucket,-1,off,48623,2219,1111,3063947264,.0078,2048,2048,[190.9176,180.6185,193.7065,184.1809,182.3565],[0.1063,0.1083,0.1018,0.1048,0.1045][0.2340,0.2230,0.2258,0.2096,0.2168][0.0224,0.0235,0.0200,0.0216,0.0208][0.0496,0.0495,0.0487,0.0482,0.0482],[23903.8769,23669.6893,23904.1155,23818.8877,23661.2599],[0.0836,0.0841,0.0837,0.0839,0.0849][0.1822,0.1884,0.1874,0.2022,0.2006][0.0145,0.0164,0.0048,0.0082,0.0169][0.0454,0.0449,0.0448,0.0445,0.0440],3063496704,73222,2253,3063578624
0ac30fcd9,256,65536,21474836480,100,bucket,-1,off,59851,2427,1595,371351552,.0078,32,4096,[63.4234,56.1081,58.0775,58.6341,59.3459],[0.0081,0.0086,0.0084,0.0082,0.0082][0.0628,0.0690,0.0676,0.0625,0.0647][0.0037,0.0045,0.0040,0.0039,0.0042][0.0048,0.0062,0.0061,0.0052,0.0049],[7747.3185,7505.6157,7335.6101,7429.7402,7438.5382],[0.0041,0.0042,0.0043,0.0042,0.0042][0.0615,0.0664,0.0677,0.0627,0.0658][0.0009,0.0009,0.0009,0.0009,0.0009][0.0067,0.0076,0.0080,0.0078,0.0079],5977587712,75845,2030,5977677824
0ac30fcd9,256,65536,21474836480,100,bucket,-1,off,59851,2427,1595,5977677824,.0078,64,4096,[69.4201,71.2742,72.3712,68.4349,73.6414],[0.0108,0.0099,0.0093,0.0100,0.0095][0.0764,0.0869,0.0835,0.0865,0.0749][0.0045,0.0045,0.0045,0.0046,0.0046][0.0091,0.0092,0.0079,0.0094,0.0078],[8859.1652,9306.8802,9326.4508,9383.7499,9218.5971],[0.0071,0.0068,0.0068,0.0067,0.0069][0.0758,0.0850,0.0858,0.0879,0.0771][0.0010,0.0010,0.0010,0.0009,0.0010][0.0112,0.0113,0.0115,0.0117,0.0114],5978357760,75964,1855,5978423296
0ac30fcd9,256,65536,21474836480,100,bucket,-1,off,59851,2427,1595,5978423296,.0078,128,4096,[82.4964,84.9961,82.7799,79.8883,81.3358],[0.0131,0.0132,0.0127,0.0132,0.0128][0.1049,0.1042,0.1092,0.1004,0.0986][0.0054,0.0049,0.0050,0.0053,0.0052][0.0140,0.0140,0.0123,0.0135,0.0127],[10916.7983,10626.4723,10681.6105,10752.2813,10792.2489],[0.0116,0.0119,0.0119,0.0118,0.0117][0.1039,0.1046,0.1050,0.1017,0.0995][0.0011,0.0011,0.0011,0.0011,0.0010][0.0171,0.0172,0.0174,0.0173,0.0174],5977866240,75902,1855,5977972736
0ac30fcd9,256,65536,21474836480,100,bucket,-1,off,59851,2427,1595,5977972736,.0078,256,4096,[96.9566,94.2223,94.3072,89.0344,92.5467],[0.0212,0.0233,0.0216,0.0222,0.0224][0.1259,0.1211,0.1606,0.1156,0.1303][0.0056,0.0061,0.0065,0.0068,0.0065][0.0235,0.0250,0.0216,0.0229,0.0235],[12106.2249,11854.9510,11671.8870,11687.6505,11817.8185],[0.0209,0.0214,0.0217,0.0217,0.0214][0.1215,0.1194,0.1516,0.1199,0.1256][0.0019,0.0019,0.0018,0.0021,0.0020][0.0260,0.0258,0.0254,0.0259,0.0257],5977260032,75900,1848,5977382912
0ac30fcd9,256,65536,21474836480,100,bucket,-1,off,59851,2427,1595,5977382912,.0078,512,4096,[110.0682,110.3857,103.0696,105.5928,111.0572],[0.0388,0.0413,0.0434,0.0402,0.0395][0.1398,0.1999,0.1598,0.1423,0.1361][0.0081,0.0087,0.0094,0.0098,0.0090][0.0302,0.0306,0.0325,0.0300,0.0289],[14390.7999,13879.3821,13629.5078,13851.6571,14026.2925],[0.0352,0.0364,0.0371,0.0366,0.0361][0.1283,0.1935,0.1490,0.1257,0.1252][0.0022,0.0041,0.0038,0.0031,0.0043][0.0305,0.0312,0.0317,0.0308,0.0298],5978226688,76942,1826,5978374144
0ac30fcd9,256,65536,21474836480,100,bucket,-1,off,59851,2427,1595,5978374144,.0078,1024,4096,[128.0512,127.3722,125.9965,128.5459,124.8557],[0.0730,0.0697,0.0702,0.0718,0.0700][0.1926,0.1774,0.1847,0.1957,0.1952][0.0126,0.0183,0.0175,0.0142,0.0149][0.0448,0.0421,0.0436,0.0444,0.0444],[16328.6180,16003.0554,16118.9627,16182.6289,15983.3487],[0.0617,0.0631,0.0627,0.0624,0.0632][0.1730,0.1589,0.1824,0.1790,0.1796][0.0044,0.0085,0.0086,0.0072,0.0106][0.0421,0.0418,0.0421,0.0429,0.0434],5975678976,75594,1848,5975818240
0ac30fcd9,256,65536,21474836480,100,bucket,-1,off,59851,2427,1595,5975818240,.0078,2048,4096,[150.4510,149.1394,141.3222,149.9719,141.2420],[0.1321,0.1312,0.1368,0.1299,0.1402][0.2970,0.2732,0.3196,0.2869,0.2845][0.0345,0.0261,0.0293,0.0377,0.0328][0.0639,0.0668,0.0634,0.0652,0.0661],[19118.9608,19162.5062,18633.9628,18828.0587,18609.1551],[0.1052,0.1050,0.1076,0.1061,0.1072][0.2525,0.2502,0.2313,0.2468,0.2438][0.0210,0.0153,0.0171,0.0171,0.0175][0.0582,0.0593,0.0587,0.0599,0.0604],5977743360,76748,1875,5977817088
0ac30fcd9,256,65536,21474836480,100,bucket,-1,off,62895,2663,2442,575062016,.0078,32,8192,[50.0654,50.3647,50.9981,49.9749,54.2065],[0.0102,0.0104,0.0103,0.0106,0.0103][0.0699,0.0745,0.0669,0.0641,0.0710][0.0053,0.0057,0.0055,0.0057,0.0051][0.0069,0.0068,0.0067,0.0062,0.0072],[6656.5985,6460.9042,6580.7430,6440.2585,6692.0811],[0.0047,0.0049,0.0048,0.0049,0.0047][0.0695,0.0731,0.0692,0.0734,0.0733][0.0009,0.0009,0.0010,0.0009,0.0009][0.0082,0.0086,0.0083,0.0083,0.0079],9224970240,84110,3015,9225084928
0ac30fcd9,256,65536,21474836480,100,bucket,-1,off,62895,2663,2442,9225084928,.0078,64,8192,[62.6060,61.4957,64.5910,67.1815,62.1458],[0.0120,0.0129,0.0113,0.0113,0.0125][0.0834,0.0862,0.0820,0.0838,0.0926][0.0059,0.0055,0.0058,0.0057,0.0053][0.0084,0.0092,0.0080,0.0082,0.0085],[8262.6199,7899.0823,8329.2678,8383.2855,7874.6943],[0.0076,0.0080,0.0076,0.0075,0.0080][0.0814,0.0840,0.0797,0.0811,0.0912][0.0010,0.0010,0.0010,0.0010,0.0010][0.0116,0.0117,0.0118,0.0115,0.0118],9341239296,81384,4104,9341444096
0ac30fcd9,256,65536,21474836480,100,bucket,-1,off,62895,2663,2442,9341444096,.0078,128,8192,[73.7111,72.8232,76.1915,69.5407,74.1837],[0.0148,0.0150,0.0150,0.0153,0.0147][0.1102,0.1117,0.1267,0.1051,0.0973][0.0062,0.0063,0.0062,0.0063,0.0067][0.0141,0.0146,0.0140,0.0149,0.0127],[9780.6388,9566.0574,9525.6511,9669.8917,9516.3425],[0.0130,0.0133,0.0133,0.0131,0.0133][0.1126,0.1075,0.1261,0.1442,0.1279][0.0012,0.0013,0.0012,0.0012,0.0013][0.0182,0.0189,0.0185,0.0189,0.0185],9226010624,83280,4105,9226166272
0ac30fcd9,256,65536,21474836480,100,bucket,-1,off,62895,2663,2442,9226166272,.0078,256,8192,[88.2156,86.6291,81.4096,83.6168,82.4351],[0.0260,0.0258,0.0269,0.0247,0.0279][0.1444,0.1421,0.1434,0.1835,0.1733][0.0068,0.0074,0.0075,0.0077,0.0084][0.0266,0.0261,0.0241,0.0245,0.0303],[10862.4428,10516.3962,10164.9700,10487.0733,10196.0023],[0.0233,0.0241,0.0249,0.0242,0.0248][0.1444,0.1358,0.1325,0.1837,0.1720][0.0021,0.0020,0.0025,0.0020,0.0013][0.0281,0.0283,0.0270,0.0287,0.0304],9338675200,83674,4273,9338822656
0ac30fcd9,256,65536,21474836480,100,bucket,-1,off,62895,2663,2442,9338822656,.0078,512,8192,[88.2958,93.6235,91.0286,88.9509,85.6448],[0.0501,0.0503,0.0500,0.0503,0.0498][0.1771,0.1674,0.1917,0.1902,0.2218][0.0107,0.0119,0.0126,0.0102,0.0112][0.0391,0.0391,0.0397,0.0394,0.0406],[11613.6069,11351.8558,11216.2834,11380.5338,11043.7695],[0.0435,0.0446,0.0449,0.0445,0.0459][0.1741,0.1663,0.1893,0.1802,0.2108][0.0052,0.0052,0.0048,0.0042,0.0019][0.0387,0.0390,0.0394,0.0397,0.0419],9340403712,83846,4038,9340551168
0ac30fcd9,256,65536,21474836480,100,bucket,-1,off,62895,2663,2442,9340551168,.0078,1024,8192,[99.4525,100.8430,96.3158,100.3522,100.0818],[0.0896,0.0904,0.0892,0.0965,0.0890][0.2836,0.3728,0.2119,0.2552,0.2442][0.0209,0.0241,0.0214,0.0206,0.0155][0.0580,0.0619,0.0559,0.0628,0.0592],[13080.0386,12917.8964,12796.0185,12521.0776,12787.4673],[0.0773,0.0783,0.0791,0.0807,0.0791][0.2081,0.3729,0.2071,0.2405,0.2172][0.0111,0.0071,0.0102,0.0104,0.0113][0.0565,0.0601,0.0546,0.0600,0.0585],9340100608,84037,3348,9340272640
0ac30fcd9,256,65536,21474836480,100,bucket,-1,off,62895,2663,2442,9340272640,.0078,2048,8192,[108.8890,107.8191,119.0353,111.6629,104.9048],[0.1687,0.1660,0.1642,0.1662,0.1659][0.4051,0.3947,0.3718,0.3607,0.4455][0.0341,0.0373,0.0371,0.0363,0.0411][0.0821,0.0854,0.0804,0.0778,0.0932],[14243.4697,14141.3720,14384.8532,14461.8459,13795.9779],[0.1403,0.1425,0.1397,0.1395,0.1464][0.3074,0.3231,0.2672,0.3382,0.3980][0.0181,0.0214,0.0202,0.0231,0.0184][0.0753,0.0791,0.0753,0.0753,0.0843],9225428992,83556,2936,9225658368
0ac30fcd9,256,65536,21474836480,100,bucket,-1,off,67953,3233,4123,1139122176,.0078,32,16384,[39.0916,38.4341,41.6494,41.0876,41.5249],[0.0128,0.0132,0.0133,0.0126,0.0130][0.0943,0.1046,0.0985,0.0835,0.0811][0.0068,0.0068,0.0066,0.0072,0.0075][0.0079,0.0095,0.0084,0.0070,0.0070],[4975.8580,4917.5958,5203.8591,5340.3845,5330.3862],[0.0063,0.0064,0.0060,0.0059,0.0059][0.1561,0.1423,0.1433,0.1010,0.1187][0.0010,0.0010,0.0010,0.0010,0.0010][0.0130,0.0132,0.0114,0.0110,0.0109],18219065344,146603,6217,18219204608
0ac30fcd9,256,65536,21474836480,100,bucket,-1,off,67953,3233,4123,18219204608,.0078,64,16384,[47.2037,47.7175,48.6517,47.0952,46.6074],[0.0153,0.0148,0.0158,0.0159,0.0154][0.1158,0.1230,0.1299,0.1362,0.1304][0.0074,0.0075,0.0079,0.0079,0.0082][0.0130,0.0116,0.0147,0.0147,0.0128],[6263.4307,6109.3233,5935.5582,6153.6928,6061.8374],[0.0101,0.0104,0.0106,0.0103,0.0104][0.1443,0.1392,0.1440,0.1433,0.1423][0.0011,0.0010,0.0011,0.0011,0.0011][0.0187,0.0191,0.0200,0.0191,0.0190],18321620992,143202,5836,18321694720
0ac30fcd9,256,65536,21474836480,100,bucket,-1,off,67953,3233,4123,18321694720,.0078,128,16384,[54.8102,53.6581,49.4415,52.4212,52.4994],[0.0220,0.0231,0.0236,0.0233,0.0231][0.1658,0.1664,0.1656,0.2401,0.2326][0.0083,0.0095,0.0089,0.0088,0.0096][0.0235,0.0259,0.0253,0.0268,0.0280],[7021.9377,6869.9107,6686.3581,6849.5693,6938.0749],[0.0180,0.0184,0.0190,0.0185,0.0183][0.1583,0.1646,0.1739,0.2389,0.2290][0.0016,0.0015,0.0016,0.0014,0.0015][0.0295,0.0299,0.0299,0.0317,0.0314],18323496960,153082,6155,18323537920
0ac30fcd9,256,65536,21474836480,100,bucket,-1,off,67953,3233,4123,18323537920,.0078,256,16384,[58.6372,59.0394,56.9345,56.8149,46.5007],[0.0369,0.0372,0.0382,0.0376,0.0411][0.1937,0.1984,0.2064,0.2542,0.7455][0.0119,0.0100,0.0114,0.0113,0.0119][0.0382,0.0373,0.0414,0.0394,0.0595],[7536.6635,7461.7793,7223.6378,7259.8576,6071.8858],[0.0336,0.0340,0.0350,0.0349,0.0418][0.3900,0.1944,0.2027,0.2478,0.7430][0.0022,0.0033,0.0031,0.0024,0.0013][0.0434,0.0421,0.0458,0.0453,0.0812],18291957760,157883,5752,18292424704
0ac30fcd9,256,65536,21474836480,100,bucket,-1,off,67953,3233,4123,18292424704,.0078,512,16384,[62.1933,62.6768,60.5240,61.9793,58.7709],[0.0681,0.0714,0.0694,0.0691,0.0696][0.2669,0.2385,0.2900,0.2750,0.4107][0.0154,0.0163,0.0168,0.0143,0.0147][0.0597,0.0622,0.0625,0.0630,0.0649],[7972.8782,7931.3614,7897.6665,7783.2493,7782.3504],[0.0636,0.0639,0.0642,0.0651,0.0652][0.2554,0.2214,0.2325,0.2665,0.3953][0.0066,0.0063,0.0062,0.0029,0.0050][0.0631,0.0625,0.0643,0.0668,0.0676],18219753472,153791,5378,18219991040
0ac30fcd9,256,65536,21474836480,100,bucket,-1,off,67953,3233,4123,18219991040,.0078,1024,16384,[69.8703,70.3968,61.4725,71.0134,67.3146],[0.1239,0.1288,0.1390,0.1293,0.1354][0.3737,0.3442,0.4709,0.5147,0.5544][0.0316,0.0321,0.0294,0.0252,0.0285][0.0886,0.0884,0.1057,0.0934,0.1044],[9027.1161,8739.5133,8200.3169,8860.7460,8388.7516],[0.1120,0.1158,0.1235,0.1142,0.1207][0.3520,0.3285,0.4403,0.5020,0.5181][0.0180,0.0096,0.0044,0.0162,0.0026][0.0869,0.0862,0.1026,0.0926,0.1007],18319466496,159966,5886,18319548416
0ac30fcd9,256,65536,21474836480,100,bucket,-1,off,67953,3233,4123,18319548416,.0078,2048,16384,[75.3718,73.8539,68.7710,68.2691,72.0812],[0.2392,0.2570,0.2542,0.2632,0.2669][0.5890,0.5123,0.5821,0.7279,0.5785][0.0488,0.0496,0.0476,0.0592,0.0538][0.1146,0.1096,0.1278,0.1273,0.1188],[9705.0474,9535.6738,8662.9895,8790.7445,9004.8441],[0.2082,0.2086,0.2320,0.2301,0.2246][0.4703,0.4289,0.5396,0.4882,0.5095][0.0029,0.0031,0.0314,0.0344,0.0033][0.1092,0.1048,0.1218,0.1147,0.1166],18319392768,165742,6909,18319581184
0ac30fcd9,256,65536,21474836480,100,bucket_keys,-1,off,35543,1565,420,41861120,.0078,32,256,[98.2865,99.5001,98.5493,94.2296,97.8907],[0.0057,0.0054,0.0053,0.0058,0.0054][0.0203,0.0181,0.0160,0.0247,0.0162][0.0027,0.0024,0.0026,0.0026,0.0025][0.0021,0.0018,0.0017,0.0019,0.0018],[12126.3827,12640.5575,12733.3523,12223.2419,12631.7034],[0.0026,0.0025,0.0025,0.0026,0.0025][0.0200,0.0199,0.0166,0.0243,0.0195][0.0005,0.0005,0.0005,0.0004,0.0004][0.0022,0.0021,0.0020,0.0022,0.0020],433577984,16488,609,433577984
0ac30fcd9,256,65536,21474836480,100,bucket_keys,-1,off,35543,1565,420,433577984,.0078,64,256,[135.0056,124.4239,131.2917,125.3056,125.5656],[0.0056,0.0062,0.0061,0.0061,0.0063][0.0184,0.0245,0.0239,0.0257,0.0238][0.0028,0.0028,0.0026,0.0028,0.0027][0.0020,0.0024,0.0025,0.0025,0.0025],[16986.6853,16487.4012,16259.6018,16705.4370,16139.1709],[0.0037,0.0038,0.0039,0.0038,0.0039][0.0229,0.0243,0.0261,0.0240,0.0238][0.0005,0.0005,0.0005,0.0005,0.0005][0.0028,0.0029,0.0030,0.0030,0.0031],454549504,16990,559,454549504
0ac30fcd9,256,65536,21474836480,100,bucket_keys,-1,off,35543,1565,420,454549504,.0078,128,256,[159.8610,159.4962,168.0055,162.6568,158.2545],[0.0078,0.0074,0.0073,0.0074,0.0077][0.0296,0.0293,0.0308,0.0283,0.0333][0.0030,0.0031,0.0031,0.0031,0.0030][0.0041,0.0035,0.0039,0.0035,0.0039],[20295.6691,20513.7755,20806.1130,20570.4057,20487.6134],[0.0062,0.0062,0.0061,0.0062,0.0062][0.0283,0.0299,0.0311,0.0292,0.0295][0.0007,0.0007,0.0007,0.0006,0.0007][0.0040,0.0041,0.0040,0.0040,0.0041],445431808,16413,1452,445440000
0ac30fcd9,256,65536,21474836480,100,bucket_keys,-1,off,35543,1565,420,445440000,.0078,256,256,[184.0192,183.9705,185.8436,182.0022,186.8857],[0.0120,0.0118,0.0124,0.0123,0.0120][0.0375,0.0418,0.0434,0.0425,0.0422][0.0040,0.0038,0.0037,0.0032,0.0032][0.0059,0.0060,0.0063,0.0061,0.0062],[24301.6557,23974.5546,23592.9985,22928.1259,24114.1549],[0.0104,0.0106,0.0107,0.0110,0.0105][0.0361,0.0357,0.0381,0.0389,0.0348][0.0014,0.0009,0.0014,0.0010,0.0011][0.0054,0.0056,0.0056,0.0056,0.0054],432709632,15951,1455,432726016
0ac30fcd9,256,65536,21474836480,100,bucket_keys,-1,off,35543,1565,420,432726016,.0078,512,256,[224.5388,220.5879,222.8442,215.2954,211.6488],[0.0227,0.0226,0.0229,0.0229,0.0234][0.0522,0.0556,0.0603,0.0575,0.0573][0.0055,0.0053,0.0064,0.0060,0.0053][0.0091,0.0094,0.0095,0.0099,0.0099],[27613.3747,27349.4275,27149.6675,27225.9507,27380.0007],[0.0183,0.0184,0.0186,0.0185,0.0184][0.0466,0.0502,0.0499,0.0558,0.0509][0.0026,0.0029,0.0027,0.0025,0.0025][0.0078,0.0079,0.0078,0.0082,0.0080],432111616,15768,1536,432111616
0ac30fcd9,256,65536,21474836480,100,bucket_keys,-1,off,35543,1565,420,432111616,.0078,1024,256,[268.6162,258.5292,249.9426,265.7652,260.0765],[0.0385,0.0397,0.0397,0.0381,0.0407][0.0825,0.0787,0.0787,0.0821,0.0777][0.0091,0.0132,0.0116,0.0113,0.0153][0.0135,0.0132,0.0133,0.0133,0.0130],[33257.9181,32686.4285,32457.5317,33195.8057,32631.1955],[0.0302,0.0307,0.0309,0.0302,0.0307][0.0659,0.0704,0.0781,0.0724,0.0692][0.0044,0.0032,0.0057,0.0063,0.0029][0.0110,0.0109,0.0111,0.0110,0.0109],432267264,15879,559,432267264
0ac30fcd9,256,65536,21474836480,100,bucket_keys,-1,off,35543,1565,420,432267264,.0078,2048,256,[319.3802,291.7780,306.2059,313.8213,308.8672],[0.0677,0.0664,0.0663,0.0654,0.0650][0.1260,0.1240,0.1311,0.1135,0.1248][0.0191,0.0137,0.0241,0.0233,0.0198][0.0198,0.0214,0.0199,0.0192,0.0196],[39307.8936,39507.3398,39303.2898,39431.5999,39545.5876],[0.0508,0.0507,0.0510,0.0508,0.0505][0.1017,0.1026,0.0978,0.0995,0.1037][0.0079,0.0133,0.0090,0.0096,0.0120][0.0158,0.0163,0.0153,0.0158,0.0139],431849472,15505,562,431849472
0ac30fcd9,256,65536,21474836480,100,bucket_keys,-1,off,36818,1446,462,63324160,.0078,32,512,[90.2226,94.8216,88.0478,93.4328,96.8417],[0.0058,0.0055,0.0059,0.0055,0.0056][0.0213,0.0245,0.0240,0.0191,0.0242][0.0027,0.0027,0.0027,0.0027,0.0026][0.0020,0.0019,0.0022,0.0019,0.0021],[11812.4849,11992.0401,11714.5707,12072.2624,11985.6890],[0.0027,0.0026,0.0027,0.0026,0.0026][0.0225,0.0244,0.0269,0.0226,0.0239][0.0005,0.0005,0.0005,0.0005,0.0005][0.0023,0.0023,0.0025,0.0023,0.0023],736665600,6603,1438,736665600
0ac30fcd9,256,65536,21474836480,100,bucket_keys,-1,off,36818,1446,462,736665600,.0078,64,512,[125.1615,122.6263,127.5453,131.6386,127.9739],[0.0061,0.0062,0.0060,0.0061,0.0060][0.0248,0.0290,0.0328,0.0316,0.0248][0.0029,0.0028,0.0029,0.0028,0.0026][0.0027,0.0031,0.0025,0.0028,0.0026],[16408.5453,16515.8182,16172.1050,15747.4112,16491.8578],[0.0038,0.0038,0.0039,0.0040,0.0038][0.0297,0.0265,0.0330,0.0321,0.0248][0.0005,0.0005,0.0005,0.0005,0.0005][0.0032,0.0033,0.0032,0.0033,0.0031],1131847680,4455,2374,1131847680
0ac30fcd9,256,65536,21474836480,100,bucket_keys,-1,off,36818,1446,462,1131847680,.0078,128,512,[152.6177,152.3753,150.8050,149.0397,149.8283],[0.0080,0.0080,0.0079,0.0082,0.0081][0.0360,0.0333,0.0359,0.0348,0.0357][0.0034,0.0032,0.0029,0.0031,0.0029][0.0043,0.0044,0.0045,0.0045,0.0045],[19019.4611,19572.2375,19433.5237,19131.2065,19033.8933],[0.0067,0.0065,0.0065,0.0066,0.0066][0.0354,0.0321,0.0330,0.0362,0.0353][0.0007,0.0007,0.0007,0.0007,0.0006][0.0049,0.0048,0.0049,0.0049,0.0050],1619755008,1007,3858,1619755008
0ac30fcd9,256,65536,21474836480,100,bucket_keys,-1,off,36818,1446,462,1619755008,.0078,256,512,[178.1059,167.5621,178.6269,178.2359,173.9627],[0.0127,0.0128,0.0130,0.0127,0.0125][0.0475,0.0478,0.0495,0.0421,0.0462][0.0037,0.0033,0.0035,0.0035,0.0036][0.0069,0.0073,0.0074,0.0070,0.0067],[22153.2562,22128.1136,22360.0893,22598.1254,22491.5112],[0.0114,0.0114,0.0113,0.0112,0.0113][0.0417,0.0440,0.0466,0.0422,0.0404][0.0014,0.0010,0.0013,0.0009,0.0014][0.0066,0.0068,0.0068,0.0065,0.0065],2266030080,15480,3798,2266030080
0ac30fcd9,256,65536,21474836480,100,bucket_keys,-1,off,36818,1446,462,2266030080,.0078,512,512,[197.7677,196.2109,195.7253,196.1389,195.8091],[0.0243,0.0241,0.0239,0.0241,0.0243][0.0626,0.0618,0.0665,0.0617,0.0622][0.0071,0.0056,0.0071,0.0062,0.0061][0.0109,0.0107,0.0109,0.0106,0.0103],[25219.3329,25316.9182,25072.3861,25918.4614,25050.6507],[0.0200,0.0199,0.0201,0.0195,0.0201][0.0537,0.0506,0.0885,0.0545,0.0517][0.0020,0.0018,0.0033,0.0028,0.0025][0.0092,0.0088,0.0097,0.0087,0.0088],2266038272,66217,2285,2266161152
0ac30fcd9,256,65536,21474836480,100,bucket_keys,-1,off,36818,1446,462,2266161152,.0078,1024,512,[256.3718,240.3007,239.7493,236.7959,243.5947],[0.0410,0.0419,0.0420,0.0419,0.0417][0.0842,0.0873,0.0851,0.0872,0.0887][0.0108,0.0106,0.0102,0.0126,0.0140][0.0154,0.0148,0.0151,0.0152,0.0144],[31116.9897,30401.3955,30907.3754,30174.6058,30524.0697],[0.0323,0.0331,0.0325,0.0332,0.0328][0.0714,0.0740,0.0723,0.0762,0.0721][0.0057,0.0055,0.0031,0.0062,0.0071][0.0126,0.0122,0.0123,0.0129,0.0122],887062528,2997,1870,887062528
0ac30fcd9,256,65536,21474836480,100,bucket_keys,-1,off,36818,1446,462,887062528,.0078,2048,512,[280.6021,281.9410,289.7250,300.7016,286.5481],[0.0675,0.0674,0.0676,0.0685,0.0694][0.1305,0.1270,0.1316,0.1243,0.1261][0.0167,0.0223,0.0182,0.0190,0.0279][0.0221,0.0212,0.0227,0.0214,0.0206],[37614.2801,37288.6036,37388.7566,36937.5220,36881.0691],[0.0532,0.0538,0.0536,0.0542,0.0544][0.1007,0.1001,0.1084,0.1048,0.1051][0.0113,0.0107,0.0124,0.0034,0.0146][0.0188,0.0164,0.0180,0.0172,0.0177],1447149568,33610,1857,1447231488
0ac30fcd9,256,65536,21474836480,100,bucket_keys,-1,off,40277,1526,537,93315072,.0078,32,1024,[89.8920,86.8349,85.2596,91.6157,88.7060],[0.0058,0.0057,0.0058,0.0058,0.0058][0.0301,0.0282,0.0273,0.0286,0.0337][0.0028,0.0030,0.0028,0.0026,0.0027][0.0024,0.0021,0.0020,0.0022,0.0026],[11167.6879,11331.2651,11275.0817,11149.5328,11401.6771],[0.0028,0.0028,0.0028,0.0028,0.0028][0.0305,0.0317,0.0280,0.0285,0.0338][0.0005,0.0005,0.0005,0.0005,0.0005][0.0028,0.0027,0.0028,0.0028,0.0028],1307279360,17679,898,1307279360
0ac30fcd9,256,65536,21474836480,100,bucket_keys,-1,off,40277,1526,537,1307279360,.0078,64,1024,[120.8214,118.7278,120.9408,117.6854,121.1635],[0.0064,0.0065,0.0063,0.0064,0.0063][0.0368,0.0349,0.0288,0.0338,0.0298][0.0030,0.0030,0.0030,0.0029,0.0029][0.0029,0.0031,0.0029,0.0029,0.0030],[15349.1847,15380.8622,15344.4982,15469.6713,15685.8133],[0.0041,0.0041,0.0041,0.0041,0.0040][0.0366,0.0352,0.0293,0.0327,0.0283][0.0005,0.0005,0.0005,0.0005,0.0005][0.0036,0.0036,0.0035,0.0036,0.0035],1325539328,17629,696,1325588480
0ac30fcd9,256,65536,21474836480,100,bucket_keys,-1,off,40277,1526,537,1325588480,.0078,128,1024,[148.1366,145.5770,148.6568,142.3130,145.6260],[0.0082,0.0084,0.0084,0.0082,0.0082][0.0345,0.0347,0.0355,0.0364,0.0388][0.0033,0.0032,0.0034,0.0034,0.0033][0.0045,0.0045,0.0051,0.0045,0.0046],[18722.3238,18649.9397,18703.8259,19023.6704,18741.6921],[0.0068,0.0068,0.0068,0.0067,0.0067][0.0355,0.0363,0.0361,0.0373,0.0349][0.0008,0.0007,0.0008,0.0007,0.0008][0.0051,0.0050,0.0051,0.0050,0.0051],1307467776,17206,793,1307557888
0ac30fcd9,256,65536,21474836480,100,bucket_keys,-1,off,40277,1526,537,1307557888,.0078,256,1024,[164.6138,163.9649,166.3366,162.7560,168.6078],[0.0134,0.0129,0.0132,0.0132,0.0140][0.0497,0.0477,0.0437,0.0489,0.0579][0.0043,0.0043,0.0036,0.0041,0.0038][0.0079,0.0068,0.0074,0.0075,0.0085],[21826.6694,21711.8482,21618.2317,21800.3023,20932.6458],[0.0116,0.0116,0.0117,0.0116,0.0121][0.0433,0.0443,0.0450,0.0424,0.0480][0.0016,0.0016,0.0015,0.0016,0.0016][0.0071,0.0068,0.0069,0.0069,0.0076],1306165248,16941,830,1306165248
0ac30fcd9,256,65536,21474836480,100,bucket_keys,-1,off,40277,1526,537,1306165248,.0078,512,1024,[192.2143,197.7268,182.0431,188.9038,180.2518],[0.0254,0.0251,0.0258,0.0254,0.0245][0.0639,0.0623,0.0687,0.0632,0.0664][0.0060,0.0057,0.0060,0.0063,0.0068][0.0114,0.0111,0.0111,0.0117,0.0116],[24639.1013,24332.1703,23518.7306,24045.7059,24308.8978],[0.0205,0.0207,0.0215,0.0210,0.0208][0.0569,0.0563,0.0631,0.0557,0.0618][0.0029,0.0035,0.0029,0.0026,0.0029][0.0095,0.0096,0.0097,0.0101,0.0101],1354842112,17752,823,1354842112
0ac30fcd9,256,65536,21474836480,100,bucket_keys,-1,off,40277,1526,537,1354842112,.0078,1024,1024,[234.2204,229.8640,233.8667,225.0519,225.8627],[0.0415,0.0425,0.0425,0.0432,0.0443][0.0852,0.0891,0.0913,0.0892,0.0993][0.0110,0.0139,0.0131,0.0146,0.0147][0.0156,0.0149,0.0159,0.0157,0.0175],[30315.2399,29576.2091,29287.6576,29224.2393,28468.0461],[0.0331,0.0340,0.0343,0.0343,0.0352][0.0771,0.0741,0.0749,0.0771,0.0862][0.0023,0.0008,0.0071,0.0057,0.0014][0.0135,0.0126,0.0137,0.0131,0.0146],1346035712,17743,839,1346035712
0ac30fcd9,256,65536,21474836480,100,bucket_keys,-1,off,40277,1526,537,1346035712,.0078,2048,1024,[269.4928,268.2066,265.3598,266.7007,259.1699],[0.0745,0.0757,0.0754,0.0712,0.0737][0.1388,0.1525,0.1426,0.1356,0.1331][0.0278,0.0300,0.0242,0.0211,0.0280][0.0249,0.0250,0.0239,0.0236,0.0243],[34326.5453,33707.5885,34170.5207,34530.8910,33982.6431],[0.0583,0.0594,0.0586,0.0581,0.0589][0.1218,0.1261,0.1172,0.1219,0.1205][0.0099,0.0138,0.0057,0.0135,0.0132][0.0225,0.0205,0.0199,0.0208,0.0206],1356529664,18369,796,1356611584
0ac30fcd9,256,65536,21474836480,100,bucket_keys,-1,off,48377,1703,1107,190365696,.0078,32,2048,[74.9004,71.7716,73.8954,72.9366,75.6578],[0.0068,0.0073,0.0077,0.0075,0.0070][0.0351,0.0436,0.0387,0.0416,0.0363][0.0036,0.0037,0.0035,0.0039,0.0035][0.0028,0.0031,0.0041,0.0033,0.0032],[9825.9852,9334.7047,9168.7948,9374.8077,9807.7586],[0.0032,0.0034,0.0034,0.0034,0.0032][0.0387,0.0427,0.0382,0.0405,0.0356][0.0005,0.0005,0.0005,0.0005,0.0005][0.0039,0.0042,0.0044,0.0042,0.0039],3065577472,24614,3484,3065683968
0ac30fcd9,256,65536,21474836480,100,bucket_keys,-1,off,48377,1703,1107,3065683968,.0078,64,2048,[95.5019,96.7434,97.9556,96.1830,96.9977],[0.0079,0.0083,0.0082,0.0080,0.0080][0.0477,0.0465,0.0464,0.0430,0.0466][0.0037,0.0037,0.0036,0.0034,0.0036][0.0046,0.0046,0.0041,0.0045,0.0047],[12511.8776,12064.4858,11884.3111,12517.9112,12582.3547],[0.0051,0.0052,0.0053,0.0050,0.0050][0.0434,0.0464,0.0410,0.0429,0.0463][0.0005,0.0005,0.0005,0.0005,0.0005][0.0058,0.0058,0.0056,0.0057,0.0057],3313655808,24980,3550,3313737728
0ac30fcd9,256,65536,21474836480,100,bucket_keys,-1,off,48377,1703,1107,3313737728,.0078,128,2048,[117.5888,116.4581,118.8972,116.5192,116.6743],[0.0104,0.0100,0.0104,0.0101,0.0099][0.0563,0.0581,0.0528,0.0583,0.0516][0.0043,0.0042,0.0040,0.0041,0.0040][0.0078,0.0073,0.0071,0.0073,0.0064],[15333.9835,15066.8270,14714.9622,15025.2983,15124.5602],[0.0083,0.0084,0.0086,0.0084,0.0084][0.0558,0.0712,0.0528,0.0519,0.0509][0.0008,0.0008,0.0009,0.0009,0.0009][0.0085,0.0087,0.0083,0.0083,0.0082],3375718400,24144,2804,3375767552
0ac30fcd9,256,65536,21474836480,100,bucket_keys,-1,off,48377,1703,1107,3375767552,.0078,256,2048,[128.4488,131.8618,134.2887,134.6491,132.5483],[0.0156,0.0169,0.0165,0.0173,0.0162][0.0734,0.0718,0.0670,0.0706,0.0658][0.0046,0.0046,0.0041,0.0048,0.0049][0.0112,0.0126,0.0120,0.0119,0.0118],[17612.3203,16992.3667,17293.9575,16519.1270,17170.7528],[0.0144,0.0149,0.0146,0.0153,0.0147][0.0717,0.0687,0.0648,0.0657,0.0665][0.0017,0.0018,0.0016,0.0018,0.0018][0.0123,0.0124,0.0120,0.0118,0.0122],3458662400,25360,4008,3458752512
0ac30fcd9,256,65536,21474836480,100,bucket_keys,-1,off,48377,1703,1107,3458752512,.0078,512,2048,[146.8714,151.3653,153.4455,153.4546,154.5799],[0.0320,0.0298,0.0297,0.0299,0.0297][0.0912,0.1060,0.0895,0.0914,0.1009][0.0073,0.0065,0.0076,0.0070,0.0059][0.0171,0.0187,0.0173,0.0187,0.0179],[18561.3492,19265.2280,19454.5473,19594.6099,20023.8386],[0.0272,0.0262,0.0260,0.0258,0.0252][0.0825,0.1109,0.0826,0.0846,0.0875][0.0035,0.0034,0.0038,0.0034,0.0036][0.0165,0.0175,0.0171,0.0179,0.0175],3518922752,25132,3118,3518996480
0ac30fcd9,256,65536,21474836480,100,bucket_keys,-1,off,48377,1703,1107,3518996480,.0078,1024,2048,[190.4679,175.3478,169.4700,178.2129,184.0694],[0.0532,0.0526,0.0525,0.0529,0.0517][0.1260,0.1195,0.1518,0.1244,0.1162][0.0104,0.0140,0.0160,0.0111,0.0110][0.0275,0.0276,0.0277,0.0272,0.0256],[23420.6811,23231.2639,22274.3228,23143.8397,23288.4582],[0.0430,0.0433,0.0452,0.0435,0.0432][0.1019,0.1170,0.1281,0.1119,0.1035][0.0065,0.0047,0.0033,0.0077,0.0077][0.0245,0.0254,0.0266,0.0247,0.0238],3551313920,25437,2388,3551313920
0ac30fcd9,256,65536,21474836480,100,bucket_keys,-1,off,48377,1703,1107,3551313920,.0078,2048,2048,[211.9421,209.1718,200.8922,214.2455,210.4853],[0.0890,0.0900,0.0906,0.0928,0.0929][0.1841,0.1747,0.1894,0.1985,0.2030][0.0282,0.0199,0.0289,0.0288,0.0188][0.0391,0.0368,0.0382,0.0368,0.0376],[27301.0138,27300.9818,26934.1947,27596.8815,26625.8572],[0.0736,0.0733,0.0738,0.0726,0.0752][0.1642,0.1603,0.1557,0.1725,0.2183][0.0112,0.0150,0.0080,0.0094,0.0134][0.0366,0.0332,0.0348,0.0328,0.0344],3362766848,25256,2488,3362799616
0ac30fcd9,256,65536,21474836480,100,bucket_keys,-1,off,59350,1877,1573,371417088,.0078,32,4096,[65.6435,62.6131,64.8586,65.0853,67.2968],[0.0080,0.0080,0.0083,0.0083,0.0078][0.0565,0.0476,0.0501,0.0513,0.0459][0.0042,0.0043,0.0039,0.0043,0.0041][0.0039,0.0035,0.0047,0.0045,0.0038],[8307.2376,8106.0747,8234.3635,8349.2923,8397.6901],[0.0038,0.0039,0.0038,0.0038,0.0037][0.0539,0.0475,0.0538,0.0499,0.0445][0.0009,0.0009,0.0009,0.0009,0.0009][0.0053,0.0058,0.0056,0.0054,0.0053],5977530368,27675,3401,5977620480
0ac30fcd9,256,65536,21474836480,100,bucket_keys,-1,off,59350,1877,1573,5977620480,.0078,64,4096,[82.2308,79.8732,80.6726,81.2146,77.2520],[0.0093,0.0093,0.0093,0.0096,0.0104][0.0571,0.0570,0.0527,0.0646,0.0615][0.0048,0.0047,0.0047,0.0046,0.0049][0.0063,0.0059,0.0060,0.0067,0.0062],[10514.4676,10619.7772,10597.2584,10493.4514,9814.0762],[0.0060,0.0060,0.0060,0.0060,0.0064][0.0554,0.0566,0.0537,0.0639,0.0603][0.0009,0.0010,0.0010,0.0010,0.0010][0.0078,0.0078,0.0077,0.0079,0.0078],6339731456,27714,4006,6339805184
0ac30fcd9,256,65536,21474836480,100,bucket_keys,-1,off,59350,1877,1573,6339805184,.0078,128,4096,[95.7733,99.0992,99.0720,97.4777,96.2138],[0.0121,0.0121,0.0121,0.0122,0.0126][0.0705,0.0707,0.1533,0.0901,0.0730][0.0051,0.0050,0.0052,0.0050,0.0052][0.0095,0.0091,0.0094,0.0087,0.0098],[12564.0949,12524.8763,12323.4281,12272.6088,12472.2104],[0.0101,0.0101,0.0103,0.0103,0.0102][0.0678,0.0673,0.1539,0.0887,0.0679][0.0011,0.0010,0.0011,0.0011,0.0011][0.0114,0.0112,0.0118,0.0115,0.0112],6557409280,28290,4446,6557540352
0ac30fcd9,256,65536,21474836480,100,bucket_keys,-1,off,59350,1877,1573,6557540352,.0078,256,4096,[109.5509,108.0909,106.6102,110.7988,109.5486],[0.0200,0.0195,0.0214,0.0200,0.0200][0.0925,0.0848,0.0902,0.0878,0.0893][0.0064,0.0062,0.0063,0.0062,0.0065][0.0158,0.0152,0.0153,0.0155,0.0158],[13678.8415,14208.2097,13169.3195,13967.4601,13756.9630],[0.0185,0.0178,0.0192,0.0181,0.0184][0.1664,0.0886,0.0824,0.0802,0.0910][0.0018,0.0015,0.0021,0.0021,0.0018][0.0179,0.0168,0.0163,0.0164,0.0171],6715785216,28783,4812,6715908096
0ac30fcd9,256,65536,21474836480,100,bucket_keys,-1,off,59350,1877,1573,6715908096,.0078,512,4096,[126.7847,119.8701,123.5774,117.2923,124.5897],[0.0360,0.0368,0.0371,0.0362,0.0362][0.1209,0.1162,0.1117,0.1158,0.1153][0.0090,0.0095,0.0084,0.0085,0.0086][0.0249,0.0244,0.0245,0.0236,0.0243],[15839.8272,15682.4862,15738.3036,15520.5072,15605.2331],[0.0319,0.0322,0.0321,0.0326,0.0324][0.1067,0.1111,0.1034,0.1183,0.1069][0.0031,0.0044,0.0041,0.0034,0.0046][0.0250,0.0246,0.0240,0.0241,0.0249],6893805568,29852,6712,6893887488
0ac30fcd9,256,65536,21474836480,100,bucket_keys,-1,off,59350,1877,1573,6893887488,.0078,1024,4096,[139.6748,139.6476,125.0307,137.4015,134.6884],[0.0644,0.0678,0.0679,0.0698,0.0668][0.1656,0.1756,0.1807,0.1592,0.1708][0.0152,0.0169,0.0141,0.0156,0.0154][0.0368,0.0384,0.0374,0.0384,0.0382],[18044.0151,17772.1934,17142.8182,17352.5039,17354.7212],[0.0559,0.0567,0.0588,0.0581,0.0579][0.1498,0.1537,0.1594,0.1442,0.1639][0.0076,0.0094,0.0093,0.0095,0.0095][0.0356,0.0357,0.0366,0.0363,0.0368],7206060032,31196,4959,7206166528
0ac30fcd9,256,65536,21474836480,100,bucket_keys,-1,off,59350,1877,1573,7206166528,.0078,2048,4096,[163.6865,163.9406,169.1131,156.1114,163.1352],[0.1200,0.1173,0.1186,0.1208,0.1170][0.2654,0.2780,0.2814,0.2931,0.2749][0.0318,0.0206,0.0307,0.0336,0.0320][0.0541,0.0556,0.0548,0.0555,0.0556],[21031.7634,20372.9413,20935.9201,20499.3689,20597.8590],[0.0957,0.0983,0.0961,0.0980,0.0977][0.2290,0.2336,0.2346,0.2062,0.2097][0.0139,0.0053,0.0151,0.0224,0.0194][0.0497,0.0505,0.0498,0.0490,0.0488],6691233792,27584,7825,6691332096
0ac30fcd9,256,65536,21474836480,100,bucket_keys,-1,off,62058,2137,2485,575397888,.0078,32,8192,[52.4252,53.5011,53.0202,53.0545,52.8586],[0.0099,0.0101,0.0097,0.0099,0.0099][0.0686,0.0607,0.0619,0.0680,0.0599][0.0051,0.0053,0.0048,0.0052,0.0051][0.0056,0.0062,0.0052,0.0059,0.0053],[6836.5547,6634.1235,6757.5421,6832.6120,6929.7650],[0.0046,0.0047,0.0047,0.0046,0.0045][0.0729,0.0617,0.0628,0.0646,0.1001][0.0009,0.0009,0.0009,0.0009,0.0009][0.0076,0.0078,0.0077,0.0076,0.0073],9224470528,36955,7362,9224577024
0ac30fcd9,256,65536,21474836480,100,bucket_keys,-1,off,62058,2137,2485,9224577024,.0078,64,8192,[69.3544,68.9574,69.2210,65.0821,65.0302],[0.0109,0.0113,0.0110,0.0113,0.0112][0.0831,0.0742,0.0791,0.0728,0.0764][0.0055,0.0050,0.0055,0.0051,0.0061][0.0073,0.0080,0.0072,0.0082,0.0082],[8793.7931,8604.8895,8540.2679,8583.6308,8525.4444],[0.0072,0.0073,0.0074,0.0074,0.0074][0.0818,0.0727,0.0776,0.0949,0.0785][0.0010,0.0010,0.0010,0.0010,0.0010][0.0106,0.0107,0.0110,0.0110,0.0115],10511163392,38711,7714,10511212544
0ac30fcd9,256,65536,21474836480,100,bucket_keys,-1,off,62058,2137,2485,10511212544,.0078,128,8192,[81.6366,79.2773,76.4677,76.0767,77.4177],[0.0139,0.0150,0.0149,0.0149,0.0150][0.0942,0.0971,0.1183,0.1002,0.0992][0.0060,0.0062,0.0063,0.0065,0.0066][0.0109,0.0133,0.0124,0.0126,0.0128],[10040.4701,9886.3106,9739.5604,9797.4922,9860.4571],[0.0126,0.0128,0.0130,0.0129,0.0128][0.0955,0.1090,0.1173,0.1282,0.0891][0.0012,0.0013,0.0011,0.0011,0.0012][0.0164,0.0168,0.0169,0.0171,0.0164],10525040640,39208,8872,10525130752
0ac30fcd9,256,65536,21474836480,100,bucket_keys,-1,off,62058,2137,2485,10525130752,.0078,256,8192,[83.0884,82.8450,86.2299,80.4764,79.6377],[0.0246,0.0256,0.0234,0.0259,0.0275][0.1534,0.1368,0.1321,0.1496,0.1612][0.0072,0.0085,0.0081,0.0081,0.0084][0.0220,0.0233,0.0206,0.0253,0.0283],[10980.4134,10810.3204,10821.7396,10838.6831,10103.9712],[0.0231,0.0234,0.0234,0.0234,0.0251][0.1536,0.1318,0.1205,0.1394,0.1669][0.0017,0.0019,0.0023,0.0024,0.0015][0.0258,0.0264,0.0255,0.0272,0.0303],10749050880,41238,7788,10749165568
0ac30fcd9,256,65536,21474836480,100,bucket_keys,-1,off,62058,2137,2485,10749165568,.0078,512,8192,[96.5177,90.6435,92.3321,91.6417,97.1324],[0.0483,0.0487,0.0476,0.0474,0.0478][0.1491,0.1636,0.1572,0.1743,0.1921][0.0110,0.0118,0.0117,0.0107,0.0097][0.0352,0.0359,0.0348,0.0366,0.0375],[11922.4265,11811.9859,11836.3579,11879.1826,11813.1208],[0.0425,0.0429,0.0428,0.0426,0.0428][0.1417,0.1429,0.1489,0.1584,0.1742][0.0050,0.0038,0.0034,0.0052,0.0052][0.0352,0.0358,0.0358,0.0379,0.0377],10682048512,38301,10062,10682138624
0ac30fcd9,256,65536,21474836480,100,bucket_keys,-1,off,62058,2137,2485,10682138624,.0078,1024,8192,[108.4037,109.9208,104.4942,104.7341,107.2264],[0.0814,0.0842,0.0873,0.0868,0.0851][0.2131,0.2407,0.2256,0.2272,0.2390][0.0204,0.0159,0.0212,0.0240,0.0143][0.0533,0.0547,0.0567,0.0568,0.0536],[14032.4892,13767.4576,13351.3318,13210.5584,13656.1411],[0.0720,0.0734,0.0756,0.0765,0.0740][0.1937,0.2052,0.2159,0.1997,0.2181][0.0098,0.0105,0.0060,0.0084,0.0113][0.0522,0.0522,0.0540,0.0544,0.0517],11347394560,40352,14092,11347501056
0ac30fcd9,256,65536,21474836480,100,bucket_keys,-1,off,62058,2137,2485,11347501056,.0078,2048,8192,[119.6843,113.1476,112.9621,111.8474,110.1127],[0.1520,0.1568,0.1537,0.1719,0.1603][0.3723,0.3437,0.3717,0.4230,0.4073][0.0299,0.0383,0.0256,0.0387,0.0353][0.0780,0.0769,0.0809,0.0861,0.0797],[15279.5781,15019.4949,14845.1011,14061.0524,14597.5714],[0.1319,0.1335,0.1360,0.1435,0.1381][0.2963,0.3069,0.3436,0.3050,0.3509][0.0025,0.0196,0.0177,0.0232,0.0184][0.0691,0.0697,0.0734,0.0793,0.0740],12011626496,46604,16959,12011765760
0ac30fcd9,256,65536,21474836480,100,bucket_keys,-1,off,67077,2690,4090,1139335168,.0078,32,16384,[37.9536,36.1291,39.6629,41.0957,41.9598],[0.0131,0.0132,0.0130,0.0133,0.0130][0.1014,0.1047,0.0896,0.0937,0.0801][0.0073,0.0073,0.0074,0.0075,0.0071][0.0089,0.0095,0.0078,0.0083,0.0071],[4827.8795,4793.9594,5078.1269,5099.0780,5425.1145],[0.0065,0.0066,0.0062,0.0062,0.0058][0.1551,0.2433,0.1162,0.1040,0.0794][0.0010,0.0010,0.0010,0.0010,0.0010][0.0140,0.0145,0.0124,0.0117,0.0102],18219991040,73434,20496,18220122112
0ac30fcd9,256,65536,21474836480,100,bucket_keys,-1,off,67077,2690,4090,18220122112,.0078,64,16384,[49.0500,48.9517,49.3355,48.9610,51.4524],[0.0151,0.0155,0.0148,0.0150,0.0150][0.1156,0.1163,0.1063,0.1319,0.1335][0.0070,0.0076,0.0081,0.0082,0.0080][0.0116,0.0131,0.0111,0.0119,0.0116],[6396.3902,6329.1004,6304.2304,6228.0324,6304.5834],[0.0099,0.0100,0.0100,0.0102,0.0100][0.1233,0.1274,0.1291,0.1313,0.1357][0.0010,0.0010,0.0011,0.0011,0.0010][0.0174,0.0175,0.0172,0.0182,0.0176],20568080384,82507,15232,20568219648
0ac30fcd9,256,65536,21474836480,100,bucket_keys,-1,off,67077,2690,4090,20568219648,.0078,128,16384,[56.7561,55.4141,55.7419,55.7939,54.8327],[0.0217,0.0214,0.0226,0.0223,0.0213][0.1610,0.1527,0.2019,0.1624,0.1726][0.0086,0.0086,0.0091,0.0096,0.0095][0.0235,0.0230,0.0263,0.0233,0.0222],[7196.3617,6976.7664,7036.0127,7190.0684,6993.0298],[0.0176,0.0182,0.0180,0.0176,0.0181][0.1565,0.1638,0.2418,0.2383,0.1715][0.0013,0.0016,0.0016,0.0016,0.0015][0.0281,0.0297,0.0301,0.0285,0.0298],20388052992,83825,18614,20388134912
0ac30fcd9,256,65536,21474836480,100,bucket_keys,-1,off,67077,2690,4090,20388134912,.0078,256,16384,[60.3409,56.7321,58.4480,58.9824,56.1730],[0.0365,0.0382,0.0368,0.0369,0.0375][0.1939,0.2751,0.2391,0.3186,0.2373][0.0116,0.0115,0.0107,0.0107,0.0113][0.0369,0.0403,0.0379,0.0389,0.0416],[7755.7422,7349.3697,7546.9000,7591.0234,7276.9801],[0.0327,0.0345,0.0336,0.0334,0.0349][0.1848,0.2786,0.2385,0.3087,0.2324][0.0020,0.0030,0.0021,0.0018,0.0023][0.0408,0.0447,0.0431,0.0424,0.0461],21387296768,88180,20816,21387436032
0ac30fcd9,256,65536,21474836480,100,bucket_keys,-1,off,67077,2690,4090,21387436032,.0078,512,16384,[64.0879,59.1875,63.0846,60.9962,66.8922],[0.0703,0.0710,0.0710,0.0701,0.0657][0.2447,0.4697,0.2892,0.2564,0.2876][0.0161,0.0166,0.0152,0.0178,0.0140][0.0598,0.0649,0.0622,0.0608,0.0600],[8146.6916,7712.9841,7983.1946,7804.2134,7464.5198],[0.0622,0.0658,0.0635,0.0650,0.0648][0.2320,0.4696,0.2748,0.2324,0.2774][0.0029,0.0079,0.0070,0.0030,0.0026][0.0604,0.0672,0.0624,0.0627,0.0646],21496856576,90022,21570,21496963072
0ac30fcd9,256,65536,21474836480,100,bucket_keys,-1,off,67077,2690,4090,21496963072,.0078,1024,16384,[196.9618,198.1623,195.9036,187.1766,196.1941],[0.0714,0.0706,0.0701,0.0730,0.0709][0.1218,0.1198,0.1045,0.1506,0.1193][0.0233,0.0268,0.0191,0.0307,0.0217][0.0147,0.0154,0.0140,0.0156,0.0149],[0,0,0,0,0],[,,,,][,,,,][,,,,][,,,,],5125193728,499,14175,5125210112
0ac30fcd9,256,65536,21474836480,100,bucket_keys,-1,off,67077,2690,4090,5125210112,.0078,2048,16384,[196.3016,198.0910,199.0379,200.8925,200.5352],[0.1273,0.1261,0.1333,0.1312,0.1283][0.2327,0.2349,0.2449,0.2596,0.2187][0.0371,0.0528,0.0462,0.0292,0.0396][0.0314,0.0325,0.0306,0.0330,0.0280],[0,0,0,0,0],[,,,,][,,,,][,,,,][,,,,],5125185536,524,14168,5125193728
0ac30fcd9,256,65536,21474836480,100,lbr_now_norm,-1,off,36349,671,646,120020992,.0078,32,256,[131.3290,136.7309,139.8582,138.3083,136.2398],[0.0015,0.0015,0.0015,0.0015,0.0015][0.0202,0.0213,0.0219,0.0218,0.0267][0.0008,0.0008,0.0008,0.0008,0.0008][0.0015,0.0011,0.0013,0.0016,0.0016],[17508.4157,17483.0822,17441.2697,17391.1834,17208.0432],[0.0018,0.0018,0.0018,0.0018,0.0018][0.0233,0.0222,0.0243,0.0269,0.0274][0.0005,0.0004,0.0005,0.0005,0.0005][0.0020,0.0020,0.0021,0.0021,0.0021],550264832,2738,817,550264832
0ac30fcd9,256,65536,21474836480,100,lbr_now_norm,-1,off,36349,671,646,550264832,.0078,64,256,[212.0620,222.8412,204.7431,211.8524,215.5655],[0.0018,0.0017,0.0018,0.0017,0.0018][0.0363,0.0314,0.0289,0.0315,0.0328][0.0009,0.0008,0.0008,0.0008,0.0008][0.0025,0.0022,0.0026,0.0022,0.0026],[26888.2123,27545.2226,27650.3192,27644.7937,27688.9234],[0.0024,0.0023,0.0023,0.0023,0.0023][0.0372,0.0328,0.0323,0.0335,0.0342][0.0006,0.0006,0.0006,0.0006,0.0006][0.0037,0.0034,0.0034,0.0034,0.0035],550240256,2679,781,550240256
0ac30fcd9,256,65536,21474836480,100,lbr_now_norm,-1,off,36349,671,646,550240256,.0078,128,256,[263.1694,270.1098,271.8002,288.2632,267.6460],[0.0026,0.0026,0.0027,0.0026,0.0027][0.0473,0.0446,0.0458,0.0456,0.0462][0.0008,0.0009,0.0008,0.0009,0.0009][0.0042,0.0041,0.0049,0.0043,0.0053],[34825.4559,35574.9323,36038.1380,36130.2185,36799.7281],[0.0036,0.0036,0.0035,0.0035,0.0034][0.0490,0.0498,0.0487,0.0461,0.0472][0.0007,0.0008,0.0008,0.0007,0.0008][0.0060,0.0059,0.0058,0.0060,0.0061],550297600,2680,796,550297600
0ac30fcd9,256,65536,21474836480,100,lbr_now_norm,-1,off,36349,671,646,550297600,.0078,256,256,[315.9814,337.5918,332.2039,337.9470,346.3021],[0.0049,0.0047,0.0044,0.0044,0.0046][0.0581,0.0548,0.0594,0.0599,0.0563][0.0010,0.0010,0.0010,0.0009,0.0010][0.0082,0.0070,0.0066,0.0069,0.0074],[41451.1150,41939.0072,42752.6995,42681.6596,42668.7453],[0.0061,0.0060,0.0059,0.0059,0.0059][0.0593,0.0565,0.0607,0.0645,0.0583][0.0010,0.0007,0.0008,0.0009,0.0015][0.0086,0.0083,0.0084,0.0085,0.0084],550141952,2784,773,550141952
0ac30fcd9,256,65536,21474836480,100,lbr_now_norm,-1,off,36349,671,646,550141952,.0078,512,256,[359.2059,357.0473,352.6064,331.3029,351.7684],[0.0087,0.0081,0.0089,0.0089,0.0085][0.0734,0.0696,0.0701,0.0705,0.0707][0.0012,0.0012,0.0011,0.0015,0.0015][0.0105,0.0095,0.0111,0.0107,0.0106],[45245.9291,45469.4113,45343.5966,45388.1331,45922.3204],[0.0111,0.0111,0.0111,0.0111,0.0109][0.0760,0.0737,0.0712,0.0724,0.0759][0.0007,0.0010,0.0008,0.0013,0.0015][0.0121,0.0120,0.0120,0.0117,0.0117],550273024,2681,787,550273024
0ac30fcd9,256,65536,21474836480,100,lbr_now_norm,-1,off,36349,671,646,550273024,.0078,1024,256,[370.1531,350.2326,381.6183,365.6363,364.0289],[0.0183,0.0183,0.0191,0.0177,0.0176][0.0844,0.0783,0.0766,0.0789,0.0830][0.0014,0.0019,0.0022,0.0017,0.0016][0.0160,0.0161,0.0165,0.0156,0.0159],[46199.3615,47473.9247,47066.6230,46765.2681,47421.4748],[0.0217,0.0211,0.0212,0.0213,0.0212][0.0809,0.0769,0.0751,0.0871,0.0824][0.0028,0.0011,0.0008,0.0010,0.0025][0.0157,0.0151,0.0156,0.0157,0.0163],550174720,2661,776,550174720
0ac30fcd9,256,65536,21474836480,100,lbr_now_norm,-1,off,36349,671,646,550174720,.0078,2048,256,[373.0868,380.3315,382.6513,381.1850,384.4375],[0.0376,0.0381,0.0380,0.0380,0.0376][0.1184,0.1067,0.1083,0.1398,0.1297][0.0062,0.0027,0.0060,0.0030,0.0049][0.0226,0.0224,0.0225,0.0238,0.0244],[47791.4877,48247.5709,47325.5127,47177.0582,47488.7807],[0.0417,0.0415,0.0423,0.0425,0.0422][0.1058,0.1149,0.1133,0.1193,0.1190][0.0041,0.0017,0.0085,0.0049,0.0025][0.0206,0.0184,0.0217,0.0213,0.0217],550150144,2659,804,550150144
0ac30fcd9,256,65536,21474836480,100,lbr_now_norm,-1,off,37723,650,678,141238272,.0078,32,512,[130.5302,128.0548,134.4297,131.8829,131.5497],[0.0016,0.0017,0.0017,0.0015,0.0015][0.0238,0.0264,0.0254,0.0237,0.0272][0.0008,0.0009,0.0009,0.0009,0.0009][0.0017,0.0023,0.0021,0.0015,0.0012],[16733.7514,16699.0271,16669.2179,16776.2364,16520.2645],[0.0019,0.0019,0.0019,0.0019,0.0019][0.0256,0.0257,0.0297,0.0295,0.0391][0.0005,0.0005,0.0005,0.0005,0.0005][0.0023,0.0023,0.0025,0.0024,0.0025],853573632,3195,1858,853573632
0ac30fcd9,256,65536,21474836480,100,lbr_now_norm,-1,off,37723,650,678,853573632,.0078,64,512,[197.0999,202.4110,203.1898,209.2482,214.0182],[0.0020,0.0020,0.0018,0.0018,0.0019][0.0395,0.0396,0.0382,0.0379,0.0376][0.0009,0.0008,0.0008,0.0009,0.0008][0.0034,0.0034,0.0025,0.0025,0.0029],[25719.8951,25697.5583,25896.5109,25946.6670,26306.0494],[0.0025,0.0025,0.0025,0.0024,0.0024][0.0413,0.0426,0.0410,0.0406,0.0373][0.0006,0.0007,0.0006,0.0006,0.0006][0.0043,0.0042,0.0042,0.0041,0.0041],858095616,3351,869,858095616
0ac30fcd9,256,65536,21474836480,100,lbr_now_norm,-1,off,37723,650,678,858095616,.0078,128,512,[255.9236,255.8490,271.1883,254.7455,271.4994],[0.0028,0.0030,0.0029,0.0030,0.0026][0.0518,0.0559,0.0579,0.0516,0.0530][0.0009,0.0008,0.0008,0.0009,0.0009][0.0047,0.0058,0.0058,0.0059,0.0045],[33130.9002,33496.1951,33774.9924,34215.5273,34555.9344],[0.0038,0.0038,0.0038,0.0037,0.0037][0.0542,0.0564,0.0596,0.0540,0.0527][0.0008,0.0007,0.0008,0.0007,0.0007][0.0066,0.0067,0.0068,0.0065,0.0064],853688320,3368,901,853688320
0ac30fcd9,256,65536,21474836480,100,lbr_now_norm,-1,off,37723,650,678,853688320,.0078,256,512,[309.3392,304.9076,298.5744,315.0172,324.1028],[0.0055,0.0050,0.0052,0.0047,0.0045][0.0694,0.0664,0.0633,0.0623,0.0625][0.0012,0.0010,0.0010,0.0011,0.0010][0.0098,0.0084,0.0088,0.0073,0.0070],[38916.9317,39265.0451,40182.8080,40617.9716,40752.6295],[0.0065,0.0064,0.0063,0.0062,0.0062][0.0711,0.0680,0.0661,0.0657,0.0640][0.0009,0.0011,0.0011,0.0014,0.0008][0.0100,0.0098,0.0093,0.0093,0.0092],858161152,3237,850,858161152
0ac30fcd9,256,65536,21474836480,100,lbr_now_norm,-1,off,37723,650,678,858161152,.0078,512,512,[326.4798,346.4392,341.0332,346.9224,333.1493],[0.0092,0.0094,0.0088,0.0093,0.0094][0.0698,0.0757,0.0686,0.0736,0.0714][0.0014,0.0015,0.0012,0.0013,0.0011][0.0113,0.0116,0.0107,0.0118,0.0118],[43140.5600,43694.9775,43540.4680,43919.8162,43871.1981],[0.0117,0.0115,0.0115,0.0114,0.0115][0.0725,0.0705,0.0723,0.0739,0.0721][0.0012,0.0011,0.0008,0.0018,0.0014][0.0124,0.0123,0.0125,0.0126,0.0126],853622784,3277,872,853622784
0ac30fcd9,256,65536,21474836480,100,lbr_now_norm,-1,off,37723,650,678,853622784,.0078,1024,512,[352.5668,346.1393,336.5243,349.1307,350.2595],[0.0187,0.0191,0.0190,0.0190,0.0201][0.0839,0.0876,0.0841,0.0907,0.0853][0.0024,0.0018,0.0029,0.0013,0.0018][0.0158,0.0171,0.0171,0.0180,0.0182],[44150.5509,45093.8172,44940.4561,45123.1397,45034.6660],[0.0226,0.0222,0.0223,0.0222,0.0221][0.0827,0.0892,0.0879,0.0902,0.0857][0.0024,0.0036,0.0033,0.0023,0.0032][0.0165,0.0169,0.0170,0.0174,0.0170],858193920,3240,891,858193920
0ac30fcd9,256,65536,21474836480,100,lbr_now_norm,-1,off,37723,650,678,858193920,.0078,2048,512,[374.5481,366.3949,358.5795,362.2493,345.1204],[0.0410,0.0416,0.0414,0.0397,0.0406][0.1224,0.1322,0.1266,0.1311,0.1178][0.0057,0.0042,0.0052,0.0049,0.0042][0.0254,0.0248,0.0240,0.0251,0.0232],[46434.4343,45517.8814,45311.8104,45695.4030,45390.8625],[0.0432,0.0440,0.0443,0.0439,0.0441][0.1099,0.1159,0.1183,0.1157,0.1087][0.0071,0.0085,0.0085,0.0074,0.0069][0.0212,0.0225,0.0226,0.0224,0.0211],853516288,3307,863,853516288
0ac30fcd9,256,65536,21474836480,100,lbr_now_norm,-1,off,41402,672,753,171229184,.0078,32,1024,[123.8026,127.9239,128.0179,122.5129,123.7319],[0.0018,0.0017,0.0017,0.0017,0.0018][0.0278,0.0250,0.0333,0.0295,0.0319][0.0009,0.0009,0.0009,0.0010,0.0009][0.0021,0.0018,0.0020,0.0022,0.0022],[15975.3132,15902.5750,15864.2267,15808.8614,15658.2833],[0.0020,0.0020,0.0020,0.0020,0.0020][0.0321,0.0309,0.0331,0.0333,0.0322][0.0005,0.0005,0.0005,0.0005,0.0005][0.0026,0.0027,0.0027,0.0029,0.0029],1424056320,4059,1039,1424056320
0ac30fcd9,256,65536,21474836480,100,lbr_now_norm,-1,off,41402,672,753,1424056320,.0078,64,1024,[181.9291,186.9656,182.7911,189.0518,193.0479],[0.0020,0.0021,0.0022,0.0021,0.0021][0.0406,0.0387,0.0402,0.0360,0.0369][0.0010,0.0009,0.0010,0.0010,0.0009][0.0029,0.0034,0.0036,0.0032,0.0031],[23914.4145,24252.7586,24451.8766,24652.8831,24829.1983],[0.0027,0.0026,0.0026,0.0026,0.0026][0.0423,0.0406,0.0413,0.0410,0.0401][0.0006,0.0007,0.0006,0.0006,0.0007][0.0046,0.0044,0.0044,0.0043,0.0042],1424293888,4536,1035,1424293888
0ac30fcd9,256,65536,21474836480,100,lbr_now_norm,-1,off,41402,672,753,1424293888,.0078,128,1024,[254.1743,242.2051,256.4379,252.7011,257.0211],[0.0030,0.0030,0.0031,0.0030,0.0030][0.0544,0.0540,0.0536,0.0518,0.0569][0.0009,0.0009,0.0011,0.0009,0.0009][0.0051,0.0051,0.0053,0.0053,0.0053],[30591.0781,31583.3160,32019.2299,32520.9072,32070.0299],[0.0042,0.0040,0.0040,0.0039,0.0040][0.0552,0.0558,0.0548,0.0525,0.0576][0.0010,0.0009,0.0008,0.0008,0.0009][0.0074,0.0070,0.0069,0.0068,0.0068],1423917056,4303,1010,1423917056
0ac30fcd9,256,65536,21474836480,100,lbr_now_norm,-1,off,41402,672,753,1423917056,.0078,256,1024,[275.4828,291.1423,283.8851,303.7279,295.3470],[0.0050,0.0053,0.0054,0.0049,0.0052][0.0634,0.0690,0.0662,0.0667,0.0642][0.0012,0.0011,0.0011,0.0012,0.0012][0.0085,0.0091,0.0095,0.0079,0.0089],[36354.4558,36536.7448,37589.0964,37778.9265,37761.0032],[0.0070,0.0069,0.0067,0.0067,0.0067][0.0688,0.0691,0.0682,0.0689,0.0667][0.0012,0.0010,0.0010,0.0012,0.0014][0.0112,0.0111,0.0108,0.0105,0.0105],1424130048,4120,980,1424130048
0ac30fcd9,256,65536,21474836480,100,lbr_now_norm,-1,off,41402,672,753,1424130048,.0078,512,1024,[310.3061,295.5791,300.2250,314.4928,313.7812],[0.0107,0.0108,0.0107,0.0095,0.0094][0.0820,0.0820,0.0798,0.0794,0.0842][0.0016,0.0014,0.0013,0.0016,0.0014][0.0143,0.0149,0.0142,0.0118,0.0126],[39186.1955,39319.7681,39776.9944,40129.3006,40195.1511],[0.0128,0.0128,0.0126,0.0126,0.0125][0.0841,0.0854,0.0800,0.0843,0.0837][0.0014,0.0010,0.0010,0.0016,0.0011][0.0153,0.0152,0.0147,0.0144,0.0148],1424154624,4599,1002,1424154624
0ac30fcd9,256,65536,21474836480,100,lbr_now_norm,-1,off,41402,672,753,1424154624,.0078,1024,1024,[317.1942,328.0598,304.8275,306.8040,315.7528],[0.0197,0.0212,0.0208,0.0218,0.0208][0.1030,0.1092,0.1065,0.1114,0.1047][0.0023,0.0022,0.0025,0.0022,0.0024][0.0190,0.0205,0.0213,0.0216,0.0206],[41265.8909,40894.8934,40218.8015,40394.3494,40676.4384],[0.0243,0.0245,0.0247,0.0248,0.0244][0.0973,0.0962,0.1092,0.1171,0.0975][0.0028,0.0025,0.0017,0.0019,0.0018][0.0195,0.0198,0.0214,0.0206,0.0204],1424211968,4520,1026,1424211968
0ac30fcd9,256,65536,21474836480,100,lbr_now_norm,-1,off,41402,672,753,1424211968,.0078,2048,1024,[325.3971,321.0246,326.8039,339.7655,338.3865],[0.0428,0.0459,0.0454,0.0465,0.0429][0.1467,0.1690,0.1523,0.1373,0.1556][0.0074,0.0041,0.0042,0.0055,0.0029][0.0295,0.0290,0.0288,0.0287,0.0274],[41121.6828,41422.6410,42058.9628,42236.4837,42012.6849],[0.0487,0.0484,0.0476,0.0472,0.0477][0.1278,0.1368,0.1280,0.1263,0.1277][0.0093,0.0015,0.0055,0.0016,0.0096][0.0275,0.0260,0.0259,0.0261,0.0252],1423941632,3987,991,1423941632
0ac30fcd9,256,65536,21474836480,100,lbr_now_norm,-1,off,48113,653,1417,285941760,.0078,32,2048,[102.5556,101.8911,102.8974,102.9514,98.9355],[0.0024,0.0023,0.0023,0.0026,0.0024][0.0466,0.0471,0.0501,0.0488,0.0615][0.0013,0.0013,0.0013,0.0012,0.0013][0.0030,0.0031,0.0032,0.0047,0.0038],[13130.4025,13079.3586,13038.4615,13138.3375,13145.3814],[0.0024,0.0024,0.0024,0.0024,0.0024][0.0508,0.0497,0.0508,0.0523,0.0612][0.0006,0.0006,0.0006,0.0006,0.0006][0.0050,0.0052,0.0053,0.0053,0.0053],3224797184,9424,1748,3224797184
0ac30fcd9,256,65536,21474836480,100,lbr_now_norm,-1,off,48113,653,1417,3224797184,.0078,64,2048,[149.0435,148.3727,150.5615,156.1370,153.8728],[0.0027,0.0028,0.0030,0.0028,0.0025][0.0692,0.0648,0.0690,0.0722,0.0631][0.0013,0.0012,0.0013,0.0013,0.0014][0.0049,0.0055,0.0063,0.0059,0.0039],[18633.5923,18959.3154,18919.5186,18873.1372,19409.8249],[0.0034,0.0033,0.0034,0.0034,0.0033][0.1697,0.0684,0.0691,0.0767,0.0674][0.0007,0.0008,0.0007,0.0007,0.0008][0.0086,0.0080,0.0081,0.0083,0.0078],3224109056,8261,1603,3224109056
0ac30fcd9,256,65536,21474836480,100,lbr_now_norm,-1,off,48113,653,1417,3224109056,.0078,128,2048,[173.5749,188.0937,180.7295,194.0550,198.2269],[0.0049,0.0042,0.0040,0.0049,0.0040][0.0930,0.0889,0.0888,0.0963,0.0877][0.0014,0.0014,0.0014,0.0014,0.0014][0.0122,0.0097,0.0089,0.0117,0.0086],[23554.2750,23802.1397,23883.9526,23956.6659,24455.9535],[0.0054,0.0053,0.0053,0.0053,0.0052][0.0968,0.0905,0.0915,0.0955,0.0891][0.0010,0.0010,0.0008,0.0010,0.0009][0.0130,0.0128,0.0127,0.0123,0.0121],3224657920,8907,1662,3224657920
0ac30fcd9,256,65536,21474836480,100,lbr_now_norm,-1,off,48113,653,1417,3224657920,.0078,256,2048,[192.9090,202.7177,222.4468,210.2660,209.1762],[0.0109,0.0066,0.0079,0.0081,0.0074][0.3737,0.1231,0.1118,0.1261,0.1157][0.0016,0.0015,0.0016,0.0015,0.0015][0.0335,0.0143,0.0175,0.0188,0.0162],[25579.0057,26382.4391,27271.6434,27185.3462,27008.1482],[0.0099,0.0096,0.0093,0.0093,0.0094][0.3713,0.1631,0.1153,0.1261,0.1158][0.0014,0.0013,0.0013,0.0011,0.0013][0.0245,0.0210,0.0204,0.0208,0.0204],3224674304,9176,1617,3224723456
0ac30fcd9,256,65536,21474836480,100,lbr_now_norm,-1,off,48113,653,1417,3224723456,.0078,512,2048,[222.1366,220.2187,232.9379,239.5517,229.4115],[0.0133,0.0151,0.0148,0.0127,0.0139][0.1257,0.1274,0.1304,0.1217,0.1265][0.0023,0.0021,0.0019,0.0022,0.0018][0.0214,0.0248,0.0243,0.0208,0.0232],[29001.8094,29021.1413,30014.5601,30195.2337,30518.1990],[0.0174,0.0173,0.0168,0.0167,0.0165][0.1355,0.1285,0.1279,0.1253,0.1256][0.0019,0.0015,0.0019,0.0017,0.0020][0.0276,0.0269,0.0261,0.0265,0.0264],3224887296,11728,2671,3224961024
0ac30fcd9,256,65536,21474836480,100,lbr_now_norm,-1,off,48113,653,1417,3224961024,.0078,1024,2048,[234.3736,240.6088,242.2417,230.1466,235.1479],[0.0305,0.0321,0.0309,0.0338,0.0292][0.1500,0.1497,0.1846,0.1644,0.1489][0.0031,0.0035,0.0021,0.0022,0.0032][0.0358,0.0377,0.0368,0.0393,0.0333],[29767.8829,29715.2275,29308.6870,30084.8024,30396.6349],[0.0338,0.0335,0.0342,0.0334,0.0330][0.1565,0.1451,0.1711,0.1525,0.1427][0.0016,0.0026,0.0021,0.0019,0.0017][0.0379,0.0368,0.0379,0.0365,0.0354],3224199168,11775,2599,3224215552
0ac30fcd9,256,65536,21474836480,100,lbr_now_norm,-1,off,48113,653,1417,3224215552,.0078,2048,2048,[230.4840,245.1340,238.6845,241.6230,239.2425],[0.0660,0.0702,0.0703,0.0678,0.0730][0.1964,0.1985,0.2388,0.2282,0.2426][0.0077,0.0069,0.0064,0.0059,0.0061][0.0524,0.0503,0.0524,0.0516,0.0554],[30120.2513,30208.8886,30743.6013,30365.8984,30085.1118],[0.0668,0.0662,0.0653,0.0661,0.0667][0.1798,0.1802,0.1948,0.2063,0.1904][0.0119,0.0041,0.0040,0.0022,0.0031][0.0480,0.0453,0.0473,0.0473,0.0466],3224322048,12155,1653,3224322048
0ac30fcd9,256,65536,21474836480,100,lbr_now_norm,-1,off,59976,645,1899,465870848,.0078,32,4096,[85.9538,87.5802,86.2136,89.0707,85.1644],[0.0033,0.0030,0.0031,0.0029,0.0032][0.0629,0.0632,0.0606,0.0616,0.0624][0.0018,0.0018,0.0017,0.0016,0.0017][0.0059,0.0041,0.0047,0.0041,0.0053],[10983.4091,10711.4401,10938.5346,11058.6958,11217.3201],[0.0029,0.0030,0.0029,0.0029,0.0028][0.0720,0.0634,0.0657,0.0644,0.0616][0.0010,0.0010,0.0010,0.0010,0.0010][0.0071,0.0075,0.0073,0.0073,0.0070],6137077760,13939,3559,6137085952
0ac30fcd9,256,65536,21474836480,100,lbr_now_norm,-1,off,59976,645,1899,6137085952,.0078,64,4096,[119.1609,117.6270,118.7351,116.5968,116.6579],[0.0039,0.0038,0.0037,0.0035,0.0037][0.0926,0.0883,0.0821,0.0814,0.0884][0.0017,0.0018,0.0019,0.0017,0.0017][0.0085,0.0071,0.0066,0.0061,0.0073],[14803.7905,14953.0069,15351.5333,15194.6692,15344.7951],[0.0043,0.0042,0.0041,0.0042,0.0041][0.1505,0.0904,0.0852,0.0837,0.0881][0.0012,0.0011,0.0012,0.0012,0.0011][0.0120,0.0111,0.0109,0.0111,0.0110],6137675776,12939,2257,6137806848
0ac30fcd9,256,65536,21474836480,100,lbr_now_norm,-1,off,59976,645,1899,6137806848,.0078,128,4096,[142.1729,138.9316,141.1846,139.7773,141.2799],[0.0059,0.0059,0.0057,0.0054,0.0049][0.1292,0.2057,0.1279,0.1181,0.1213][0.0018,0.0018,0.0019,0.0018,0.0015][0.0152,0.0148,0.0141,0.0128,0.0106],[17842.4203,17903.7384,18423.3212,18373.3180,18254.3649],[0.0071,0.0071,0.0069,0.0069,0.0070][0.1371,0.2054,0.1323,0.1253,0.1307][0.0014,0.0013,0.0012,0.0012,0.0014][0.0197,0.0193,0.0184,0.0183,0.0184],6137896960,13338,2258,6137962496
0ac30fcd9,256,65536,21474836480,100,lbr_now_norm,-1,off,59976,645,1899,6137962496,.0078,256,4096,[162.7935,149.2031,158.1792,162.2130,156.9363],[0.0108,0.0110,0.0092,0.0092,0.0098][0.1511,0.1641,0.1628,0.1555,0.1488][0.0019,0.0019,0.0022,0.0020,0.0022][0.0245,0.0242,0.0209,0.0213,0.0206],[20574.2444,19573.0248,20861.5160,21013.7535,20183.8654],[0.0123,0.0130,0.0122,0.0121,0.0126][0.1587,0.1631,0.1628,0.1590,0.1498][0.0017,0.0015,0.0013,0.0015,0.0013][0.0279,0.0283,0.0281,0.0278,0.0273],6138126336,13749,2256,6138126336
0ac30fcd9,256,65536,21474836480,100,lbr_now_norm,-1,off,59976,645,1899,6138126336,.0078,512,4096,[176.5242,165.7944,166.7070,173.4466,179.0578],[0.0221,0.0220,0.0221,0.0191,0.0188][0.1861,0.1749,0.1861,0.1706,0.1649][0.0027,0.0030,0.0025,0.0029,0.0028][0.0397,0.0382,0.0399,0.0347,0.0325],[21901.6051,21211.6101,22029.2755,22393.9202,22356.5205],[0.0230,0.0235,0.0229,0.0226,0.0226][0.1812,0.1747,0.1901,0.1715,0.1728][0.0018,0.0016,0.0017,0.0017,0.0018][0.0416,0.0409,0.0417,0.0404,0.0400],6137397248,15534,2304,6137397248
0ac30fcd9,256,65536,21474836480,100,lbr_now_norm,-1,off,59976,645,1899,6137397248,.0078,1024,4096,[167.0323,178.8893,178.4317,165.7087,185.9458],[0.0502,0.0492,0.0455,0.0449,0.0482][0.2413,0.1941,0.2002,0.2016,0.2015][0.0059,0.0059,0.0060,0.0048,0.0054][0.0605,0.0584,0.0539,0.0550,0.0562],[21749.5641,22418.1258,22066.2738,22670.1526,22822.2099],[0.0463,0.0449,0.0457,0.0445,0.0441][0.2303,0.1914,0.1935,0.2027,0.1953][0.0037,0.0034,0.0012,0.0018,0.0022][0.0570,0.0548,0.0542,0.0546,0.0536],6137331712,15893,3209,6137380864
0ac30fcd9,256,65536,21474836480,100,lbr_now_norm,-1,off,59976,645,1899,6137380864,.0078,2048,4096,[173.9573,172.2724,171.3841,172.1873,172.5371],[0.1042,0.1001,0.0975,0.1037,0.1031][0.2834,0.2872,0.2618,0.2887,0.2990][0.0140,0.0096,0.0156,0.0114,0.0067][0.0780,0.0812,0.0765,0.0784,0.0790],[22092.1852,22545.8948,22579.5897,22623.9477,22139.9316],[0.0899,0.0893,0.0892,0.0889,0.0909][0.2318,0.3049,0.2190,0.2536,0.2838][0.0074,0.0068,0.0117,0.0044,0.0018][0.0671,0.0702,0.0674,0.0681,0.0704],6138101760,17189,3234,6138159104
0ac30fcd9,256,65536,21474836480,100,lbr_now_norm,-1,off,61929,643,2733,664731648,.0078,32,8192,[63.2576,63.1846,66.9843,63.8069,69.5267],[0.0045,0.0041,0.0042,0.0048,0.0044][0.0813,0.0837,0.0843,0.0917,0.0824][0.0025,0.0023,0.0024,0.0024,0.0025][0.0069,0.0055,0.0062,0.0091,0.0067],[8602.1535,8389.5852,8643.5631,8523.9135,8703.5432],[0.0037,0.0038,0.0037,0.0037,0.0036][0.1571,0.0854,0.0920,0.1350,0.0971][0.0011,0.0010,0.0010,0.0010,0.0010][0.0101,0.0106,0.0102,0.0102,0.0099],9390276608,29881,3445,9390424064
0ac30fcd9,256,65536,21474836480,100,lbr_now_norm,-1,off,61929,643,2733,9390424064,.0078,64,8192,[88.5861,87.8276,91.1132,86.3689,88.8996],[0.0059,0.0059,0.0059,0.0061,0.0056][0.1168,0.1225,0.1154,0.1166,0.1220][0.0025,0.0024,0.0027,0.0026,0.0023][0.0127,0.0129,0.0127,0.0133,0.0117],[11416.0244,11340.4960,11398.4016,11300.3050,11243.0605],[0.0056,0.0056,0.0056,0.0056,0.0056][0.1191,0.1219,0.1212,0.1435,0.1382][0.0011,0.0011,0.0012,0.0011,0.0012][0.0157,0.0159,0.0157,0.0159,0.0163],9346162688,24822,3664,9346334720
0ac30fcd9,256,65536,21474836480,100,lbr_now_norm,-1,off,61929,643,2733,9346334720,.0078,128,8192,[109.0077,106.7833,107.1966,99.0969,97.1343],[0.0095,0.0079,0.0085,0.0090,0.0092][0.1675,0.1740,0.1629,0.1766,0.2001][0.0024,0.0026,0.0028,0.0025,0.0027][0.0239,0.0182,0.0193,0.0225,0.0238],[13373.4639,13224.0955,13670.9943,13392.4286,12949.6708],[0.0095,0.0096,0.0093,0.0095,0.0098][0.1679,0.1708,0.1687,0.1806,0.1950][0.0012,0.0015,0.0014,0.0014,0.0012][0.0270,0.0274,0.0258,0.0278,0.0286],9414639616,24163,3383,9414844416
0ac30fcd9,256,65536,21474836480,100,lbr_now_norm,-1,off,61929,643,2733,9414844416,.0078,256,8192,[122.5106,117.5789,115.3444,114.9335,111.1498],[0.0157,0.0165,0.0167,0.0157,0.0150][0.2053,0.2007,0.2150,0.2073,0.3247][0.0028,0.0031,0.0028,0.0028,0.0029][0.0344,0.0362,0.0369,0.0349,0.0336],[15267.8404,15141.7116,14825.0411,15127.5645,14659.0129],[0.0166,0.0167,0.0171,0.0168,0.0173][0.2041,0.2050,0.2127,0.2127,0.3299][0.0017,0.0015,0.0011,0.0016,0.0013][0.0391,0.0396,0.0405,0.0397,0.0419],9464938496,22315,3427,9465012224
0ac30fcd9,256,65536,21474836480,100,lbr_now_norm,-1,off,61929,643,2733,9465012224,.0078,512,8192,[118.0558,126.9685,119.0707,122.7287,117.2055],[0.0336,0.0333,0.0319,0.0348,0.0330][0.2408,0.2383,0.2384,0.2315,0.2358][0.0050,0.0040,0.0036,0.0049,0.0037][0.0536,0.0531,0.0506,0.0546,0.0532],[15384.1859,15518.3767,15223.9696,15490.4759,14869.6989],[0.0329,0.0326,0.0333,0.0327,0.0341][0.2282,0.2340,0.2345,0.2322,0.2364][0.0030,0.0013,0.0016,0.0026,0.0023][0.0553,0.0549,0.0558,0.0543,0.0573],9463652352,28780,4688,9463816192
0ac30fcd9,256,65536,21474836480,100,lbr_now_norm,-1,off,61929,643,2733,9463816192,.0078,1024,8192,[123.0111,121.3670,124.6067,124.4573,125.9871],[0.0756,0.0787,0.0749,0.0802,0.0761][0.2927,0.2861,0.2741,0.2799,0.2869][0.0082,0.0083,0.0082,0.0079,0.0083][0.0813,0.0815,0.0755,0.0793,0.0779],[15328.8713,15866.6675,15685.9850,16079.2267,15869.8138],[0.0659,0.0636,0.0644,0.0628,0.0636][0.2808,0.2681,0.2528,0.2563,0.2700][0.0027,0.0038,0.0024,0.0078,0.0017][0.0753,0.0710,0.0700,0.0683,0.0698],9345687552,27504,4681,9345826816
0ac30fcd9,256,65536,21474836480,100,lbr_now_norm,-1,off,61929,643,2733,9345826816,.0078,2048,8192,[119.6457,123.4874,127.2824,119.2485,120.7399],[0.1564,0.1545,0.1611,0.1557,0.1612][0.3657,0.3850,0.4042,0.4412,0.3744][0.0221,0.0204,0.0235,0.0220,0.0231][0.1012,0.0996,0.1035,0.1033,0.1088],[15681.3343,15703.7629,15553.9137,15474.6438,14939.4960],[0.1275,0.1271,0.1278,0.1304,0.1351][0.3258,0.3155,0.3203,0.3299,0.3380][0.0035,0.0033,0.0041,0.0190,0.0188][0.0876,0.0864,0.0875,0.0903,0.0948],9463701504,27843,3503,9463799808
0ac30fcd9,256,65536,21474836480,100,lbr_now_norm,-1,off,68115,637,4457,1224392704,.0078,32,16384,[44.5424,46.6832,45.9749,38.9627,49.9528],[0.0070,0.0068,0.0080,0.0077,0.0066][0.1212,0.1231,0.4174,0.5145,0.1120][0.0039,0.0039,0.0040,0.0037,0.0039][0.0108,0.0101,0.0172,0.0218,0.0078],[5910.3126,5825.3545,5971.6584,5008.0093,6387.2287],[0.0054,0.0054,0.0053,0.0063,0.0050][0.1874,0.1794,0.5025,0.5280,0.1291][0.0011,0.0011,0.0011,0.0011,0.0011][0.0163,0.0166,0.0173,0.0292,0.0137],18379792384,100336,5910,18379956224
0ac30fcd9,256,65536,21474836480,100,lbr_now_norm,-1,off,68115,637,4457,18379956224,.0078,64,16384,[64.2238,60.6078,60.4942,63.0586,57.4485],[0.0087,0.0090,0.0090,0.0093,0.0099][0.1636,0.1601,0.1910,0.1679,0.2198][0.0041,0.0042,0.0039,0.0041,0.0040][0.0166,0.0172,0.0175,0.0187,0.0226],[7978.8013,7919.2461,7650.5193,7829.0880,7471.7994],[0.0079,0.0080,0.0083,0.0081,0.0085][0.1656,0.1649,0.1871,0.2536,0.2485][0.0012,0.0012,0.0013,0.0011,0.0012][0.0242,0.0241,0.0253,0.0247,0.0264],18479513600,63333,5146,18479677440
0ac30fcd9,256,65536,21474836480,100,lbr_now_norm,-1,off,68115,637,4457,18479677440,.0078,128,16384,[70.3417,64.0921,64.7881,67.2969,67.3759],[0.0135,0.0154,0.0166,0.0152,0.0152][0.2296,0.2821,0.4135,0.4177,0.2704][0.0045,0.0050,0.0048,0.0045,0.0046][0.0292,0.0349,0.0430,0.0354,0.0358],[9082.6216,8691.5189,8120.6790,8899.4770,8359.8660],[0.0140,0.0146,0.0156,0.0143,0.0152][0.2433,0.3077,0.4094,0.4182,0.4767][0.0013,0.0015,0.0016,0.0018,0.0015][0.0405,0.0422,0.0481,0.0419,0.0460],18481651712,63874,5026,18481758208
0ac30fcd9,256,65536,21474836480,100,lbr_now_norm,-1,off,68115,637,4457,18481758208,.0078,256,16384,[74.3017,71.2840,64.9553,70.1931,67.9358],[0.0319,0.0335,0.0329,0.0358,0.0323][0.2593,0.3370,0.4096,0.2919,0.4077][0.0054,0.0060,0.0060,0.0058,0.0055][0.0557,0.0614,0.0634,0.0637,0.0623],[9230.5692,8734.4950,8188.3608,8837.3237,8272.7264],[0.0274,0.0290,0.0309,0.0286,0.0306][0.2530,0.3269,0.4136,0.2878,0.4066][0.0016,0.0027,0.0023,0.0027,0.0020][0.0562,0.0615,0.0668,0.0594,0.0663],18476294144,63783,5141,18476359680
0ac30fcd9,256,65536,21474836480,100,lbr_now_norm,-1,off,68115,637,4457,18476359680,.0078,512,16384,[69.9138,69.8750,68.7225,68.4599,61.4783],[0.0681,0.0753,0.0830,0.0679,0.0847][0.2939,0.5403,0.4536,0.3178,0.8839][0.0082,0.0069,0.0083,0.0089,0.0069][0.0836,0.0920,0.1063,0.0822,0.1349],[9264.0230,9039.8697,8235.7571,9309.2243,7632.6820],[0.0547,0.0560,0.0614,0.0544,0.0663][0.2968,0.5149,0.4352,0.3040,0.8658][0.0040,0.0034,0.0035,0.0029,0.0034][0.0767,0.0804,0.0923,0.0762,0.1162],18466816000,258951,5802,18467241984
0ac30fcd9,256,65536,21474836480,100,lbr_now_norm,-1,off,68115,637,4457,18467241984,.0078,1024,16384,[78.6876,77.2077,72.6038,70.6946,72.6822],[0.1410,0.1467,0.1483,0.1440,0.1568][0.3349,0.4307,0.4681,0.6028,0.4411][0.0157,0.0160,0.0180,0.0110,0.0183][0.1064,0.1149,0.1235,0.1177,0.1269],[10080.2135,9459.7413,9093.6579,9436.9234,8910.8295],[0.1002,0.1067,0.1111,0.1071,0.1134][0.3136,0.4031,0.4375,0.5882,0.4149][0.0022,0.0022,0.0058,0.0086,0.0100][0.0933,0.1007,0.1080,0.1041,0.1112],18478637056,295362,5681,18478899200
0ac30fcd9,256,65536,21474836480,100,lbr_now_norm,-1,off,68115,637,4457,18478899200,.0078,2048,16384,[79.1269,75.4763,74.7677,75.7646,73.5612],[0.2498,0.2509,0.2471,0.2690,0.2645][0.6355,0.5771,0.6504,0.6900,0.6447][0.0371,0.0313,0.0406,0.0300,0.0320][0.1209,0.1313,0.1338,0.1363,0.1319],[10129.0649,9630.3756,9729.0931,9518.9624,9386.2101],[0.1991,0.2099,0.2078,0.2113,0.2154][0.3953,0.4270,0.4748,0.6051,0.4990][0.0026,0.0035,0.0026,0.0029,0.0228][0.1127,0.1242,0.1256,0.1274,0.1291],18378891264,321581,6456,18379161600
0ac30fcd9,256,65536,21474836480,100,lbr_now_nifs,-1,off,35966,646,709,137699328,.0078,32,256,[136.4866,134.2026,132.0423,137.0092,133.8313],[0.0013,0.0013,0.0014,0.0013,0.0013][0.0184,0.0206,0.0238,0.0195,0.0246][0.0006,0.0006,0.0006,0.0006,0.0006][0.0013,0.0016,0.0018,0.0013,0.0014],[17305.8199,17374.1797,17276.2506,17450.7815,17417.8096],[0.0018,0.0018,0.0018,0.0018,0.0018][0.0239,0.0230,0.0245,0.0271,0.0276][0.0005,0.0005,0.0005,0.0005,0.0004][0.0021,0.0022,0.0022,0.0022,0.0022],567984128,2653,893,567984128
0ac30fcd9,256,65536,21474836480,100,lbr_now_nifs,-1,off,35966,646,709,567984128,.0078,64,256,[202.6929,208.6167,214.0449,213.6479,200.8816],[0.0015,0.0015,0.0016,0.0016,0.0014][0.0388,0.0357,0.0314,0.0333,0.0335][0.0006,0.0006,0.0006,0.0006,0.0006][0.0024,0.0024,0.0027,0.0030,0.0021],[26625.8815,27061.0471,27280.1502,27229.7533,27279.1880],[0.0024,0.0024,0.0023,0.0023,0.0023][0.0395,0.0365,0.0351,0.0364,0.0359][0.0005,0.0006,0.0006,0.0006,0.0006][0.0039,0.0038,0.0038,0.0038,0.0038],567992320,2660,819,567992320
0ac30fcd9,256,65536,21474836480,100,lbr_now_nifs,-1,off,35966,646,709,567992320,.0078,128,256,[271.1009,276.5124,264.7993,285.0195,269.9606],[0.0023,0.0024,0.0026,0.0024,0.0021][0.0497,0.0480,0.0491,0.0486,0.0477][0.0006,0.0006,0.0006,0.0005,0.0006][0.0045,0.0046,0.0056,0.0049,0.0039],[34820.8571,35082.2588,35300.5485,35813.9656,35964.4651],[0.0037,0.0036,0.0036,0.0035,0.0035][0.0530,0.0530,0.0504,0.0496,0.0497][0.0008,0.0009,0.0008,0.0008,0.0008][0.0064,0.0063,0.0064,0.0064,0.0065],567967744,2742,827,567967744
0ac30fcd9,256,65536,21474836480,100,lbr_now_nifs,-1,off,35966,646,709,567967744,.0078,256,256,[320.4532,314.7524,333.9414,315.8910,321.5701],[0.0047,0.0045,0.0043,0.0043,0.0040][0.0605,0.0625,0.0594,0.0623,0.0618][0.0008,0.0007,0.0008,0.0006,0.0008][0.0084,0.0083,0.0076,0.0080,0.0067],[40628.7231,40937.1234,41300.7030,42082.8328,42407.7395],[0.0062,0.0062,0.0061,0.0060,0.0060][0.0626,0.0650,0.0627,0.0674,0.0626][0.0011,0.0011,0.0014,0.0011,0.0010][0.0094,0.0092,0.0092,0.0091,0.0090],567902208,2749,833,567902208
0ac30fcd9,256,65536,21474836480,100,lbr_now_nifs,-1,off,35966,646,709,567902208,.0078,512,256,[332.5643,341.5767,343.7376,359.5688,352.0510],[0.0092,0.0084,0.0086,0.0087,0.0087][0.0737,0.0767,0.0773,0.0800,0.0756][0.0009,0.0013,0.0013,0.0009,0.0009][0.0126,0.0113,0.0117,0.0124,0.0124],[43562.8167,44624.5219,44463.3471,44411.0065,45689.8875],[0.0116,0.0113,0.0113,0.0113,0.0110][0.0792,0.0769,0.0759,0.0799,0.0814][0.0011,0.0013,0.0009,0.0007,0.0015][0.0134,0.0129,0.0131,0.0130,0.0125],567902208,2756,826,567902208
0ac30fcd9,256,65536,21474836480,100,lbr_now_nifs,-1,off,35966,646,709,567902208,.0078,1024,256,[352.3783,354.9954,360.1770,351.3114,346.0426],[0.0180,0.0183,0.0170,0.0177,0.0178][0.0852,0.0818,0.0825,0.0909,0.0885][0.0019,0.0015,0.0013,0.0016,0.0018][0.0175,0.0175,0.0155,0.0176,0.0184],[46117.2504,45881.8816,45971.8055,46128.1679,46110.6784],[0.0217,0.0219,0.0218,0.0218,0.0217][0.0885,0.0964,0.0872,0.0907,0.0883][0.0027,0.0009,0.0023,0.0022,0.0018][0.0176,0.0172,0.0169,0.0172,0.0176],567943168,2681,834,567943168
0ac30fcd9,256,65536,21474836480,100,lbr_now_nifs,-1,off,35966,646,709,567943168,.0078,2048,256,[364.4586,376.9738,371.7549,360.7725,377.3882],[0.0378,0.0373,0.0376,0.0405,0.0359][0.1155,0.1292,0.1479,0.1200,0.1201][0.0047,0.0054,0.0026,0.0028,0.0022][0.0239,0.0253,0.0243,0.0249,0.0239],[46866.4353,46827.9315,46621.6140,46360.8375,46377.4348],[0.0428,0.0426,0.0431,0.0433,0.0432][0.1196,0.1206,0.1400,0.1264,0.1229][0.0026,0.0084,0.0028,0.0014,0.0065][0.0233,0.0223,0.0223,0.0220,0.0225],567869440,2626,818,567869440
0ac30fcd9,256,65536,21474836480,100,lbr_now_nifs,-1,off,37745,678,775,180314112,.0078,32,512,[120.3581,127.8610,127.9310,128.4867,125.9537],[0.0015,0.0014,0.0015,0.0014,0.0014][0.0281,0.0277,0.0288,0.0270,0.0274][0.0007,0.0007,0.0007,0.0006,0.0006][0.0020,0.0021,0.0023,0.0017,0.0017],[16321.9266,16317.2090,16389.8961,16471.7771,16220.8863],[0.0019,0.0019,0.0019,0.0019,0.0020][0.0305,0.0302,0.0332,0.0304,0.0450][0.0005,0.0005,0.0004,0.0005,0.0005][0.0027,0.0028,0.0028,0.0028,0.0029],892739584,3197,1516,892747776
0ac30fcd9,256,65536,21474836480,100,lbr_now_nifs,-1,off,37745,678,775,892747776,.0078,64,512,[194.9451,187.9924,186.8833,188.8330,205.6497],[0.0019,0.0017,0.0018,0.0017,0.0015][0.0474,0.0462,0.0425,0.0451,0.0383][0.0007,0.0006,0.0007,0.0007,0.0006][0.0041,0.0032,0.0037,0.0032,0.0026],[24465.8306,24826.5703,25016.2591,25363.2915,25645.1447],[0.0026,0.0026,0.0025,0.0025,0.0025][0.0481,0.0498,0.0466,0.0454,0.0404][0.0005,0.0006,0.0006,0.0006,0.0006][0.0051,0.0050,0.0047,0.0046,0.0046],897269760,3311,969,897269760
0ac30fcd9,256,65536,21474836480,100,lbr_now_nifs,-1,off,37745,678,775,897269760,.0078,128,512,[238.7896,241.1804,256.0549,250.9319,251.1259],[0.0028,0.0026,0.0025,0.0027,0.0028][0.0614,0.0607,0.0618,0.0566,0.0575][0.0007,0.0007,0.0006,0.0007,0.0007][0.0064,0.0058,0.0049,0.0059,0.0065],[31599.9537,31892.2883,32052.5539,32484.7846,32854.5100],[0.0040,0.0040,0.0040,0.0039,0.0039][0.0624,0.0646,0.0619,0.1016,0.0590][0.0009,0.0008,0.0008,0.0008,0.0008][0.0077,0.0079,0.0080,0.0077,0.0075],892690432,3328,1001,892690432
0ac30fcd9,256,65536,21474836480,100,lbr_now_nifs,-1,off,37745,678,775,892690432,.0078,256,512,[290.4742,288.9781,288.7150,297.2677,299.6906],[0.0055,0.0044,0.0046,0.0045,0.0049][0.0732,0.0688,0.0694,0.0709,0.0711][0.0007,0.0008,0.0010,0.0007,0.0008][0.0116,0.0078,0.0085,0.0083,0.0092],[36828.0857,37310.5965,37924.9524,38404.5770,38046.2409],[0.0069,0.0068,0.0067,0.0066,0.0067][0.0761,0.0756,0.0703,0.0733,0.0746][0.0014,0.0010,0.0007,0.0011,0.0010][0.0119,0.0114,0.0111,0.0108,0.0110],897163264,3183,1974,897163264
0ac30fcd9,256,65536,21474836480,100,lbr_now_nifs,-1,off,37745,678,775,897163264,.0078,512,512,[333.0617,315.1811,322.9250,325.6429,310.3373],[0.0098,0.0098,0.0092,0.0097,0.0099][0.0812,0.0797,0.0890,0.0819,0.0839][0.0010,0.0010,0.0008,0.0008,0.0012][0.0145,0.0141,0.0136,0.0144,0.0147],[40752.7089,40878.0039,41072.2882,40967.1880,41169.3474],[0.0124,0.0123,0.0123,0.0123,0.0122][0.0844,0.0843,0.0866,0.0828,0.0859][0.0015,0.0015,0.0015,0.0009,0.0016][0.0153,0.0150,0.0155,0.0154,0.0152],897114112,3161,950,897114112
0ac30fcd9,256,65536,21474836480,100,lbr_now_nifs,-1,off,37745,678,775,897114112,.0078,1024,512,[351.3146,340.6404,316.7786,333.9809,339.9158],[0.0182,0.0185,0.0204,0.0182,0.0186][0.1154,0.0984,0.0990,0.0977,0.1053][0.0013,0.0019,0.0015,0.0016,0.0019][0.0192,0.0192,0.0206,0.0185,0.0187],[42215.3455,42385.0107,42445.4037,42719.5006,42534.2620],[0.0236,0.0236,0.0237,0.0235,0.0235][0.1049,0.1012,0.0947,0.0984,0.0968][0.0015,0.0010,0.0014,0.0021,0.0018][0.0206,0.0201,0.0197,0.0196,0.0199],897097728,3173,939,897114112
0ac30fcd9,256,65536,21474836480,100,lbr_now_nifs,-1,off,37745,678,775,897114112,.0078,2048,512,[327.6347,335.2591,341.5979,326.2590,326.9492],[0.0422,0.0427,0.0426,0.0413,0.0434][0.1507,0.1281,0.1434,0.1435,0.1239][0.0044,0.0032,0.0024,0.0026,0.0030][0.0282,0.0279,0.0306,0.0301,0.0284],[43069.1583,42283.8263,43255.9542,43029.1462,42049.6548],[0.0466,0.0473,0.0464,0.0467,0.0477][0.1408,0.1347,0.1376,0.1289,0.1466][0.0048,0.0039,0.0105,0.0092,0.0013][0.0264,0.0264,0.0267,0.0280,0.0261],897179648,3156,957,897179648
0ac30fcd9,256,65536,21474836480,100,lbr_now_nifs,-1,off,41482,771,941,240033792,.0078,32,1024,[116.4587,117.7898,118.0594,118.2517,121.9611],[0.0015,0.0016,0.0015,0.0015,0.0016][0.0292,0.0362,0.0344,0.0328,0.0358][0.0007,0.0008,0.0008,0.0007,0.0008][0.0021,0.0025,0.0021,0.0020,0.0025],[15547.0689,15289.6015,15436.5393,15359.6775,15296.6100],[0.0020,0.0021,0.0021,0.0021,0.0021][0.0319,0.0363,0.0346,0.0370,0.0458][0.0005,0.0005,0.0005,0.0005,0.0005][0.0030,0.0032,0.0032,0.0034,0.0033],1493164032,4114,1206,1493164032
0ac30fcd9,256,65536,21474836480,100,lbr_now_nifs,-1,off,41482,771,941,1493164032,.0078,64,1024,[173.9711,172.6437,179.2446,181.9913,188.3215],[0.0018,0.0019,0.0019,0.0018,0.0019][0.0472,0.0485,0.0491,0.0464,0.0439][0.0008,0.0007,0.0007,0.0007,0.0007][0.0035,0.0039,0.0037,0.0034,0.0036],[22641.5709,22648.6042,22978.0377,23149.5818,23060.5358],[0.0028,0.0028,0.0028,0.0027,0.0028][0.0520,0.0537,0.0505,0.0469,0.0471][0.0008,0.0007,0.0006,0.0006,0.0006][0.0056,0.0057,0.0055,0.0053,0.0054],1492926464,4395,2157,1492967424
0ac30fcd9,256,65536,21474836480,100,lbr_now_nifs,-1,off,41482,771,941,1492967424,.0078,128,1024,[230.3308,231.2798,231.0047,229.3161,234.7994],[0.0031,0.0032,0.0026,0.0027,0.0026][0.0655,0.0695,0.0629,0.0647,0.0650][0.0007,0.0008,0.0007,0.0008,0.0007][0.0071,0.0073,0.0054,0.0059,0.0053],[28850.8714,29380.2575,29984.0087,30343.0009,30337.4228],[0.0044,0.0043,0.0042,0.0042,0.0042][0.0701,0.0713,0.0658,0.0657,0.0672][0.0010,0.0008,0.0008,0.0007,0.0008][0.0089,0.0088,0.0084,0.0084,0.0083],1492992000,4570,1109,1492992000
0ac30fcd9,256,65536,21474836480,100,lbr_now_nifs,-1,off,41482,771,941,1492992000,.0078,256,1024,[264.8293,257.3258,260.2443,270.2409,273.1691],[0.0050,0.0051,0.0054,0.0056,0.0053][0.0779,0.0852,0.0828,0.0738,0.0807][0.0007,0.0009,0.0009,0.0009,0.0009][0.0104,0.0107,0.0115,0.0116,0.0104],[33405.0466,33531.6360,34252.3690,35710.6288,35882.7299],[0.0076,0.0076,0.0074,0.0071,0.0071][0.0821,0.0868,0.0845,0.0786,0.0812][0.0012,0.0016,0.0012,0.0011,0.0008][0.0141,0.0142,0.0137,0.0125,0.0123],1493114880,4487,1153,1493114880
0ac30fcd9,256,65536,21474836480,100,lbr_now_nifs,-1,off,41482,771,941,1493114880,.0078,512,1024,[290.1269,289.0231,296.6991,305.3026,308.3494],[0.0110,0.0103,0.0101,0.0097,0.0105][0.0980,0.0947,0.0890,0.0899,0.0913][0.0013,0.0012,0.0012,0.0011,0.0013][0.0171,0.0154,0.0153,0.0144,0.0154],[37115.5425,37021.4746,37711.8481,37566.7065,37706.0802],[0.0136,0.0136,0.0134,0.0134,0.0133][0.0964,0.0937,0.0881,0.0910,0.0930][0.0008,0.0017,0.0016,0.0015,0.0015][0.0180,0.0179,0.0169,0.0176,0.0173],1492746240,4311,1116,1492746240
0ac30fcd9,256,65536,21474836480,100,lbr_now_nifs,-1,off,41482,771,941,1492746240,.0078,1024,1024,[310.3926,315.0222,305.6702,295.1567,305.6733],[0.0217,0.0226,0.0218,0.0212,0.0207][0.1083,0.1184,0.1154,0.1091,0.1061][0.0020,0.0020,0.0017,0.0024,0.0010][0.0224,0.0249,0.0233,0.0221,0.0223],[38818.1841,38707.7318,38474.0406,39259.2111,39247.6775],[0.0258,0.0259,0.0259,0.0255,0.0254][0.1071,0.1044,0.1135,0.1058,0.1041][0.0033,0.0014,0.0011,0.0026,0.0010][0.0234,0.0235,0.0233,0.0232,0.0234],1492852736,4318,1119,1492852736
0ac30fcd9,256,65536,21474836480,100,lbr_now_nifs,-1,off,41482,771,941,1492852736,.0078,2048,1024,[299.0063,329.1705,318.7147,315.2723,320.4336],[0.0437,0.0453,0.0442,0.0435,0.0441][0.1572,0.1537,0.1509,0.1643,0.1475][0.0032,0.0037,0.0040,0.0032,0.0040][0.0300,0.0306,0.0306,0.0289,0.0295],[39543.3357,41360.5092,41041.0387,41241.4302,40890.9576],[0.0507,0.0484,0.0488,0.0486,0.0491][0.1541,0.1331,0.1440,0.1323,0.1394][0.0014,0.0010,0.0136,0.0054,0.0114][0.0305,0.0270,0.0279,0.0271,0.0282],1493008384,4159,1113,1493041152
0ac30fcd9,256,65536,21474836480,100,lbr_now_nifs,-1,off,49201,645,2054,469532672,.0078,32,2048,[105.5055,109.5577,99.7803,103.9523,104.7134],[0.0021,0.0020,0.0021,0.0021,0.0020][0.0478,0.0466,0.0467,0.0449,0.0468][0.0010,0.0011,0.0011,0.0011,0.0011][0.0030,0.0030,0.0037,0.0035,0.0029],[13224.2820,13267.4272,13293.5238,13361.3100,13354.5706],[0.0024,0.0024,0.0024,0.0024,0.0024][0.0473,0.0473,0.0497,0.0485,0.0499][0.0005,0.0006,0.0006,0.0006,0.0006][0.0047,0.0048,0.0049,0.0050,0.0050],3409944576,9324,2487,3409952768
0ac30fcd9,256,65536,21474836480,100,lbr_now_nifs,-1,off,49201,645,2054,3409952768,.0078,64,2048,[135.2474,152.2584,138.5817,144.3884,150.0567],[0.0026,0.0028,0.0027,0.0027,0.0025][0.0697,0.0724,0.0742,0.0825,0.0692][0.0010,0.0010,0.0010,0.0011,0.0011][0.0062,0.0071,0.0066,0.0069,0.0054],[18596.6325,18796.8831,18375.8130,18643.5947,18977.4649],[0.0034,0.0034,0.0035,0.0034,0.0033][0.0735,0.0724,0.1396,0.0846,0.0760][0.0007,0.0007,0.0007,0.0007,0.0006][0.0085,0.0084,0.0091,0.0087,0.0084],3409813504,8376,2284,3409813504
0ac30fcd9,256,65536,21474836480,100,lbr_now_nifs,-1,off,49201,645,2054,3409813504,.0078,128,2048,[184.0542,182.7519,181.2751,180.4075,180.8143],[0.0040,0.0041,0.0042,0.0041,0.0036][0.0940,0.1007,0.0999,0.0961,0.0967][0.0012,0.0010,0.0011,0.0012,0.0012][0.0102,0.0109,0.0115,0.0105,0.0086],[22850.7093,23186.3988,23147.9710,22933.4337,23300.8146],[0.0056,0.0055,0.0055,0.0055,0.0055][0.1014,0.1023,0.1012,0.1027,0.0971][0.0006,0.0011,0.0010,0.0010,0.0009][0.0138,0.0137,0.0140,0.0138,0.0136],3409051648,8967,2286,3409051648
0ac30fcd9,256,65536,21474836480,100,lbr_now_nifs,-1,off,49201,645,2054,3409051648,.0078,256,2048,[203.9906,204.0828,201.8440,209.9294,202.4073],[0.0075,0.0075,0.0076,0.0080,0.0075][0.1184,0.1178,0.1329,0.1420,0.1192][0.0013,0.0015,0.0014,0.0012,0.0011][0.0182,0.0182,0.0190,0.0188,0.0176],[25664.9292,26127.3207,26268.7145,25753.6119,26657.7215],[0.0099,0.0097,0.0096,0.0098,0.0095][0.1200,0.1185,0.1357,0.1475,0.1217][0.0013,0.0016,0.0014,0.0013,0.0014][0.0224,0.0217,0.0220,0.0223,0.0209],3408855040,8145,2297,3408855040
0ac30fcd9,256,65536,21474836480,100,lbr_now_nifs,-1,off,49201,645,2054,3408855040,.0078,512,2048,[218.2075,218.9505,214.5627,207.1212,223.9564],[0.0141,0.0161,0.0140,0.0143,0.0132][0.1491,0.1462,0.1379,0.2133,0.1385][0.0018,0.0017,0.0015,0.0019,0.0016][0.0248,0.0288,0.0253,0.0259,0.0243],[27717.2202,27794.8773,28391.9773,27205.8196,28467.4034],[0.0182,0.0179,0.0178,0.0186,0.0177][0.1519,0.1436,0.1406,0.2154,0.1429][0.0018,0.0017,0.0012,0.0012,0.0011][0.0296,0.0296,0.0296,0.0312,0.0299],3409027072,11663,3327,3409092608
0ac30fcd9,256,65536,21474836480,100,lbr_now_nifs,-1,off,49201,645,2054,3409092608,.0078,1024,2048,[231.4483,224.3600,223.7843,228.5792,223.4291],[0.0295,0.0295,0.0293,0.0320,0.0305][0.1602,0.1822,0.1580,0.1591,0.1572][0.0027,0.0031,0.0033,0.0021,0.0024][0.0378,0.0380,0.0372,0.0415,0.0387],[28799.9814,29040.1303,28259.7663,29219.2102,28431.9483],[0.0349,0.0346,0.0354,0.0344,0.0353][0.1599,0.1545,0.1571,0.1669,0.1605][0.0039,0.0019,0.0020,0.0017,0.0016][0.0411,0.0400,0.0403,0.0397,0.0403],3408633856,12176,3491,3408715776
0ac30fcd9,256,65536,21474836480,100,lbr_now_nifs,-1,off,49201,645,2054,3408715776,.0078,2048,2048,[225.1533,226.4091,235.4675,224.8352,243.3088],[0.0754,0.0694,0.0710,0.0733,0.0724][0.2587,0.2314,0.2169,0.2187,0.2043][0.0052,0.0069,0.0062,0.0060,0.0071][0.0571,0.0520,0.0518,0.0570,0.0544],[29402.4015,29608.1557,29461.7903,29072.6175,29216.4300],[0.0684,0.0679,0.0682,0.0691,0.0687][0.1810,0.2007,0.1932,0.2015,0.2018][0.0038,0.0028,0.0024,0.0013,0.0074][0.0487,0.0493,0.0493,0.0514,0.0498],3408642048,12203,4343,3408723968
0ac30fcd9,256,65536,21474836480,100,lbr_now_nifs,-1,off,61869,658,3060,830038016,.0078,32,4096,[79.2308,79.5394,79.9656,84.5567,86.5855],[0.0031,0.0029,0.0030,0.0027,0.0030][0.0676,0.0668,0.0805,0.0689,0.0642][0.0015,0.0015,0.0015,0.0015,0.0015][0.0059,0.0051,0.0058,0.0047,0.0057],[10421.8482,10324.5500,10448.7498,10659.6151,10845.9051],[0.0030,0.0031,0.0030,0.0030,0.0029][0.0694,0.0809,0.0826,0.0687,0.0667][0.0010,0.0010,0.0010,0.0010,0.0011][0.0079,0.0083,0.0082,0.0079,0.0076],6505578496,14434,4744,6505660416
0ac30fcd9,256,65536,21474836480,100,lbr_now_nifs,-1,off,61869,658,3060,6505660416,.0078,64,4096,[104.7829,112.3133,112.7780,115.9516,112.9767],[0.0037,0.0036,0.0036,0.0035,0.0039][0.1447,0.0953,0.0915,0.0939,0.0968][0.0015,0.0015,0.0016,0.0015,0.0016][0.0090,0.0083,0.0088,0.0078,0.0098],[14064.5632,14578.4430,14765.4084,14835.7700,14540.2123],[0.0045,0.0044,0.0043,0.0043,0.0044][0.1537,0.0950,0.0946,0.0940,0.0968][0.0011,0.0011,0.0011,0.0011,0.0011][0.0130,0.0121,0.0121,0.0121,0.0123],6504759296,13364,4431,6504849408
0ac30fcd9,256,65536,21474836480,100,lbr_now_nifs,-1,off,61869,658,3060,6504849408,.0078,128,4096,[132.7587,126.2679,139.1207,129.8826,140.7526],[0.0063,0.0067,0.0050,0.0056,0.0050][0.1352,0.1633,0.1298,0.1272,0.1320][0.0016,0.0017,0.0015,0.0015,0.0015][0.0176,0.0203,0.0121,0.0148,0.0132],[17075.0042,16810.7469,17526.4973,17350.4230,18067.4120],[0.0074,0.0076,0.0073,0.0073,0.0070][0.1369,0.1631,0.1303,0.1352,0.1342][0.0012,0.0013,0.0011,0.0015,0.0014][0.0208,0.0218,0.0197,0.0195,0.0191],6504112128,13539,3355,6504112128
0ac30fcd9,256,65536,21474836480,100,lbr_now_nifs,-1,off,61869,658,3060,6504112128,.0078,256,4096,[147.1868,147.8215,161.2373,156.4692,146.4445],[0.0098,0.0109,0.0111,0.0097,0.0112][0.1709,0.2078,0.1748,0.1722,0.1712][0.0018,0.0018,0.0018,0.0017,0.0016][0.0240,0.0270,0.0278,0.0236,0.0268],[19091.9184,19136.4845,19513.1694,19586.2268,18970.6375],[0.0133,0.0133,0.0130,0.0130,0.0134][0.1706,0.2182,0.1836,0.1733,0.1756][0.0015,0.0014,0.0014,0.0015,0.0015][0.0313,0.0318,0.0312,0.0309,0.0306],6502973440,13983,5428,6502998016
0ac30fcd9,256,65536,21474836480,100,lbr_now_nifs,-1,off,61869,658,3060,6502998016,.0078,512,4096,[160.3178,163.8966,163.5322,159.1956,160.6448],[0.0222,0.0212,0.0227,0.0204,0.0213][0.2060,0.2066,0.2003,0.1877,0.1956][0.0022,0.0028,0.0024,0.0031,0.0022][0.0428,0.0406,0.0433,0.0393,0.0419],[20794.5293,21146.4163,21059.1119,21093.1460,20851.6246],[0.0243,0.0239,0.0240,0.0240,0.0242][0.2051,0.2129,0.2040,0.1904,0.1920][0.0013,0.0022,0.0019,0.0021,0.0021][0.0458,0.0445,0.0447,0.0443,0.0457],6503497728,16966,5354,6503604224
0ac30fcd9,256,65536,21474836480,100,lbr_now_nifs,-1,off,61869,658,3060,6503604224,.0078,1024,4096,[163.2050,158.3810,167.2081,167.0897,162.4243],[0.0510,0.0515,0.0501,0.0498,0.0509][0.2567,0.2772,0.2197,0.2233,0.2533][0.0042,0.0062,0.0042,0.0035,0.0040][0.0630,0.0643,0.0618,0.0632,0.0640],[21392.2304,20649.5023,21390.4318,20992.8604,20997.1603],[0.0471,0.0485,0.0471,0.0480,0.0481][0.2525,0.2950,0.2117,0.2128,0.2513][0.0021,0.0038,0.0019,0.0024,0.0019][0.0588,0.0621,0.0597,0.0615,0.0618],6503112704,16361,4341,6503219200
0ac30fcd9,256,65536,21474836480,100,lbr_now_nifs,-1,off,61869,658,3060,6503219200,.0078,2048,4096,[168.0101,160.4084,164.3782,170.3801,159.2731],[0.1011,0.0978,0.1054,0.1036,0.1138][0.2865,0.2931,0.2960,0.3133,0.3173][0.0072,0.0072,0.0113,0.0089,0.0082][0.0830,0.0823,0.0850,0.0877,0.0870],[21447.2487,20745.6341,21010.2999,21054.2233,20971.1470],[0.0940,0.0961,0.0958,0.0947,0.0961][0.2628,0.2830,0.2678,0.2802,0.2835][0.0020,0.0156,0.0148,0.0122,0.0057][0.0752,0.0744,0.0762,0.0768,0.0752],6502834176,16471,4351,6502891520
0ac30fcd9,256,65536,21474836480,100,lbr_now_nifs,-1,off,64022,639,4639,1227776000,.0078,32,8192,[62.6992,62.0598,65.0505,63.0740,70.6081],[0.0044,0.0046,0.0041,0.0044,0.0044][0.0899,0.0892,0.0931,0.0870,0.0859][0.0021,0.0024,0.0022,0.0023,0.0022][0.0079,0.0091,0.0065,0.0080,0.0076],[8111.8113,8013.3655,8081.5182,8002.6408,8529.6424],[0.0039,0.0040,0.0039,0.0040,0.0037][0.0980,0.2052,0.1233,0.4456,0.1027][0.0010,0.0010,0.0010,0.0010,0.0011][0.0112,0.0117,0.0114,0.0135,0.0101],10064519168,29078,5374,10064650240
0ac30fcd9,256,65536,21474836480,100,lbr_now_nifs,-1,off,64022,639,4639,10064650240,.0078,64,8192,[85.9462,85.5470,89.6567,86.2914,83.8745],[0.0051,0.0049,0.0054,0.0059,0.0054][0.1185,0.1142,0.1115,0.1192,0.1237][0.0022,0.0022,0.0021,0.0023,0.0025][0.0101,0.0096,0.0113,0.0130,0.0118],[11119.4936,11215.1167,11412.1075,10997.9587,11062.1593],[0.0057,0.0057,0.0056,0.0058,0.0057][0.1203,0.1159,0.1146,0.1191,0.1312][0.0012,0.0012,0.0011,0.0011,0.0012][0.0165,0.0161,0.0158,0.0162,0.0165],10150051840,23040,6508,10150215680
0ac30fcd9,256,65536,21474836480,100,lbr_now_nifs,-1,off,64022,639,4639,10150215680,.0078,128,8192,[101.1000,105.0707,105.5617,102.5878,97.7103],[0.0073,0.0080,0.0074,0.0080,0.0084][0.1685,0.1711,0.1709,0.1742,0.1884][0.0023,0.0025,0.0024,0.0023,0.0024][0.0185,0.0191,0.0180,0.0205,0.0224],[12994.7476,13077.9833,13139.1953,13177.3991,12445.0237],[0.0098,0.0097,0.0097,0.0096,0.0102][0.2147,0.1782,0.1710,0.1747,0.1935][0.0013,0.0011,0.0014,0.0013,0.0013][0.0286,0.0275,0.0277,0.0277,0.0304],10147373056,23690,6205,10147569664
0ac30fcd9,256,65536,21474836480,100,lbr_now_nifs,-1,off,64022,639,4639,10147569664,.0078,256,8192,[106.2413,112.8156,109.2954,110.8877,114.5002],[0.0160,0.0143,0.0156,0.0176,0.0164][0.2794,0.2313,0.2343,0.2290,0.2249][0.0028,0.0026,0.0025,0.0030,0.0025][0.0369,0.0334,0.0374,0.0407,0.0385],[13835.6655,14059.5876,14084.4790,14336.4909,14369.5985],[0.0183,0.0181,0.0180,0.0177,0.0176][0.2812,0.2303,0.2382,0.2274,0.2240][0.0016,0.0021,0.0017,0.0017,0.0020][0.0449,0.0441,0.0446,0.0429,0.0425],10029080576,25561,6856,10029252608
0ac30fcd9,256,65536,21474836480,100,lbr_now_nifs,-1,off,64022,639,4639,10029252608,.0078,512,8192,[108.2500,112.9895,114.7473,109.7327,104.3384],[0.0353,0.0345,0.0371,0.0340,0.0361][0.2696,0.2475,0.3674,0.2604,0.3761][0.0046,0.0038,0.0032,0.0043,0.0031][0.0588,0.0575,0.0624,0.0592,0.0629],[14247.4866,14446.6055,14327.0440,14289.8041,13288.8411],[0.0355,0.0351,0.0353,0.0355,0.0380][0.2647,0.2455,0.3475,0.2570,0.3621][0.0030,0.0024,0.0037,0.0023,0.0016][0.0614,0.0608,0.0615,0.0625,0.0685],10147741696,59001,5597,10147807232
0ac30fcd9,256,65536,21474836480,100,lbr_now_nifs,-1,off,64022,639,4639,10147807232,.0078,1024,8192,[109.1301,113.1669,119.4635,120.1486,112.2978],[0.0866,0.0874,0.0803,0.0823,0.0827][0.3555,0.3254,0.3213,0.2938,0.3118][0.0074,0.0058,0.0086,0.0086,0.0084][0.1002,0.0932,0.0877,0.0855,0.0888],[13633.6572,14246.2023,15009.8611,15057.4508,14779.0554],[0.0741,0.0709,0.0673,0.0671,0.0684][0.3480,0.3170,0.2830,0.2461,0.2771][0.0027,0.0030,0.0035,0.0027,0.0022][0.0913,0.0817,0.0780,0.0764,0.0786],10028482560,44392,12206,10028703744
0ac30fcd9,256,65536,21474836480,100,lbr_now_nifs,-1,off,64022,639,4639,10028703744,.0078,2048,8192,[114.4162,117.3808,117.1270,114.7797,103.8916],[0.1634,0.1656,0.1672,0.1742,0.1884][0.4292,0.4309,0.4452,0.4277,0.5458][0.0203,0.0229,0.0241,0.0249,0.0239][0.1039,0.1072,0.1076,0.1054,0.1320],[14995.7896,15344.4533,15259.5343,15113.6309,13178.5326],[0.1345,0.1314,0.1321,0.1331,0.1520][0.3429,0.3582,0.3215,0.3321,0.4580][0.0165,0.0027,0.0045,0.0216,0.0183][0.0918,0.0908,0.0939,0.0930,0.1166],10148478976,34281,7535,10148642816
0ac30fcd9,256,65536,21474836480,100,lbr_now_nifs,-1,off,72360,667,8442,2346868736,.0078,32,16384,[42.3587,42.3464,36.5188,45.6397,45.1305],[0.0077,0.0072,0.0075,0.0067,0.0072][0.1646,0.1356,0.4708,0.1194,0.1635][0.0037,0.0037,0.0037,0.0035,0.0037][0.0152,0.0122,0.0204,0.0106,0.0126],[5444.5065,5471.5035,4654.3953,5877.7276,5873.6177],[0.0058,0.0058,0.0068,0.0054,0.0054][0.1629,0.1469,0.5382,0.2538,0.1672][0.0011,0.0011,0.0010,0.0010,0.0011][0.0189,0.0187,0.0310,0.0165,0.0165],19618586624,75587,9797,19618717696
0ac30fcd9,256,65536,21474836480,100,lbr_now_nifs,-1,off,72360,667,8442,19618717696,.0078,64,16384,[57.0945,55.0526,55.4034,55.5850,53.0146],[0.0082,0.0088,0.0084,0.0095,0.0096][0.1822,0.1908,0.1950,0.2029,0.2287][0.0041,0.0039,0.0040,0.0039,0.0037][0.0157,0.0188,0.0173,0.0219,0.0224],[7357.7358,7146.0516,7002.3243,6888.1657,6747.9966],[0.0086,0.0089,0.0091,0.0092,0.0094][0.2128,0.1931,0.2193,0.2427,0.2372][0.0012,0.0012,0.0013,0.0012,0.0013][0.0272,0.0279,0.0294,0.0299,0.0312],19713474560,62673,8918,19713654784
0ac30fcd9,256,65536,21474836480,100,lbr_now_nifs,-1,off,72360,667,8442,19713654784,.0078,128,16384,[65.5933,65.3022,60.3218,63.8430,57.2974],[0.0147,0.0159,0.0159,0.0164,0.0152][0.2614,0.2858,0.3187,0.2948,0.3446][0.0047,0.0045,0.0043,0.0045,0.0037][0.0352,0.0396,0.0402,0.0409,0.0427],[8354.4956,7991.6306,7697.9940,8100.0814,7556.9067],[0.0152,0.0159,0.0165,0.0157,0.0168][0.2606,0.3040,0.3665,0.3567,0.3432][0.0013,0.0016,0.0017,0.0015,0.0014][0.0456,0.0483,0.0515,0.0475,0.0534],19709583360,64270,8662,19709624320
0ac30fcd9,256,65536,21474836480,100,lbr_now_nifs,-1,off,72360,667,8442,19709624320,.0078,256,16384,[65.2102,61.1530,61.1489,65.8077,61.0029],[0.0337,0.0356,0.0396,0.0317,0.0336][0.2962,0.3862,0.4665,0.3263,0.3756][0.0066,0.0058,0.0053,0.0055,0.0055][0.0639,0.0695,0.0790,0.0600,0.0654],[8199.5462,7839.6431,7483.3358,8354.7763,7955.0163],[0.0309,0.0323,0.0338,0.0304,0.0319][0.2891,0.3872,0.4615,0.3196,0.3701][0.0024,0.0020,0.0015,0.0020,0.0017][0.0661,0.0704,0.0765,0.0647,0.0688],19607740416,86815,14710,19607977984
0ac30fcd9,256,65536,21474836480,100,lbr_now_nifs,-1,off,72360,667,8442,19607977984,.0078,512,16384,[68.8612,59.4186,52.9487,44.6333,65.3388],[0.0802,0.0825,0.1049,0.1116,0.0803][0.3679,0.4393,0.9242,0.9042,0.3960][0.0076,0.0067,0.0069,0.0078,0.0073][0.0994,0.1098,0.1528,0.1750,0.1027],[8277.6264,7587.5010,6792.1587,5934.2250,7985.9398],[0.0611,0.0667,0.0745,0.0853,0.0633][0.3494,0.4265,0.9109,0.8868,0.3835][0.0041,0.0042,0.0030,0.0026,0.0025][0.0888,0.1040,0.1315,0.1628,0.0946],19606937600,336102,9946,19607371776
0ac30fcd9,256,65536,21474836480,100,lbr_now_nifs,-1,off,72360,667,8442,19607371776,.0078,1024,16384,[67.5114,68.5386,63.6924,63.2463,66.9969],[0.1624,0.1566,0.1635,0.1595,0.1651][0.4241,0.5122,0.5419,0.4850,0.5392][0.0083,0.0173,0.0155,0.0138,0.0145][0.1312,0.1327,0.1435,0.1393,0.1353],[8676.8043,8482.1294,8039.0575,8291.0532,8412.9000],[0.1165,0.1190,0.1258,0.1220,0.1200][0.3785,0.4955,0.4588,0.4657,0.5127][0.0021,0.0090,0.0049,0.0052,0.0045][0.1141,0.1195,0.1275,0.1222,0.1178],19608158208,288431,10049,19608395776
0ac30fcd9,256,65536,21474836480,100,lbr_now_nifs,-1,off,72360,667,8442,19608395776,.0078,2048,16384,[68.3087,62.3499,62.7607,65.6763,64.8366],[0.2927,0.3388,0.3001,0.2803,0.2804][0.7237,0.8041,0.8301,0.8953,0.6302][0.0322,0.0415,0.0315,0.0411,0.0301][0.1482,0.1659,0.1693,0.1630,0.1455],[8593.4601,7735.3784,7982.4288,8294.2023,8601.7149],[0.2350,0.2608,0.2520,0.2437,0.2350][0.6119,0.7369,0.5913,0.5621,0.6073][0.0053,0.0024,0.0123,0.0027,0.0042][0.1439,0.1630,0.1589,0.1472,0.1421],19607920640,295634,9732,19608174592
0ac30fcd9,256,65536,21474836480,100,lbr_kid_now_norm,-1,off,41349,632,684,130392064,.0078,32,256,[140.7095,133.8176,136.9762,137.0330,141.5515],[0.0015,0.0016,0.0015,0.0015,0.0014][0.0177,0.0209,0.0197,0.0182,0.0177][0.0008,0.0007,0.0008,0.0007,0.0008][0.0012,0.0016,0.0012,0.0011,0.0011],[17829.7810,17925.1412,17791.8030,17717.3740,17855.7775],[0.0018,0.0018,0.0018,0.0018,0.0018][0.0586,0.0211,0.0216,0.0325,0.0213][0.0005,0.0004,0.0004,0.0005,0.0005][0.0019,0.0018,0.0018,0.0019,0.0018],482287616,2709,847,482287616
0ac30fcd9,256,65536,21474836480,100,lbr_kid_now_norm,-1,off,41349,632,684,482287616,.0078,64,256,[221.8101,214.8251,220.6456,221.0319,216.3621],[0.0017,0.0017,0.0018,0.0017,0.0017][0.0289,0.0267,0.0282,0.0261,0.0276][0.0008,0.0008,0.0009,0.0008,0.0009][0.0022,0.0018,0.0027,0.0019,0.0019],[27713.7169,28107.2757,28121.4655,28371.7181,28214.2324],[0.0023,0.0023,0.0023,0.0022,0.0023][0.0327,0.0305,0.0288,0.0310,0.0351][0.0006,0.0006,0.0006,0.0006,0.0006][0.0033,0.0032,0.0032,0.0031,0.0032],482181120,2732,814,482181120
0ac30fcd9,256,65536,21474836480,100,lbr_kid_now_norm,-1,off,41349,632,684,482181120,.0078,128,256,[285.6359,287.7068,284.5494,286.0825,287.3413],[0.0028,0.0028,0.0027,0.0026,0.0026][0.0441,0.0456,0.0412,0.0423,0.0420][0.0008,0.0009,0.0008,0.0009,0.0008][0.0047,0.0045,0.0042,0.0043,0.0044],[35846.8457,36360.4873,36666.4088,37083.8197,37173.1206],[0.0035,0.0035,0.0035,0.0034,0.0034][0.0451,0.0460,0.0453,0.0431,0.0424][0.0008,0.0008,0.0008,0.0008,0.0007][0.0054,0.0054,0.0053,0.0053,0.0052],482172928,2803,794,482172928
0ac30fcd9,256,65536,21474836480,100,lbr_kid_now_norm,-1,off,41349,632,684,482172928,.0078,256,256,[339.6386,335.9821,341.6137,361.2754,342.4198],[0.0048,0.0049,0.0043,0.0045,0.0046][0.0539,0.0546,0.0511,0.0518,0.0507][0.0009,0.0009,0.0009,0.0011,0.0010][0.0075,0.0078,0.0063,0.0064,0.0064],[43061.0703,43238.8691,43818.7575,44238.3111,44297.2241],[0.0059,0.0058,0.0058,0.0057,0.0057][0.0582,0.0559,0.0524,0.0560,0.0518][0.0011,0.0011,0.0010,0.0013,0.0012][0.0078,0.0078,0.0076,0.0073,0.0073],482107392,2678,824,482107392
0ac30fcd9,256,65536,21474836480,100,lbr_kid_now_norm,-1,off,41349,632,684,482107392,.0078,512,256,[374.3054,365.9470,368.1285,383.1662,372.9090],[0.0086,0.0087,0.0084,0.0086,0.0086][0.0683,0.0678,0.0638,0.0742,0.0583][0.0012,0.0013,0.0011,0.0016,0.0011][0.0102,0.0104,0.0097,0.0101,0.0098],[45884.2219,46784.9374,46666.2245,47116.5469,47099.9757],[0.0110,0.0108,0.0108,0.0107,0.0107][0.0675,0.0658,0.0700,0.0699,0.0616][0.0009,0.0010,0.0014,0.0007,0.0017][0.0112,0.0108,0.0110,0.0105,0.0104],482107392,2568,818,482107392
0ac30fcd9,256,65536,21474836480,100,lbr_kid_now_norm,-1,off,41349,632,684,482107392,.0078,1024,256,[375.1771,374.1869,372.5761,379.9927,383.9498],[0.0169,0.0182,0.0181,0.0171,0.0177][0.0736,0.0768,0.0751,0.0933,0.0778][0.0016,0.0017,0.0026,0.0018,0.0018][0.0141,0.0162,0.0153,0.0153,0.0149],[47826.5844,48248.0558,48435.9324,48353.4075,48046.1335],[0.0209,0.0207,0.0206,0.0207,0.0208][0.0835,0.0801,0.0757,0.0891,0.0744][0.0018,0.0016,0.0025,0.0017,0.0007][0.0144,0.0147,0.0140,0.0149,0.0146],482115584,2543,799,482115584
0ac30fcd9,256,65536,21474836480,100,lbr_kid_now_norm,-1,off,41349,632,684,482115584,.0078,2048,256,[382.4603,377.1119,365.2851,388.3529,384.2427],[0.0363,0.0354,0.0332,0.0380,0.0371][0.1112,0.1262,0.1148,0.1159,0.1251][0.0037,0.0024,0.0065,0.0059,0.0037][0.0213,0.0230,0.0187,0.0213,0.0218],[48513.6816,49239.2853,48956.4814,49490.6246,49087.6285],[0.0413,0.0407,0.0408,0.0405,0.0409][0.1088,0.1152,0.1150,0.1097,0.1184][0.0069,0.0066,0.0028,0.0093,0.0032][0.0188,0.0201,0.0188,0.0189,0.0182],482205696,2585,820,482205696
0ac30fcd9,256,65536,21474836480,100,lbr_kid_now_norm,-1,off,39650,626,711,148619264,.0078,32,512,[130.2630,128.7027,126.5952,130.7337,129.9170],[0.0016,0.0016,0.0016,0.0016,0.0016][0.0230,0.0220,0.0284,0.0233,0.0306][0.0009,0.0009,0.0009,0.0008,0.0009][0.0017,0.0019,0.0015,0.0016,0.0015],[16775.9994,16816.9732,16900.3150,17059.7486,16919.5081],[0.0019,0.0019,0.0019,0.0019,0.0019][0.0501,0.0280,0.0283,0.0263,0.0384][0.0005,0.0005,0.0005,0.0005,0.0005][0.0023,0.0022,0.0023,0.0022,0.0023],787955712,3203,931,787972096
0ac30fcd9,256,65536,21474836480,100,lbr_kid_now_norm,-1,off,39650,626,711,787972096,.0078,64,512,[200.7532,199.0042,194.8022,208.4573,207.3048],[0.0018,0.0019,0.0018,0.0017,0.0018][0.0362,0.0383,0.0376,0.0309,0.0345][0.0009,0.0009,0.0009,0.0008,0.0009][0.0024,0.0030,0.0024,0.0017,0.0023],[26007.0025,26089.1153,26094.1835,26706.2169,26785.1615],[0.0024,0.0024,0.0024,0.0024,0.0024][0.0380,0.0386,0.0384,0.0377,0.0358][0.0006,0.0006,0.0006,0.0006,0.0006][0.0041,0.0039,0.0041,0.0038,0.0038],787841024,3379,905,787841024
0ac30fcd9,256,65536,21474836480,100,lbr_kid_now_norm,-1,off,39650,626,711,787841024,.0078,128,512,[260.2958,265.7793,258.3062,271.9784,262.8828],[0.0031,0.0027,0.0028,0.0029,0.0028][0.0495,0.0501,0.0527,0.0477,0.0481][0.0009,0.0009,0.0008,0.0010,0.0009][0.0060,0.0043,0.0045,0.0054,0.0051],[33674.7852,34071.0305,33638.8116,34934.6696,34809.4379],[0.0038,0.0037,0.0038,0.0036,0.0036][0.0505,0.0536,0.1310,0.0516,0.0485][0.0009,0.0009,0.0009,0.0009,0.0008][0.0063,0.0064,0.0069,0.0062,0.0061],787865600,3341,933,787865600
0ac30fcd9,256,65536,21474836480,100,lbr_kid_now_norm,-1,off,39650,626,711,787865600,.0078,256,512,[306.5420,302.7722,323.4640,317.0532,326.3234],[0.0050,0.0050,0.0047,0.0045,0.0047][0.0594,0.0661,0.0587,0.0604,0.0562][0.0010,0.0009,0.0009,0.0009,0.0011][0.0085,0.0082,0.0073,0.0067,0.0070],[39295.8893,39663.8928,40592.6134,41043.5161,41107.4105],[0.0064,0.0064,0.0062,0.0062,0.0062][0.0618,0.0668,0.0604,0.0606,0.0602][0.0013,0.0010,0.0008,0.0014,0.0012][0.0094,0.0095,0.0090,0.0087,0.0087],787709952,3291,892,787709952
0ac30fcd9,256,65536,21474836480,100,lbr_kid_now_norm,-1,off,39650,626,711,787709952,.0078,512,512,[341.0209,349.5560,336.7123,342.3484,340.5599],[0.0089,0.0094,0.0091,0.0092,0.0091][0.0684,0.0716,0.0971,0.0683,0.0656][0.0015,0.0012,0.0014,0.0010,0.0014][0.0101,0.0110,0.0111,0.0116,0.0111],[42984.2546,44338.5797,44459.8280,44460.3897,44665.2215],[0.0117,0.0114,0.0113,0.0113,0.0113][0.0717,0.0708,0.0942,0.0683,0.0677][0.0014,0.0018,0.0016,0.0016,0.0013][0.0125,0.0119,0.0120,0.0117,0.0119],787791872,3323,883,787791872
0ac30fcd9,256,65536,21474836480,100,lbr_kid_now_norm,-1,off,39650,626,711,787791872,.0078,1024,512,[358.6433,358.2745,364.4319,370.7222,358.9423],[0.0186,0.0191,0.0188,0.0181,0.0181][0.0802,0.0845,0.0827,0.0874,0.0811][0.0013,0.0018,0.0011,0.0023,0.0027][0.0157,0.0165,0.0171,0.0158,0.0154],[46019.8933,45730.5425,45663.4099,46243.8254,45704.8248],[0.0218,0.0219,0.0219,0.0217,0.0217][0.0792,0.0795,0.0916,0.0841,0.0845][0.0028,0.0015,0.0014,0.0028,0.0015][0.0158,0.0156,0.0168,0.0154,0.0162],787652608,3352,889,787652608
0ac30fcd9,256,65536,21474836480,100,lbr_kid_now_norm,-1,off,39650,626,711,787652608,.0078,2048,512,[361.9105,347.8635,350.3201,348.5049,345.1039],[0.0387,0.0430,0.0411,0.0394,0.0396][0.1243,0.1308,0.1349,0.1270,0.1134][0.0039,0.0049,0.0049,0.0060,0.0044][0.0246,0.0254,0.0245,0.0231,0.0224],[47093.3244,46124.9446,46169.7959,46488.4237,46315.9018],[0.0426,0.0434,0.0435,0.0431,0.0433][0.1148,0.1282,0.1097,0.1199,0.1159][0.0017,0.0085,0.0028,0.0034,0.0090][0.0212,0.0219,0.0220,0.0209,0.0205],787931136,3329,889,787931136
0ac30fcd9,256,65536,21474836480,100,lbr_kid_now_norm,-1,off,47153,640,818,185081856,.0078,32,1024,[126.7704,124.5159,126.3390,129.4421,120.0422],[0.0017,0.0017,0.0017,0.0017,0.0017][0.0218,0.0276,0.0236,0.0274,0.0266][0.0010,0.0009,0.0009,0.0009,0.0009][0.0014,0.0017,0.0016,0.0020,0.0017],[16104.9984,16248.3035,16228.1843,16142.2784,16101.8203],[0.0020,0.0020,0.0020,0.0020,0.0020][0.0436,0.0290,0.0289,0.0366,0.0286][0.0005,0.0005,0.0005,0.0005,0.0005][0.0025,0.0025,0.0026,0.0029,0.0024],1359405056,4278,1111,1359405056
0ac30fcd9,256,65536,21474836480,100,lbr_kid_now_norm,-1,off,47153,640,818,1359405056,.0078,64,1024,[187.7179,191.5967,190.5570,191.3567,193.6617],[0.0022,0.0021,0.0021,0.0020,0.0021][0.0390,0.0416,0.0421,0.0343,0.0831][0.0010,0.0009,0.0010,0.0010,0.0010][0.0038,0.0033,0.0035,0.0026,0.0035],[23985.9247,24137.8971,24302.5314,24841.0803,24618.4415],[0.0026,0.0026,0.0026,0.0026,0.0026][0.0490,0.0472,0.0428,0.0378,0.0837][0.0007,0.0006,0.0007,0.0007,0.0006][0.0046,0.0046,0.0043,0.0041,0.0044],1359208448,4500,2082,1359249408
0ac30fcd9,256,65536,21474836480,100,lbr_kid_now_norm,-1,off,47153,640,818,1359249408,.0078,128,1024,[235.5873,252.2077,264.2773,260.9494,251.3705],[0.0030,0.0034,0.0029,0.0030,0.0030][0.0868,0.0538,0.0537,0.0513,0.0491][0.0010,0.0010,0.0010,0.0009,0.0010][0.0059,0.0063,0.0046,0.0047,0.0051],[31195.1067,32184.2210,32401.7171,32832.6978,32974.5046],[0.0041,0.0039,0.0039,0.0039,0.0038][0.0870,0.0534,0.0541,0.0537,0.0557][0.0008,0.0008,0.0008,0.0008,0.0008][0.0073,0.0067,0.0065,0.0064,0.0063],1359224832,4267,1080,1359224832
0ac30fcd9,256,65536,21474836480,100,lbr_kid_now_norm,-1,off,47153,640,818,1359224832,.0078,256,1024,[287.1775,297.6791,291.5186,287.5542,294.6693],[0.0054,0.0053,0.0050,0.0051,0.0048][0.0634,0.0636,0.0665,0.0637,0.0611][0.0010,0.0012,0.0010,0.0011,0.0012][0.0089,0.0091,0.0080,0.0082,0.0076],[36765.4202,36909.2681,37443.5350,37545.5003,37972.8326],[0.0069,0.0069,0.0068,0.0067,0.0067][0.0648,0.0664,0.0672,0.0689,0.0641][0.0012,0.0009,0.0012,0.0014,0.0015][0.0105,0.0108,0.0106,0.0106,0.0103],1359216640,4684,1041,1359216640
0ac30fcd9,256,65536,21474836480,100,lbr_kid_now_norm,-1,off,47153,640,818,1359216640,.0078,512,1024,[304.9208,298.6477,301.3561,307.3171,311.6821],[0.0100,0.0102,0.0105,0.0108,0.0099][0.0884,0.0790,0.0816,0.0832,0.0822][0.0016,0.0013,0.0015,0.0017,0.0017][0.0134,0.0133,0.0140,0.0147,0.0130],[38805.0234,39071.1484,39608.7733,40123.4104,41185.9009],[0.0130,0.0129,0.0127,0.0125,0.0122][0.0861,0.0842,0.0828,0.0803,0.0807][0.0021,0.0014,0.0021,0.0017,0.0016][0.0153,0.0150,0.0148,0.0147,0.0145],1359372288,4610,1053,1359372288
0ac30fcd9,256,65536,21474836480,100,lbr_kid_now_norm,-1,off,47153,640,818,1359372288,.0078,1024,1024,[327.1383,305.4828,305.0367,287.6154,319.5576],[0.0207,0.0206,0.0206,0.0225,0.0197][0.0977,0.0936,0.0976,0.2842,0.0895][0.0022,0.0029,0.0024,0.0019,0.0024][0.0192,0.0196,0.0191,0.0260,0.0183],[40145.0533,41128.1371,40568.9329,36316.9555,41602.1153],[0.0247,0.0243,0.0247,0.0274,0.0240][0.1053,0.0963,0.1011,0.2818,0.0910][0.0025,0.0021,0.0018,0.0014,0.0013][0.0205,0.0201,0.0200,0.0342,0.0195],1359298560,4519,1083,1359298560
0ac30fcd9,256,65536,21474836480,100,lbr_kid_now_norm,-1,off,47153,640,818,1359298560,.0078,2048,1024,[330.2811,332.2794,326.9739,332.1848,340.9891],[0.0446,0.0447,0.0434,0.0444,0.0423][0.1390,0.1411,0.1485,0.1305,0.1485][0.0054,0.0046,0.0059,0.0052,0.0066][0.0288,0.0266,0.0297,0.0274,0.0268],[42730.6695,42489.3714,43006.7501,43090.4921,43093.8006],[0.0469,0.0471,0.0465,0.0463,0.0465][0.1316,0.1281,0.1355,0.1235,0.1266][0.0030,0.0063,0.0091,0.0094,0.0131][0.0250,0.0255,0.0257,0.0250,0.0243],1359265792,4515,1062,1359265792
0ac30fcd9,256,65536,21474836480,100,lbr_kid_now_norm,-1,off,54808,635,1398,296108032,.0078,32,2048,[104.3973,105.3843,103.7638,103.0297,104.6369],[0.0025,0.0023,0.0024,0.0024,0.0024][0.0438,0.0441,0.0445,0.0450,0.0460][0.0014,0.0013,0.0013,0.0013,0.0014][0.0036,0.0031,0.0035,0.0034,0.0035],[13348.8369,13234.2863,13190.7428,13408.9918,13519.9011],[0.0024,0.0024,0.0024,0.0024,0.0023][0.0648,0.0483,0.0473,0.0483,0.0466][0.0006,0.0006,0.0006,0.0006,0.0006][0.0047,0.0048,0.0049,0.0049,0.0049],3156353024,9690,1800,3156353024
0ac30fcd9,256,65536,21474836480,100,lbr_kid_now_norm,-1,off,54808,635,1398,3156353024,.0078,64,2048,[157.7076,154.3771,151.5687,153.0691,151.3499],[0.0029,0.0027,0.0031,0.0030,0.0030][0.0610,0.0626,0.0663,0.0629,0.0641][0.0012,0.0013,0.0013,0.0014,0.0013][0.0057,0.0046,0.0065,0.0060,0.0062],[19240.2723,19436.3643,19380.3152,19764.2305,19736.8219],[0.0033,0.0033,0.0033,0.0032,0.0032][0.0672,0.0659,0.0658,0.0632,0.0639][0.0007,0.0008,0.0006,0.0008,0.0007][0.0076,0.0076,0.0076,0.0074,0.0074],3156099072,8646,1694,3156099072
0ac30fcd9,256,65536,21474836480,100,lbr_kid_now_norm,-1,off,54808,635,1398,3156099072,.0078,128,2048,[188.7846,199.9454,193.0993,192.4434,195.9774],[0.0044,0.0044,0.0039,0.0039,0.0040][0.0873,0.0815,0.0823,0.0808,0.0803][0.0014,0.0013,0.0014,0.0014,0.0014][0.0102,0.0096,0.0080,0.0079,0.0088],[24060.4178,24453.5924,24514.9184,24816.0682,25008.5344],[0.0053,0.0052,0.0052,0.0051,0.0051][0.0909,0.0841,0.0898,0.0866,0.0818][0.0009,0.0010,0.0012,0.0009,0.0009][0.0125,0.0117,0.0119,0.0117,0.0113],3156066304,8813,1653,3156066304
0ac30fcd9,256,65536,21474836480,100,lbr_kid_now_norm,-1,off,54808,635,1398,3156066304,.0078,256,2048,[212.6959,218.1537,215.8174,213.0605,210.3790],[0.0080,0.0075,0.0075,0.0078,0.0076][0.1117,0.1090,0.1118,0.2321,0.1225][0.0016,0.0015,0.0017,0.0017,0.0016][0.0176,0.0162,0.0164,0.0177,0.0160],[26949.6072,27307.8496,27792.5764,26755.3550,27451.6451],[0.0094,0.0092,0.0091,0.0095,0.0092][0.1123,0.1093,0.1118,0.2155,0.1240][0.0014,0.0012,0.0014,0.0015,0.0017][0.0200,0.0196,0.0193,0.0208,0.0192],3156164608,9004,1671,3156164608
0ac30fcd9,256,65536,21474836480,100,lbr_kid_now_norm,-1,off,54808,635,1398,3156164608,.0078,512,2048,[220.2950,229.4074,229.8213,222.8590,233.1485],[0.0153,0.0146,0.0149,0.0139,0.0146][0.1388,0.1254,0.1290,0.1318,0.1202][0.0020,0.0022,0.0025,0.0018,0.0020][0.0263,0.0238,0.0245,0.0236,0.0234],[28481.2822,29579.2582,29612.9889,29991.2214,30319.6296],[0.0177,0.0171,0.0170,0.0168,0.0166][0.1404,0.1255,0.1271,0.1262,0.1204][0.0017,0.0015,0.0016,0.0017,0.0021][0.0282,0.0262,0.0265,0.0265,0.0255],3156631552,12859,1656,3156705280
0ac30fcd9,256,65536,21474836480,100,lbr_kid_now_norm,-1,off,54808,635,1398,3156705280,.0078,1024,2048,[253.9675,234.2061,238.7547,247.7747,233.2500],[0.0296,0.0291,0.0298,0.0299,0.0293][0.1438,0.1483,0.1462,0.1480,0.1592][0.0033,0.0038,0.0022,0.0025,0.0028][0.0344,0.0338,0.0342,0.0343,0.0335],[30880.7760,30614.9782,30578.4700,30834.0195,31174.1435],[0.0325,0.0329,0.0328,0.0326,0.0322][0.1550,0.1649,0.1380,0.1395,0.1426][0.0022,0.0037,0.0020,0.0017,0.0020][0.0349,0.0353,0.0350,0.0346,0.0341],3156107264,11665,2733,3156148224
0ac30fcd9,256,65536,21474836480,100,lbr_kid_now_norm,-1,off,54808,635,1398,3156148224,.0078,2048,2048,[221.8355,234.1201,234.5788,234.1677,231.1225],[0.0718,0.0717,0.0774,0.0679,0.0716][0.1888,0.2025,0.2071,0.2295,0.2256][0.0058,0.0066,0.0060,0.0084,0.0060][0.0507,0.0527,0.0558,0.0509,0.0557],[29420.3370,29576.8154,29786.1511,29450.8785,29327.9928],[0.0682,0.0672,0.0674,0.0682,0.0677][0.1925,0.1781,0.1819,0.2029,0.1905][0.0104,0.0041,0.0029,0.0107,0.0113][0.0468,0.0466,0.0471,0.0474,0.0473],3156148224,12196,2651,3156189184
0ac30fcd9,256,65536,21474836480,100,lbr_kid_now_norm,-1,off,69110,618,1959,475078656,.0078,32,4096,[82.4171,84.7818,88.6794,85.9501,84.9260],[0.0032,0.0029,0.0033,0.0030,0.0029][0.0577,0.0610,0.0600,0.0628,0.0561][0.0019,0.0017,0.0018,0.0017,0.0016][0.0046,0.0027,0.0049,0.0038,0.0036],[11039.9724,10777.6866,10954.7794,11149.3325,11329.8332],[0.0029,0.0029,0.0029,0.0028,0.0028][0.0759,0.0620,0.0750,0.0625,0.0594][0.0010,0.0010,0.0010,0.0010,0.0010][0.0069,0.0072,0.0071,0.0069,0.0068],6069764096,13638,3616,6069886976
0ac30fcd9,256,65536,21474836480,100,lbr_kid_now_norm,-1,off,69110,618,1959,6069886976,.0078,64,4096,[115.3091,121.6625,122.5527,120.6954,123.2654],[0.0039,0.0036,0.0037,0.0039,0.0036][0.0879,0.0804,0.0805,0.0786,0.0817][0.0018,0.0017,0.0017,0.0017,0.0017][0.0076,0.0062,0.0068,0.0078,0.0065],[15300.2441,15288.3105,15793.1447,15432.7246,15669.5272],[0.0041,0.0042,0.0040,0.0041,0.0041][0.0867,0.0835,0.0795,0.0921,0.0857][0.0010,0.0012,0.0012,0.0011,0.0012][0.0111,0.0107,0.0103,0.0107,0.0106],6069329920,13401,2290,6069420032
0ac30fcd9,256,65536,21474836480,100,lbr_kid_now_norm,-1,off,69110,618,1959,6069420032,.0078,128,4096,[139.4938,135.7304,145.5854,145.2336,145.6791],[0.0052,0.0058,0.0055,0.0057,0.0054][0.1259,0.1275,0.1176,0.1209,0.1115][0.0016,0.0019,0.0019,0.0018,0.0020][0.0123,0.0144,0.0123,0.0135,0.0114],[18483.8851,18143.8759,18922.3008,18851.4797,18376.5737],[0.0069,0.0070,0.0067,0.0067,0.0069][0.1303,0.1586,0.1201,0.1217,0.1229][0.0013,0.0012,0.0014,0.0013,0.0013][0.0183,0.0184,0.0172,0.0173,0.0173],6070034432,13449,2339,6070067200
0ac30fcd9,256,65536,21474836480,100,lbr_kid_now_norm,-1,off,69110,618,1959,6070067200,.0078,256,4096,[162.3535,156.3054,168.7417,162.3850,163.9210],[0.0102,0.0104,0.0112,0.0097,0.0104][0.1548,0.1914,0.1527,0.1520,0.1588][0.0021,0.0021,0.0019,0.0020,0.0020][0.0223,0.0233,0.0248,0.0209,0.0223],[20664.3281,20501.8808,21190.3113,21245.4576,20597.7024],[0.0123,0.0124,0.0119,0.0119,0.0123][0.1540,0.1819,0.1591,0.1540,0.1558][0.0018,0.0016,0.0016,0.0014,0.0016][0.0276,0.0273,0.0272,0.0263,0.0270],6069264384,13710,2316,6069264384
0ac30fcd9,256,65536,21474836480,100,lbr_kid_now_norm,-1,off,69110,618,1959,6069264384,.0078,512,4096,[170.0788,166.9472,161.6500,171.7203,178.9182],[0.0193,0.0208,0.0223,0.0189,0.0194][0.1889,0.1718,0.2354,0.1668,0.1741][0.0027,0.0031,0.0021,0.0027,0.0030][0.0349,0.0377,0.0404,0.0342,0.0348],[21829.8558,22285.0241,21447.0205,22215.1183,22017.2558],[0.0232,0.0227,0.0235,0.0228,0.0227][0.1920,0.1709,0.2312,0.1725,0.1752][0.0018,0.0018,0.0016,0.0015,0.0021][0.0413,0.0405,0.0421,0.0407,0.0402],6069575680,16232,3312,6069633024
0ac30fcd9,256,65536,21474836480,100,lbr_kid_now_norm,-1,off,69110,618,1959,6069633024,.0078,1024,4096,[178.5588,168.0269,178.1366,182.5551,178.0657],[0.0482,0.0461,0.0485,0.0481,0.0498][0.2015,0.2858,0.1960,0.2067,0.2545][0.0062,0.0050,0.0040,0.0061,0.0060][0.0571,0.0563,0.0556,0.0558,0.0582],[22262.4352,22246.2683,22743.5738,23171.8108,22271.7314],[0.0452,0.0453,0.0442,0.0434,0.0452][0.1975,0.2919,0.1921,0.1865,0.2460][0.0034,0.0022,0.0019,0.0035,0.0019][0.0548,0.0562,0.0531,0.0526,0.0548],6068879360,16632,3287,6068936704
0ac30fcd9,256,65536,21474836480,100,lbr_kid_now_norm,-1,off,69110,618,1959,6068936704,.0078,2048,4096,[170.1712,179.1759,187.6295,183.9161,186.3147],[0.0940,0.1023,0.1003,0.0986,0.0981][0.2794,0.2744,0.2520,0.2615,0.2465][0.0126,0.0062,0.0134,0.0070,0.0096][0.0741,0.0755,0.0709,0.0740,0.0734],[22879.3834,23005.2849,23435.6040,23310.8036,23343.5476],[0.0879,0.0875,0.0858,0.0863,0.0862][0.2280,0.2435,0.2224,0.2235,0.2204][0.0019,0.0028,0.0101,0.0093,0.0055][0.0655,0.0633,0.0619,0.0651,0.0633],6069100544,16707,3293,6069182464
0ac30fcd9,256,65536,21474836480,100,lbr_kid_now_norm,-1,off,78344,646,2810,674054144,.0078,32,8192,[67.2334,65.9813,66.9297,72.1472,71.4487],[0.0041,0.0044,0.0044,0.0047,0.0047][0.0950,0.0838,0.0777,0.0762,0.0882][0.0025,0.0024,0.0024,0.0026,0.0025][0.0050,0.0059,0.0064,0.0074,0.0077],[8636.0992,8366.1231,8642.1846,8780.2528,8989.8752],[0.0037,0.0038,0.0037,0.0036,0.0035][0.1031,0.1567,0.0852,0.0874,0.0875][0.0010,0.0010,0.0010,0.0010,0.0011][0.0101,0.0103,0.0098,0.0095,0.0092],9276841984,31021,3936,9276981248
0ac30fcd9,256,65536,21474836480,100,lbr_kid_now_norm,-1,off,78344,646,2810,9276981248,.0078,64,8192,[92.4384,89.8661,92.4978,91.3744,83.8137],[0.0058,0.0056,0.0052,0.0060,0.0058][0.1098,0.1053,0.1078,0.1079,0.1194][0.0025,0.0026,0.0026,0.0027,0.0025][0.0112,0.0106,0.0090,0.0126,0.0116],[11571.6837,11550.7283,11683.0832,11570.9279,11242.1671],[0.0055,0.0055,0.0054,0.0055,0.0056][0.1123,0.1101,0.1143,0.1111,0.1240][0.0010,0.0011,0.0011,0.0011,0.0011][0.0153,0.0150,0.0151,0.0153,0.0160],9396076544,22234,5785,9396215808
0ac30fcd9,256,65536,21474836480,100,lbr_kid_now_norm,-1,off,78344,646,2810,9396215808,.0078,128,8192,[105.8731,105.8305,107.5536,104.1411,106.2509],[0.0085,0.0081,0.0086,0.0091,0.0086][0.1603,0.1678,0.1598,0.1630,0.1727][0.0026,0.0028,0.0029,0.0028,0.0028][0.0191,0.0188,0.0199,0.0217,0.0204],[13424.0018,13764.3086,13558.5057,13580.3558,13258.3366],[0.0095,0.0092,0.0094,0.0093,0.0096][0.1728,0.1707,0.1618,0.1628,0.1920][0.0013,0.0014,0.0014,0.0014,0.0013][0.0258,0.0259,0.0259,0.0261,0.0270],9395814400,23703,3730,9396002816
0ac30fcd9,256,65536,21474836480,100,lbr_kid_now_norm,-1,off,78344,646,2810,9396002816,.0078,256,8192,[120.2087,111.0053,114.9569,118.2274,114.4613],[0.0145,0.0152,0.0146,0.0156,0.0145][0.2403,0.2381,0.2141,0.2064,0.2220][0.0033,0.0034,0.0030,0.0033,0.0032][0.0310,0.0334,0.0312,0.0333,0.0292],[15143.7609,14314.3759,14660.6516,14951.7615,15218.1279],[0.0167,0.0177,0.0173,0.0170,0.0167][0.2404,0.2597,0.2492,0.2107,0.2244][0.0018,0.0014,0.0018,0.0021,0.0014][0.0387,0.0427,0.0406,0.0399,0.0385],9277865984,25039,4876,9277988864
0ac30fcd9,256,65536,21474836480,100,lbr_kid_now_norm,-1,off,78344,646,2810,9277988864,.0078,512,8192,[122.7307,122.4927,124.9446,118.2789,121.4065],[0.0331,0.0326,0.0327,0.0328,0.0348][0.2286,0.2305,0.2372,0.2315,0.2438][0.0053,0.0045,0.0042,0.0044,0.0044][0.0517,0.0515,0.0513,0.0509,0.0552],[15313.8373,15402.0242,15720.1790,15122.8022,15323.8271],[0.0329,0.0328,0.0322,0.0335,0.0330][0.2284,0.2260,0.2267,0.2527,0.2448][0.0013,0.0022,0.0025,0.0032,0.0014][0.0544,0.0537,0.0537,0.0551,0.0548],9395036160,28646,3891,9395142656
0ac30fcd9,256,65536,21474836480,100,lbr_kid_now_norm,-1,off,78344,646,2810,9395142656,.0078,1024,8192,[123.2918,125.7205,122.4780,127.4515,118.4672],[0.0803,0.0798,0.0761,0.0797,0.0808][0.3370,0.2737,0.2494,0.2779,0.3113][0.0108,0.0109,0.0083,0.0086,0.0079][0.0801,0.0776,0.0747,0.0791,0.0833],[15402.5443,16042.0621,16065.3863,15871.6888,15086.8893],[0.0653,0.0629,0.0629,0.0635,0.0670][0.3256,0.2428,0.2375,0.2576,0.2895][0.0028,0.0037,0.0038,0.0013,0.0026][0.0726,0.0686,0.0661,0.0697,0.0744],9395519488,26697,4733,9395675136
0ac30fcd9,256,65536,21474836480,100,lbr_kid_now_norm,-1,off,78344,646,2810,9395675136,.0078,2048,8192,[124.8657,113.1554,126.7568,125.1785,126.4376],[0.1553,0.1656,0.1592,0.1533,0.1487][0.4010,0.4861,0.4156,0.4176,0.3770][0.0167,0.0190,0.0172,0.0207,0.0258][0.0996,0.1093,0.1001,0.1037,0.0975],[15920.6536,14801.2622,15772.9987,15796.4431,15664.0528],[0.1267,0.1357,0.1278,0.1253,0.1287][0.3526,0.3646,0.3336,0.3013,0.3367][0.0041,0.0028,0.0041,0.0148,0.0085][0.0837,0.0944,0.0850,0.0869,0.0878],9276915712,32814,4604,9277071360
0ac30fcd9,256,65536,21474836480,100,lbr_kid_now_norm,-1,off,83719,631,4401,1233649664,.0078,32,16384,[46.0190,45.3796,50.5167,47.8851,49.8629],[0.0072,0.0071,0.0072,0.0070,0.0071][0.1356,0.1238,0.1099,0.1119,0.1117][0.0040,0.0039,0.0040,0.0037,0.0039][0.0110,0.0111,0.0105,0.0093,0.0103],[6009.0995,5925.6166,6434.2898,6423.0661,6346.9070],[0.0053,0.0053,0.0049,0.0049,0.0050][0.1299,0.3031,0.1089,0.1560,0.1286][0.0011,0.0011,0.0011,0.0011,0.0010][0.0157,0.0166,0.0137,0.0137,0.0142],18312650752,102686,7342,18312765440
0ac30fcd9,256,65536,21474836480,100,lbr_kid_now_norm,-1,off,83719,631,4401,18312765440,.0078,64,16384,[62.6484,60.5324,58.7263,60.7621,57.6390],[0.0093,0.0088,0.0089,0.0097,0.0088][0.1702,0.1524,0.1808,0.2843,0.3966][0.0041,0.0042,0.0042,0.0040,0.0041][0.0191,0.0165,0.0175,0.0203,0.0186],[8115.9756,7930.5212,7724.6448,7840.6255,7536.4186],[0.0078,0.0080,0.0082,0.0081,0.0084][0.1648,0.1625,0.1906,0.2831,0.3942][0.0013,0.0012,0.0012,0.0012,0.0013][0.0235,0.0237,0.0254,0.0247,0.0264],18414575616,61479,5217,18414706688
0ac30fcd9,256,65536,21474836480,100,lbr_kid_now_norm,-1,off,83719,631,4401,18414706688,.0078,128,16384,[74.0687,67.5121,66.7445,62.6447,64.9650],[0.0127,0.0131,0.0132,0.0144,0.0150][0.2288,0.2474,0.2518,0.4291,0.3135][0.0046,0.0044,0.0048,0.0050,0.0049][0.0268,0.0285,0.0285,0.0341,0.0355],[9301.6855,8815.5266,8669.4030,8560.1468,8499.9626],[0.0136,0.0144,0.0147,0.0148,0.0149][0.2359,0.2569,0.3115,0.4329,0.3104][0.0013,0.0016,0.0014,0.0015,0.0017][0.0394,0.0415,0.0432,0.0448,0.0443],18414813184,63216,5086,18414895104
0ac30fcd9,256,65536,21474836480,100,lbr_kid_now_norm,-1,off,83719,631,4401,18414895104,.0078,256,16384,[71.5815,67.5731,71.3576,69.9839,68.3819],[0.0297,0.0326,0.0331,0.0317,0.0323][0.2510,0.2976,0.3281,0.3148,0.4018][0.0069,0.0048,0.0064,0.0057,0.0062][0.0523,0.0584,0.0603,0.0589,0.0612],[9242.5265,8930.0247,8588.4417,8805.3246,8576.4543],[0.0274,0.0284,0.0295,0.0288,0.0296][0.2504,0.3020,0.3227,0.3090,0.3977][0.0022,0.0021,0.0025,0.0016,0.0025][0.0561,0.0596,0.0614,0.0607,0.0630],18410536960,63453,5185,18410594304
0ac30fcd9,256,65536,21474836480,100,lbr_kid_now_norm,-1,off,83719,631,4401,18410594304,.0078,512,16384,[69.3934,71.0261,66.4077,70.0105,64.1229],[0.0749,0.0760,0.0755,0.0759,0.0773][0.3113,0.3405,0.3580,0.3510,0.5293][0.0076,0.0073,0.0077,0.0089,0.0075][0.0846,0.0889,0.0941,0.0879,0.0993],[9468.8139,9052.1782,8557.5624,9081.3403,8345.1305],[0.0534,0.0559,0.0591,0.0557,0.0607][0.2987,0.3340,0.3385,0.3269,0.5157][0.0051,0.0024,0.0025,0.0034,0.0033][0.0727,0.0786,0.0865,0.0777,0.0909],18414657536,288677,5703,18414690304
0ac30fcd9,256,65536,21474836480,100,lbr_kid_now_norm,-1,off,83719,631,4401,18414690304,.0078,1024,16384,[79.2561,71.5946,74.2088,73.1364,70.0099],[0.1413,0.1459,0.1513,0.1519,0.1415][0.3513,0.4779,0.4030,0.4251,0.4129][0.0156,0.0152,0.0143,0.0131,0.0147][0.1068,0.1132,0.1242,0.1181,0.1213],[10126.9073,9486.2658,8969.3221,9242.9226,8986.2638],[0.0997,0.1063,0.1126,0.1093,0.1112][0.3165,0.4690,0.3657,0.4127,0.3831][0.0037,0.0024,0.0052,0.0115,0.0055][0.0907,0.1001,0.1088,0.1035,0.1076],18411184128,276466,5739,18411290624
0ac30fcd9,256,65536,21474836480,100,lbr_kid_now_norm,-1,off,83719,631,4401,18411290624,.0078,2048,16384,[78.0802,74.2850,79.0422,75.3786,74.8773],[0.2324,0.2443,0.2508,0.2484,0.2607][0.4604,0.6128,0.6366,0.5256,0.5542][0.0403,0.0353,0.0273,0.0301,0.0349][0.1164,0.1358,0.1299,0.1265,0.1302],[10316.8357,9478.6994,9659.6715,9841.3202,9788.6647],[0.1957,0.2133,0.2091,0.2051,0.2064][0.3775,0.4846,0.4967,0.4191,0.4988][0.0027,0.0105,0.0034,0.0017,0.0226][0.1108,0.1254,0.1214,0.1194,0.1229],18412691456,280316,5663,18412969984
0ac30fcd9,256,65536,21474836480,100,lbr_kid_now_nifs,-1,off,41403,633,724,148045824,.0078,32,256,[137.9581,129.9333,133.7908,130.3046,140.8014],[0.0013,0.0012,0.0013,0.0013,0.0013][0.0199,0.0194,0.0190,0.0236,0.0187][0.0006,0.0006,0.0005,0.0006,0.0006][0.0013,0.0012,0.0012,0.0017,0.0014],[17514.9590,17632.5948,17470.1440,17478.3893,17592.3043],[0.0018,0.0018,0.0018,0.0018,0.0018][0.0233,0.0229,0.0242,0.0254,0.0245][0.0005,0.0005,0.0005,0.0005,0.0005][0.0020,0.0021,0.0021,0.0021,0.0020],499990528,2684,1160,500023296
0ac30fcd9,256,65536,21474836480,100,lbr_kid_now_nifs,-1,off,41403,633,724,500023296,.0078,64,256,[206.6101,217.2259,207.6722,210.9042,215.5478],[0.0016,0.0015,0.0015,0.0015,0.0015][0.0331,0.0290,0.0331,0.0323,0.0333][0.0006,0.0006,0.0006,0.0006,0.0006][0.0027,0.0021,0.0021,0.0023,0.0025],[26889.4492,27525.2218,27407.9734,27465.9385,27543.0066],[0.0024,0.0023,0.0023,0.0023,0.0023][0.0345,0.0341,0.0328,0.0416,0.0331][0.0006,0.0006,0.0006,0.0005,0.0006][0.0036,0.0035,0.0036,0.0036,0.0035],499908608,2813,884,499908608
0ac30fcd9,256,65536,21474836480,100,lbr_kid_now_nifs,-1,off,41403,633,724,499908608,.0078,128,256,[275.4915,274.7552,275.0825,279.8957,298.9631],[0.0026,0.0022,0.0022,0.0024,0.0023][0.0462,0.0456,0.0439,0.0468,0.0426][0.0005,0.0006,0.0006,0.0006,0.0007][0.0054,0.0037,0.0034,0.0048,0.0043],[35154.9580,35827.7133,35472.0540,35833.7517,36471.4927],[0.0036,0.0035,0.0036,0.0035,0.0035][0.0500,0.0474,0.0534,0.0485,0.0500][0.0007,0.0008,0.0008,0.0009,0.0009][0.0061,0.0058,0.0061,0.0059,0.0057],499826688,2815,893,499826688
0ac30fcd9,256,65536,21474836480,100,lbr_kid_now_nifs,-1,off,41403,633,724,499826688,.0078,256,256,[309.9135,322.4911,326.5930,340.9536,338.1244],[0.0044,0.0041,0.0042,0.0040,0.0040][0.0606,0.0622,0.0591,0.0578,0.0582][0.0007,0.0006,0.0008,0.0007,0.0007][0.0077,0.0062,0.0072,0.0064,0.0064],[41201.3042,41717.8372,42111.3930,43033.4371,42565.2117],[0.0061,0.0061,0.0060,0.0059,0.0060][0.0666,0.0650,0.0622,0.0598,0.0628][0.0006,0.0010,0.0010,0.0009,0.0007][0.0090,0.0086,0.0088,0.0084,0.0085],499834880,2809,859,499834880
0ac30fcd9,256,65536,21474836480,100,lbr_kid_now_nifs,-1,off,41403,633,724,499834880,.0078,512,256,[360.5915,364.0952,360.8197,349.7287,374.3036],[0.0093,0.0083,0.0076,0.0078,0.0088][0.0668,0.0654,0.0567,0.0658,0.0667][0.0009,0.0010,0.0008,0.0012,0.0009][0.0124,0.0106,0.0089,0.0099,0.0114],[45625.5081,45772.0869,46007.9599,46085.1890,46200.5828],[0.0110,0.0110,0.0109,0.0109,0.0109][0.0686,0.0664,0.0663,0.0686,0.0713][0.0014,0.0012,0.0011,0.0011,0.0016][0.0117,0.0114,0.0113,0.0115,0.0114],499843072,2830,874,499843072
0ac30fcd9,256,65536,21474836480,100,lbr_kid_now_nifs,-1,off,41403,633,724,499843072,.0078,1024,256,[362.6904,370.1310,358.0396,371.0907,378.8905],[0.0164,0.0164,0.0163,0.0155,0.0165][0.0815,0.0777,0.0871,0.0839,0.0751][0.0017,0.0010,0.0019,0.0018,0.0013][0.0147,0.0150,0.0144,0.0142,0.0150],[47845.8221,47587.7446,47137.1486,46793.7008,47259.6349],[0.0210,0.0211,0.0212,0.0215,0.0211][0.0895,0.0809,0.0830,0.0870,0.0880][0.0007,0.0018,0.0040,0.0015,0.0024][0.0155,0.0158,0.0151,0.0157,0.0154],499834880,2844,873,499834880
0ac30fcd9,256,65536,21474836480,100,lbr_kid_now_nifs,-1,off,41403,633,724,499834880,.0078,2048,256,[371.2594,371.4612,366.8836,356.0138,378.7606],[0.0362,0.0365,0.0380,0.0353,0.0347][0.1248,0.1219,0.1332,0.1202,0.1646][0.0037,0.0032,0.0044,0.0030,0.0035][0.0243,0.0246,0.0232,0.0215,0.0217],[47034.0570,47241.4593,46632.6470,47910.0570,47867.9366],[0.0424,0.0424,0.0430,0.0419,0.0419][0.1177,0.1154,0.1116,0.1122,0.1602][0.0024,0.0066,0.0095,0.0088,0.0051][0.0221,0.0215,0.0213,0.0215,0.0204],499875840,2826,867,499875840
0ac30fcd9,256,65536,21474836480,100,lbr_kid_now_nifs,-1,off,39621,664,817,187670528,.0078,32,512,[129.3524,129.6889,136.2833,134.8044,131.9979],[0.0014,0.0014,0.0014,0.0014,0.0013][0.0213,0.0224,0.0257,0.0256,0.0246][0.0006,0.0006,0.0006,0.0006,0.0006][0.0013,0.0014,0.0016,0.0018,0.0012],[16713.2835,16856.1908,16772.2198,16864.3777,16629.5587],[0.0019,0.0019,0.0019,0.0019,0.0019][0.0500,0.0316,0.0299,0.0264,0.0364][0.0005,0.0005,0.0005,0.0005,0.0005][0.0024,0.0025,0.0024,0.0024,0.0025],826802176,3196,1035,826810368
0ac30fcd9,256,65536,21474836480,100,lbr_kid_now_nifs,-1,off,39621,664,817,826810368,.0078,64,512,[189.7795,196.1394,203.8775,194.6878,196.8853],[0.0017,0.0017,0.0015,0.0018,0.0016][0.0410,0.0423,0.0371,0.0393,0.0347][0.0007,0.0007,0.0007,0.0007,0.0006][0.0034,0.0033,0.0021,0.0037,0.0028],[25300.5887,25442.6176,25554.1345,25902.3865,26124.4108],[0.0025,0.0025,0.0025,0.0025,0.0024][0.0422,0.0441,0.0411,0.0433,0.0391][0.0005,0.0006,0.0006,0.0006,0.0006][0.0046,0.0046,0.0045,0.0044,0.0043],826867712,3439,991,826867712
0ac30fcd9,256,65536,21474836480,100,lbr_kid_now_nifs,-1,off,39621,664,817,826867712,.0078,128,512,[258.0944,249.4414,256.1545,272.8110,285.0725],[0.0028,0.0026,0.0026,0.0025,0.0026][0.0553,0.0555,0.0569,0.0526,0.0510][0.0007,0.0007,0.0007,0.0006,0.0007][0.0061,0.0056,0.0056,0.0046,0.0052],[32765.9675,32940.5599,33205.6967,33657.0446,34059.2359],[0.0039,0.0039,0.0038,0.0038,0.0037][0.0562,0.0560,0.0575,0.0566,0.0537][0.0008,0.0008,0.0008,0.0008,0.0009][0.0070,0.0071,0.0071,0.0069,0.0067],826728448,3351,1026,826728448
0ac30fcd9,256,65536,21474836480,100,lbr_kid_now_nifs,-1,off,39621,664,817,826728448,.0078,256,512,[301.9209,313.4609,291.0590,315.5636,325.5842],[0.0048,0.0045,0.0046,0.0048,0.0048][0.0704,0.0715,0.0671,0.0672,0.0720][0.0007,0.0008,0.0007,0.0007,0.0007][0.0090,0.0080,0.0086,0.0088,0.0090],[37719.8459,37979.0717,38644.4213,40188.1068,39196.3220],[0.0067,0.0067,0.0066,0.0063,0.0065][0.0740,0.0725,0.0675,0.0696,0.0741][0.0012,0.0008,0.0009,0.0013,0.0013][0.0110,0.0105,0.0103,0.0100,0.0103],826597376,3269,978,826597376
0ac30fcd9,256,65536,21474836480,100,lbr_kid_now_nifs,-1,off,39621,664,817,826597376,.0078,512,512,[313.3375,344.1929,331.7746,326.7631,338.2606],[0.0091,0.0096,0.0094,0.0088,0.0088][0.0801,0.0758,0.0780,0.0768,0.0752][0.0009,0.0009,0.0013,0.0010,0.0011][0.0123,0.0129,0.0133,0.0128,0.0117],[41183.1809,42433.2841,42168.6078,42325.5813,42498.7472],[0.0122,0.0119,0.0120,0.0119,0.0119][0.0846,0.0810,0.0816,0.0842,0.0818][0.0013,0.0015,0.0011,0.0014,0.0020][0.0146,0.0138,0.0143,0.0143,0.0139],826695680,3268,977,826695680
0ac30fcd9,256,65536,21474836480,100,lbr_kid_now_nifs,-1,off,39621,664,817,826695680,.0078,1024,512,[350.9685,332.0924,330.6444,334.4537,342.6332],[0.0192,0.0181,0.0186,0.0194,0.0181][0.0906,0.1031,0.1024,0.0914,0.1048][0.0020,0.0017,0.0013,0.0023,0.0016][0.0191,0.0176,0.0178,0.0189,0.0183],[43366.7251,43986.4747,43478.4954,43859.0141,43736.6542],[0.0231,0.0228,0.0231,0.0229,0.0229][0.0971,0.0922,0.0984,0.0905,0.0973][0.0028,0.0015,0.0029,0.0020,0.0019][0.0189,0.0187,0.0185,0.0187,0.0192],826753024,3283,967,826753024
0ac30fcd9,256,65536,21474836480,100,lbr_kid_now_nifs,-1,off,39621,664,817,826753024,.0078,2048,512,[357.3506,346.1163,335.3437,342.2729,342.9984],[0.0421,0.0400,0.0424,0.0422,0.0381][0.1372,0.1230,0.1304,0.1430,0.1279][0.0026,0.0054,0.0033,0.0050,0.0050][0.0280,0.0264,0.0270,0.0279,0.0262],[44871.5962,44803.2214,43900.9264,43900.5087,44142.4475],[0.0447,0.0448,0.0457,0.0456,0.0449][0.1253,0.1308,0.1199,0.1350,0.1178][0.0034,0.0079,0.0071,0.0051,0.0096][0.0247,0.0246,0.0248,0.0253,0.0249],826736640,3307,999,826736640
0ac30fcd9,256,65536,21474836480,100,lbr_kid_now_nifs,-1,off,43242,732,987,252903424,.0078,32,1024,[121.2112,123.0697,119.9708,116.6280,116.3180],[0.0016,0.0016,0.0016,0.0015,0.0016][0.0288,0.0316,0.0306,0.0288,0.0321][0.0008,0.0007,0.0007,0.0008,0.0008][0.0022,0.0022,0.0023,0.0021,0.0022],[15838.0808,15675.2008,15541.9964,15538.0153,15444.5556],[0.0020,0.0020,0.0020,0.0020,0.0021][0.0326,0.0329,0.0309,0.0357,0.0369][0.0005,0.0005,0.0005,0.0006,0.0005][0.0027,0.0029,0.0028,0.0030,0.0029],1428373504,4428,1286,1428373504
0ac30fcd9,256,65536,21474836480,100,lbr_kid_now_nifs,-1,off,43242,732,987,1428373504,.0078,64,1024,[181.9138,182.8847,180.8594,187.1529,188.0629],[0.0019,0.0020,0.0018,0.0018,0.0019][0.0446,0.0486,0.0507,0.0405,0.0416][0.0007,0.0008,0.0007,0.0007,0.0007][0.0036,0.0038,0.0029,0.0031,0.0037],[23305.2110,23218.7375,23600.3835,24133.6692,24410.8935],[0.0027,0.0027,0.0027,0.0026,0.0026][0.0515,0.0510,0.0516,0.0435,0.0429][0.0006,0.0006,0.0006,0.0007,0.0005][0.0052,0.0052,0.0050,0.0048,0.0047],1428160512,4502,2200,1428201472
0ac30fcd9,256,65536,21474836480,100,lbr_kid_now_nifs,-1,off,43242,732,987,1428201472,.0078,128,1024,[235.4657,238.8854,244.1269,244.9520,235.2508],[0.0029,0.0032,0.0028,0.0026,0.0026][0.0609,0.0600,0.0663,0.0568,0.0629][0.0008,0.0008,0.0008,0.0007,0.0008][0.0064,0.0072,0.0063,0.0049,0.0049],[30126.0762,30763.8282,30992.3999,31525.0856,31510.4427],[0.0042,0.0041,0.0041,0.0040,0.0040][0.0643,0.0610,0.0664,0.0605,0.0625][0.0009,0.0008,0.0009,0.0008,0.0008][0.0082,0.0080,0.0082,0.0076,0.0076],1428176896,4197,1222,1428176896
0ac30fcd9,256,65536,21474836480,100,lbr_kid_now_nifs,-1,off,43242,732,987,1428176896,.0078,256,1024,[285.8720,257.6250,286.7644,300.8899,298.0660],[0.0049,0.0053,0.0055,0.0044,0.0049][0.0696,0.0771,0.0769,0.0766,0.0724][0.0008,0.0008,0.0009,0.0008,0.0009][0.0093,0.0106,0.0107,0.0082,0.0092],[35446.0869,34768.4692,36103.2053,36300.3802,36958.2708],[0.0071,0.0073,0.0070,0.0070,0.0069][0.0757,0.0774,0.0780,0.0789,0.0756][0.0013,0.0016,0.0014,0.0014,0.0013][0.0122,0.0127,0.0118,0.0123,0.0117],1427972096,4617,1213,1427972096
0ac30fcd9,256,65536,21474836480,100,lbr_kid_now_nifs,-1,off,43242,732,987,1427972096,.0078,512,1024,[289.6438,291.0403,297.5185,307.3304,298.4539],[0.0103,0.0106,0.0099,0.0102,0.0101][0.0875,0.0892,0.0880,0.0876,0.0830][0.0013,0.0012,0.0010,0.0015,0.0012][0.0157,0.0164,0.0142,0.0154,0.0148],[37318.6930,37997.0636,38236.0023,39315.4805,38914.6136],[0.0135,0.0132,0.0132,0.0128,0.0129][0.0982,0.0922,0.0921,0.0885,0.0861][0.0017,0.0014,0.0019,0.0022,0.0015][0.0179,0.0170,0.0165,0.0163,0.0162],1428160512,4002,1175,1428160512
0ac30fcd9,256,65536,21474836480,100,lbr_kid_now_nifs,-1,off,43242,732,987,1428160512,.0078,1024,1024,[314.1622,315.7275,318.2193,307.8321,320.0507],[0.0215,0.0203,0.0218,0.0214,0.0209][0.1000,0.1277,0.1156,0.0978,0.1077][0.0018,0.0018,0.0021,0.0025,0.0021][0.0219,0.0211,0.0227,0.0217,0.0211],[39513.4565,39890.7715,39471.3224,39659.3939,40100.3043],[0.0253,0.0252,0.0253,0.0252,0.0249][0.1027,0.1107,0.1022,0.1080,0.1105][0.0015,0.0020,0.0022,0.0016,0.0019][0.0224,0.0223,0.0224,0.0222,0.0223],1427988480,3974,1162,1427988480
0ac30fcd9,256,65536,21474836480,100,lbr_kid_now_nifs,-1,off,43242,732,987,1427988480,.0078,2048,1024,[314.3085,338.0256,317.6906,336.3509,318.7283],[0.0445,0.0442,0.0447,0.0440,0.0421][0.1635,0.1395,0.1475,0.1532,0.1383][0.0035,0.0069,0.0047,0.0042,0.0033][0.0305,0.0283,0.0295,0.0302,0.0285],[42158.5752,43367.0758,41398.7329,41730.3478,42262.7644],[0.0475,0.0462,0.0480,0.0480,0.0474][0.1758,0.1357,0.1423,0.1440,0.1385][0.0013,0.0076,0.0034,0.0021,0.0057][0.0277,0.0260,0.0269,0.0277,0.0258],1428209664,3878,2164,1428250624
0ac30fcd9,256,65536,21474836480,100,lbr_kid_now_nifs,-1,off,55532,638,2119,479715328,.0078,32,2048,[102.8585,99.4459,102.5289,108.0285,102.7618],[0.0021,0.0021,0.0022,0.0021,0.0021][0.0673,0.0503,0.0504,0.0440,0.0434][0.0010,0.0011,0.0011,0.0010,0.0011][0.0036,0.0036,0.0044,0.0038,0.0035],[13126.5358,12917.0029,13042.1782,13557.7851,13737.1782],[0.0024,0.0025,0.0024,0.0023,0.0023][0.0669,0.0520,0.0532,0.0482,0.0473][0.0006,0.0006,0.0006,0.0006,0.0006][0.0051,0.0053,0.0055,0.0047,0.0046],3341918208,9626,2407,3341918208
0ac30fcd9,256,65536,21474836480,100,lbr_kid_now_nifs,-1,off,55532,638,2119,3341918208,.0078,64,2048,[146.5905,149.8507,147.0863,150.1962,149.4271],[0.0027,0.0026,0.0024,0.0027,0.0026][0.0685,0.0693,0.0678,0.0752,0.0705][0.0010,0.0012,0.0011,0.0012,0.0011][0.0062,0.0055,0.0048,0.0063,0.0059],[18646.8660,18651.8855,18577.8854,18753.8684,18634.4448],[0.0034,0.0034,0.0034,0.0034,0.0034][0.0725,0.0699,0.0738,0.0755,0.0713][0.0007,0.0008,0.0007,0.0008,0.0007][0.0085,0.0084,0.0084,0.0085,0.0085],3340713984,9588,2345,3340713984
0ac30fcd9,256,65536,21474836480,100,lbr_kid_now_nifs,-1,off,55532,638,2119,3340713984,.0078,128,2048,[177.0571,183.1488,181.2525,184.3097,183.8458],[0.0042,0.0041,0.0036,0.0040,0.0042][0.1029,0.0969,0.0933,0.0941,0.0949][0.0011,0.0011,0.0012,0.0011,0.0011][0.0111,0.0108,0.0082,0.0106,0.0113],[22305.9233,23072.7806,22981.5799,23460.1611,23660.6272],[0.0057,0.0055,0.0055,0.0054,0.0054][0.1031,0.1014,0.0985,0.0996,0.0953][0.0010,0.0009,0.0010,0.0010,0.0011][0.0142,0.0136,0.0134,0.0133,0.0133],3340713984,8977,2359,3340713984
0ac30fcd9,256,65536,21474836480,100,lbr_kid_now_nifs,-1,off,55532,638,2119,3340713984,.0078,256,2048,[196.1211,196.1296,204.8046,206.4773,196.2805],[0.0085,0.0074,0.0075,0.0077,0.0071][0.1266,0.1242,0.1212,0.1160,0.1180][0.0012,0.0013,0.0014,0.0013,0.0015][0.0206,0.0183,0.0181,0.0182,0.0171],[25676.4702,25524.3307,26100.9990,26128.3686,26327.1461],[0.0099,0.0099,0.0097,0.0097,0.0096][0.1267,0.1284,0.1217,0.1183,0.1176][0.0013,0.0015,0.0013,0.0013,0.0014][0.0225,0.0225,0.0222,0.0211,0.0216],3340853248,8871,2339,3340853248
0ac30fcd9,256,65536,21474836480,100,lbr_kid_now_nifs,-1,off,55532,638,2119,3340853248,.0078,512,2048,[208.4985,221.0830,220.2864,206.1226,210.8572],[0.0144,0.0145,0.0148,0.0147,0.0160][0.1425,0.1448,0.1384,0.1431,0.1586][0.0020,0.0022,0.0016,0.0019,0.0017][0.0253,0.0258,0.0263,0.0265,0.0298],[27476.7845,28029.2643,28198.4002,27254.6671,26028.9507],[0.0184,0.0180,0.0179,0.0185,0.0194][0.1401,0.1423,0.1418,0.1608,0.1588][0.0018,0.0014,0.0007,0.0015,0.0012][0.0305,0.0299,0.0303,0.0310,0.0334],3340640256,10921,2321,3340640256
0ac30fcd9,256,65536,21474836480,100,lbr_kid_now_nifs,-1,off,55532,638,2119,3340640256,.0078,1024,2048,[210.5423,228.6862,221.5852,235.0702,232.2995],[0.0308,0.0327,0.0325,0.0325,0.0322][0.1590,0.1709,0.1595,0.1636,0.1686][0.0026,0.0036,0.0022,0.0037,0.0032][0.0367,0.0396,0.0390,0.0394,0.0388],[28486.1755,28989.7952,28908.0503,28832.2487,28161.3190],[0.0353,0.0347,0.0347,0.0349,0.0357][0.1619,0.1665,0.1614,0.1694,0.1691][0.0013,0.0023,0.0018,0.0014,0.0012][0.0401,0.0396,0.0390,0.0392,0.0405],3340361728,12246,2337,3340435456
0ac30fcd9,256,65536,21474836480,100,lbr_kid_now_nifs,-1,off,55532,638,2119,3340435456,.0078,2048,2048,[217.8114,230.2468,228.1640,222.4046,227.5403],[0.0727,0.0682,0.0728,0.0692,0.0761][0.2330,0.2036,0.2351,0.2407,0.2060][0.0055,0.0050,0.0026,0.0048,0.0102][0.0535,0.0542,0.0558,0.0567,0.0547],[28751.5897,29031.4868,28786.4224,29140.2142,29115.9789],[0.0699,0.0692,0.0698,0.0690,0.0689][0.2183,0.2238,0.2307,0.1896,0.2000][0.0018,0.0074,0.0080,0.0123,0.0081][0.0495,0.0504,0.0492,0.0493,0.0496],3340607488,12725,3352,3340664832
0ac30fcd9,256,65536,21474836480,100,lbr_kid_now_nifs,-1,off,77327,636,2975,839319552,.0078,32,4096,[87.0979,85.7735,83.3824,85.1040,85.1166],[0.0028,0.0029,0.0032,0.0027,0.0029][0.0680,0.0666,0.1754,0.0589,0.0620][0.0015,0.0016,0.0015,0.0014,0.0016][0.0044,0.0051,0.0073,0.0040,0.0056],[10508.7214,10529.7357,10613.5015,10776.9042,10961.7939],[0.0030,0.0030,0.0030,0.0029,0.0029][0.0919,0.1275,0.1749,0.0841,0.0651][0.0010,0.0010,0.0010,0.0010,0.0010][0.0080,0.0079,0.0080,0.0076,0.0074],6436085760,14398,3759,6436184064
0ac30fcd9,256,65536,21474836480,100,lbr_kid_now_nifs,-1,off,77327,636,2975,6436184064,.0078,64,4096,[111.9193,113.7130,119.6352,111.4171,116.4452],[0.0036,0.0037,0.0037,0.0036,0.0034][0.0964,0.0909,0.0972,0.0876,0.0959][0.0015,0.0016,0.0014,0.0016,0.0016][0.0080,0.0082,0.0084,0.0075,0.0075],[14441.8351,14473.9838,14741.7021,14558.3339,14957.2489],[0.0044,0.0044,0.0043,0.0044,0.0042][0.1101,0.1954,0.1008,0.0890,0.0956][0.0011,0.0012,0.0012,0.0012,0.0011][0.0126,0.0121,0.0118,0.0118,0.0117],6435618816,14156,3451,6435659776
0ac30fcd9,256,65536,21474836480,100,lbr_kid_now_nifs,-1,off,77327,636,2975,6435659776,.0078,128,4096,[133.4832,137.1032,140.6569,140.7241,144.6586],[0.0053,0.0056,0.0056,0.0053,0.0057][0.1306,0.1310,0.1298,0.1259,0.1922][0.0016,0.0015,0.0016,0.0017,0.0016][0.0137,0.0152,0.0150,0.0131,0.0149],[17111.4497,17394.7582,17891.5535,17728.6962,18005.3302],[0.0074,0.0073,0.0071,0.0072,0.0071][0.1418,0.1301,0.1309,0.1249,0.1932][0.0013,0.0013,0.0014,0.0013,0.0013][0.0206,0.0196,0.0190,0.0186,0.0192],6434619392,13300,4393,6434717696
0ac30fcd9,256,65536,21474836480,100,lbr_kid_now_nifs,-1,off,77327,636,2975,6434717696,.0078,256,4096,[156.2978,144.8972,151.4457,156.5552,151.1758],[0.0104,0.0099,0.0106,0.0100,0.0097][0.1635,0.1669,0.1746,0.1538,0.2015][0.0018,0.0019,0.0016,0.0019,0.0018][0.0244,0.0236,0.0248,0.0230,0.0224],[19578.4153,19381.9929,20579.0425,20187.3163,19964.4837],[0.0130,0.0131,0.0123,0.0126,0.0127][0.1654,0.1750,0.1660,0.1607,0.2007][0.0016,0.0014,0.0018,0.0014,0.0017][0.0301,0.0305,0.0284,0.0280,0.0292],6436052992,13965,4408,6436077568
0ac30fcd9,256,65536,21474836480,100,lbr_kid_now_nifs,-1,off,77327,636,2975,6436077568,.0078,512,4096,[166.1015,158.1854,164.9350,160.2832,154.6226],[0.0238,0.0229,0.0201,0.0200,0.0218][0.1910,0.1963,0.5021,0.2206,0.4995][0.0024,0.0021,0.0026,0.0023,0.0023][0.0442,0.0431,0.0438,0.0382,0.0419],[21361.5734,21346.9078,20843.2751,21381.0634,20148.5070],[0.0236,0.0237,0.0242,0.0236,0.0251][0.1883,0.2004,0.5049,0.2268,0.5097][0.0014,0.0020,0.0016,0.0017,0.0019][0.0434,0.0437,0.0479,0.0437,0.0489],6435405824,16791,4730,6435512320
0ac30fcd9,256,65536,21474836480,100,lbr_kid_now_nifs,-1,off,77327,636,2975,6435512320,.0078,1024,4096,[172.7001,159.3520,166.2886,171.0046,171.6025],[0.0454,0.0506,0.0494,0.0517,0.0498][0.2101,0.4783,0.2153,0.2157,0.2313][0.0048,0.0044,0.0048,0.0056,0.0051][0.0574,0.0718,0.0593,0.0617,0.0602],[21669.4643,20253.8447,21623.5879,21889.9479,21328.1190],[0.0465,0.0494,0.0466,0.0460,0.0473][0.2025,0.4549,0.2026,0.2011,0.2231][0.0017,0.0023,0.0045,0.0044,0.0030][0.0577,0.0678,0.0570,0.0570,0.0574],6434226176,16842,3335,6434324480
0ac30fcd9,256,65536,21474836480,100,lbr_kid_now_nifs,-1,off,77327,636,2975,6434324480,.0078,2048,4096,[171.3661,168.6731,167.3522,173.7363,167.0619],[0.1074,0.1101,0.1019,0.1044,0.0989][0.2662,0.4572,0.2584,0.2640,0.2647][0.0072,0.0130,0.0096,0.0112,0.0093][0.0794,0.0914,0.0809,0.0820,0.0795],[21819.3744,21039.9019,21844.2600,22163.4007,22233.0988],[0.0914,0.0957,0.0922,0.0909,0.0906][0.2419,0.4371,0.2388,0.2359,0.2272][0.0094,0.0118,0.0034,0.0153,0.0050][0.0692,0.0811,0.0714,0.0702,0.0699],6434750464,16752,3346,6434750464
0ac30fcd9,256,65536,21474836480,100,lbr_kid_now_nifs,-1,off,80935,646,4703,1237008384,.0078,32,8192,[64.0121,65.0422,62.6771,65.2232,69.3471],[0.0042,0.0043,0.0043,0.0043,0.0039][0.0867,0.0909,0.0829,0.0814,0.0789][0.0023,0.0021,0.0023,0.0022,0.0020][0.0067,0.0071,0.0068,0.0069,0.0054],[8386.4209,8111.2106,8327.8049,8416.3477,8725.4483],[0.0038,0.0039,0.0038,0.0038,0.0036][0.1145,0.0916,0.1436,0.0815,0.0819][0.0010,0.0011,0.0010,0.0010,0.0011][0.0108,0.0113,0.0107,0.0105,0.0097],9964732416,29996,6978,9964822528
0ac30fcd9,256,65536,21474836480,100,lbr_kid_now_nifs,-1,off,80935,646,4703,9964822528,.0078,64,8192,[85.8863,86.0057,84.7763,78.7604,84.9891],[0.0058,0.0055,0.0047,0.0053,0.0053][0.1235,0.1268,0.1212,0.1304,0.1324][0.0023,0.0024,0.0023,0.0023,0.0022][0.0128,0.0124,0.0087,0.0112,0.0125],[10636.3804,10698.3573,10946.5772,10600.5785,10852.9445],[0.0060,0.0059,0.0058,0.0060,0.0059][0.1314,0.1292,0.1254,0.1310,0.1459][0.0011,0.0012,0.0011,0.0012,0.0011][0.0177,0.0175,0.0172,0.0178,0.0178],10080903168,23160,5681,10081050624
0ac30fcd9,256,65536,21474836480,100,lbr_kid_now_nifs,-1,off,80935,646,4703,10081050624,.0078,128,8192,[97.7134,98.4320,100.3585,100.4289,95.1151],[0.0085,0.0082,0.0089,0.0074,0.0083][0.1827,0.1786,0.1875,0.2187,0.1990][0.0025,0.0023,0.0024,0.0024,0.0024][0.0228,0.0210,0.0238,0.0184,0.0229],[12534.6906,12835.8410,12733.0081,12547.8223,12519.3185],[0.0101,0.0099,0.0100,0.0101,0.0101][0.2647,0.1804,0.1880,0.2190,0.1984][0.0012,0.0015,0.0014,0.0014,0.0012][0.0300,0.0284,0.0295,0.0297,0.0304],10079961088,24107,5408,10080141312
0ac30fcd9,256,65536,21474836480,100,lbr_kid_now_nifs,-1,off,80935,646,4703,10080141312,.0078,256,8192,[109.7992,109.5463,109.9978,109.4597,113.9229],[0.0160,0.0159,0.0161,0.0181,0.0146][0.2394,0.2321,0.2377,0.2950,0.2735][0.0028,0.0029,0.0029,0.0028,0.0029][0.0373,0.0373,0.0382,0.0428,0.0343],[14252.1062,14163.1369,14174.8837,13914.2377,14108.2093],[0.0178,0.0179,0.0178,0.0182,0.0180][0.2369,0.2337,0.2361,0.2914,0.2788][0.0018,0.0017,0.0015,0.0018,0.0017][0.0435,0.0439,0.0439,0.0458,0.0448],10078986240,26037,6727,10079100928
0ac30fcd9,256,65536,21474836480,100,lbr_kid_now_nifs,-1,off,80935,646,4703,10079100928,.0078,512,8192,[109.3434,110.5604,114.6183,122.2272,107.6151],[0.0352,0.0353,0.0340,0.0331,0.0345][0.2886,0.2740,0.2689,0.3037,0.3294][0.0041,0.0039,0.0049,0.0041,0.0035][0.0596,0.0601,0.0584,0.0564,0.0617],[14192.4903,14172.6977,14935.9210,14638.6869,13565.9331],[0.0356,0.0355,0.0339,0.0346,0.0372][0.2810,0.2761,0.2597,0.2897,0.3181][0.0023,0.0020,0.0020,0.0030,0.0021][0.0622,0.0625,0.0593,0.0600,0.0669],9960333312,34411,7627,9960521728
0ac30fcd9,256,65536,21474836480,100,lbr_kid_now_nifs,-1,off,80935,646,4703,9960521728,.0078,1024,8192,[116.7807,118.9338,111.4662,115.7774,114.6841],[0.0823,0.0773,0.0824,0.0891,0.0821][0.2941,0.3006,0.3000,0.3160,0.3321][0.0109,0.0081,0.0078,0.0078,0.0080][0.0875,0.0849,0.0907,0.0919,0.0904],[14786.3201,14886.3374,14798.5823,14668.8821,14456.0136],[0.0683,0.0679,0.0683,0.0688,0.0698][0.2804,0.2725,0.2752,0.2727,0.3131][0.0033,0.0025,0.0025,0.0026,0.0031][0.0786,0.0779,0.0797,0.0793,0.0805],10078765056,67107,5686,10078830592
0ac30fcd9,256,65536,21474836480,100,lbr_kid_now_nifs,-1,off,80935,646,4703,10078830592,.0078,2048,8192,[123.2775,119.7370,121.2126,114.7768,105.8053],[0.1593,0.1593,0.1582,0.1695,0.1674][0.4099,0.3661,0.3915,0.4649,0.4554][0.0146,0.0235,0.0216,0.0215,0.0121][0.1058,0.1036,0.1086,0.1178,0.1164],[15330.7254,15071.3753,15102.4226,14228.6122,14285.6561],[0.1316,0.1328,0.1334,0.1417,0.1413][0.3256,0.3169,0.3411,0.4179,0.3570][0.0059,0.0073,0.0128,0.0027,0.0033][0.0921,0.0904,0.0937,0.1015,0.1026],10078339072,60780,7353,10078568448
0ac30fcd9,256,65536,21474836480,100,lbr_kid_now_nifs,-1,off,87551,570,9958,2356142080,.0078,32,16384,[45.6518,46.4420,47.0347,48.4064,51.1501],[0.0069,0.0073,0.0063,0.0070,0.0070][0.1341,0.1814,0.1162,0.1083,0.1479][0.0034,0.0037,0.0036,0.0034,0.0033][0.0118,0.0133,0.0080,0.0110,0.0120],[5822.1801,5930.6419,6224.2505,6350.3938,6244.2359],[0.0054,0.0053,0.0051,0.0050,0.0051][0.1381,0.1791,0.1323,0.1153,0.1578][0.0011,0.0011,0.0010,0.0010,0.0011][0.0168,0.0163,0.0147,0.0143,0.0148],19549396992,97939,13182,19549503488
0ac30fcd9,256,65536,21474836480,100,lbr_kid_now_nifs,-1,off,87551,570,9958,19549503488,.0078,64,16384,[58.3570,55.9721,52.6653,58.5662,58.7275],[0.0090,0.0088,0.0094,0.0093,0.0095][0.1882,0.2581,0.1847,0.1967,0.1882][0.0037,0.0042,0.0036,0.0040,0.0037][0.0199,0.0196,0.0218,0.0204,0.0209],[7550.0894,7241.5256,7059.4413,7378.3449,7504.3265],[0.0084,0.0088,0.0090,0.0086,0.0084][0.1841,0.2574,0.2898,0.3203,0.2067][0.0012,0.0012,0.0011,0.0013,0.0011][0.0263,0.0278,0.0296,0.0273,0.0263],19647160320,60825,8550,19647291392
0ac30fcd9,256,65536,21474836480,100,lbr_kid_now_nifs,-1,off,87551,570,9958,19647291392,.0078,128,16384,[63.5468,61.8322,64.5411,61.9072,63.1040],[0.0158,0.0155,0.0151,0.0157,0.0160][0.2580,0.3919,0.2691,0.4861,0.3429][0.0041,0.0046,0.0042,0.0043,0.0047][0.0387,0.0406,0.0374,0.0398,0.0424],[8353.1385,7710.8115,8188.6839,8258.8774,8042.6842],[0.0152,0.0165,0.0155,0.0154,0.0158][0.2661,0.3924,0.2838,0.5941,0.3955][0.0014,0.0015,0.0015,0.0015,0.0015][0.0458,0.0520,0.0472,0.0475,0.0491],19642875904,63112,8791,19642990592
0ac30fcd9,256,65536,21474836480,100,lbr_kid_now_nifs,-1,off,87551,570,9958,19642990592,.0078,256,16384,[68.0918,67.3260,62.0832,65.9116,65.9474],[0.0343,0.0311,0.0367,0.0345,0.0319][0.2817,0.3560,0.4588,0.3944,0.3129][0.0059,0.0053,0.0050,0.0051,0.0057][0.0622,0.0592,0.0713,0.0658,0.0620],[8683.8609,8525.5741,8188.0289,8516.2031,8432.2859],[0.0292,0.0298,0.0310,0.0297,0.0301][0.2758,0.3501,0.4458,0.3984,0.3086][0.0021,0.0024,0.0020,0.0020,0.0020][0.0613,0.0639,0.0680,0.0647,0.0652],19642646528,63910,8646,19643006976
0ac30fcd9,256,65536,21474836480,100,lbr_kid_now_nifs,-1,off,87551,570,9958,19643006976,.0078,512,16384,[68.7591,65.4361,64.7469,67.4498,64.4940],[0.0743,0.0828,0.0825,0.0755,0.0809][0.3107,0.3813,0.3876,0.3265,0.4161][0.0087,0.0072,0.0078,0.0080,0.0065][0.0918,0.1014,0.1029,0.0901,0.1005],[8734.8209,8454.5612,8224.9267,8860.1107,8415.6460],[0.0580,0.0598,0.0615,0.0571,0.0601][0.3001,0.3642,0.3746,0.3204,0.4010][0.0030,0.0028,0.0017,0.0023,0.0024][0.0832,0.0873,0.0911,0.0816,0.0887],19643121664,297229,9372,19643408384
0ac30fcd9,256,65536,21474836480,100,lbr_kid_now_nifs,-1,off,87551,570,9958,19643408384,.0078,1024,16384,[72.5128,64.7630,63.6570,66.0780,68.5945],[0.1558,0.1607,0.1620,0.1611,0.1542][0.3994,0.5285,0.4910,0.4517,0.4092][0.0149,0.0112,0.0136,0.0174,0.0150][0.1220,0.1379,0.1408,0.1329,0.1239],[9094.0809,8433.7067,8138.9713,8826.5722,8974.2251],[0.1110,0.1199,0.1243,0.1145,0.1126][0.3493,0.4901,0.4628,0.4156,0.3831][0.0023,0.0026,0.0023,0.0031,0.0105][0.1061,0.1214,0.1249,0.1144,0.1082],19643809792,291188,9051,19644063744
0ac30fcd9,256,65536,21474836480,100,lbr_kid_now_nifs,-1,off,87551,570,9958,19644063744,.0078,2048,16384,[74.0290,66.2020,68.0796,69.6721,69.8925],[0.2842,0.2631,0.2626,0.2693,0.2802][0.6383,0.7173,0.7591,0.6200,0.6784][0.0343,0.0326,0.0291,0.0281,0.0371][0.1326,0.1602,0.1576,0.1421,0.1353],[9265.5224,8318.0855,8608.6679,9249.2411,9222.6768],[0.2170,0.2414,0.2350,0.2185,0.2192][0.4489,0.6447,0.5094,0.5215,0.5201][0.0029,0.0031,0.0165,0.0028,0.0025][0.1309,0.1530,0.1479,0.1315,0.1328],19641810944,294061,9157,19642081280
0ac30fcd9,256,65536,21474836480,100,bucket,-1,pglz,35600,2732,592,44785664,.0078,32,256,[95.3944,97.2547,95.5649,93.4999,97.2026],[0.0055,0.0052,0.0052,0.0053,0.0052][0.0286,0.0300,0.0275,0.0254,0.0234][0.0026,0.0024,0.0024,0.0023,0.0023][0.0024,0.0022,0.0024,0.0022,0.0021],[11881.2640,12299.8161,12235.3441,12233.4557,12206.9115],[0.0026,0.0026,0.0026,0.0026,0.0026][0.0283,0.0277,0.0294,0.0262,0.0235][0.0005,0.0005,0.0005,0.0004,0.0004][0.0027,0.0026,0.0027,0.0026,0.0026],434282496,88467,713,434307072
0ac30fcd9,256,65536,21474836480,100,bucket,-1,pglz,35600,2732,592,434307072,.0078,64,256,[125.1177,119.1861,128.6729,126.5656,125.2025],[0.0059,0.0060,0.0059,0.0057,0.0058][0.0313,0.0363,0.0321,0.0312,0.0325][0.0026,0.0027,0.0026,0.0026,0.0028][0.0032,0.0035,0.0034,0.0031,0.0032],[16294.3632,16388.5337,16169.1801,16225.2589,16155.7845],[0.0039,0.0039,0.0039,0.0039,0.0039][0.0301,0.0361,0.0351,0.0330,0.0326][0.0005,0.0005,0.0005,0.0004,0.0005][0.0040,0.0041,0.0040,0.0040,0.0040],434077696,86658,661,434118656
0ac30fcd9,256,65536,21474836480,100,bucket,-1,pglz,35600,2732,592,434118656,.0078,128,256,[149.5978,147.8605,148.8435,147.5595,153.4234],[0.0079,0.0078,0.0074,0.0079,0.0076][0.0390,0.0408,0.0399,0.0413,0.0382][0.0030,0.0032,0.0029,0.0032,0.0029][0.0049,0.0052,0.0044,0.0053,0.0045],[19290.8651,19319.6534,19461.3604,19422.2063,19217.6377],[0.0066,0.0066,0.0065,0.0065,0.0066][0.0405,0.0415,0.0429,0.0416,0.0400][0.0007,0.0007,0.0007,0.0007,0.0007][0.0058,0.0058,0.0059,0.0060,0.0059],434929664,86226,690,434954240
0ac30fcd9,256,65536,21474836480,100,bucket,-1,pglz,35600,2732,592,434954240,.0078,256,256,[168.6336,163.0291,166.3185,164.3850,165.2292],[0.0129,0.0136,0.0130,0.0133,0.0129][0.0534,0.0549,0.0548,0.0575,0.0566][0.0040,0.0036,0.0040,0.0038,0.0037][0.0082,0.0088,0.0086,0.0085,0.0086],[21716.8115,21259.9474,21616.1094,21840.5032,21390.3031],[0.0117,0.0119,0.0117,0.0116,0.0118][0.0503,0.0548,0.0540,0.0505,0.0480][0.0013,0.0012,0.0011,0.0011,0.0011][0.0084,0.0085,0.0083,0.0082,0.0083],432898048,88715,689,432930816
0ac30fcd9,256,65536,21474836480,100,bucket,-1,pglz,35600,2732,592,432930816,.0078,512,256,[185.7704,191.3015,188.6545,186.1916,194.9485],[0.0257,0.0257,0.0255,0.0251,0.0252][0.0715,0.0721,0.0691,0.0777,0.0712][0.0061,0.0070,0.0060,0.0057,0.0069][0.0137,0.0134,0.0135,0.0127,0.0129],[24110.8447,23809.0014,23599.1947,24055.5411,24034.7226],[0.0209,0.0212,0.0214,0.0210,0.0210][0.0657,0.0638,0.0695,0.0682,0.0666][0.0029,0.0030,0.0023,0.0026,0.0026][0.0123,0.0123,0.0124,0.0118,0.0121],433102848,93678,650,433143808
0ac30fcd9,256,65536,21474836480,100,bucket,-1,pglz,35600,2732,592,433143808,.0078,1024,256,[225.6089,220.9823,210.4071,213.0327,208.0007],[0.0443,0.0464,0.0451,0.0445,0.0453][0.0951,0.0990,0.1128,0.1079,0.0969][0.0134,0.0093,0.0128,0.0123,0.0142][0.0194,0.0208,0.0196,0.0198,0.0197],[28710.2251,28322.7451,28272.9400,28014.7011,28397.1489],[0.0350,0.0355,0.0356,0.0359,0.0354][0.0867,0.0908,0.0956,0.0918,0.0854][0.0060,0.0057,0.0050,0.0032,0.0042][0.0170,0.0173,0.0176,0.0174,0.0174],435544064,87885,665,435593216
0ac30fcd9,256,65536,21474836480,100,bucket,-1,pglz,35600,2732,592,435593216,.0078,2048,256,[262.3133,262.3903,264.8363,269.8015,258.4769],[0.0756,0.0740,0.0756,0.0724,0.0765][0.1444,0.1364,0.1388,0.1405,0.1350][0.0258,0.0194,0.0183,0.0242,0.0216][0.0292,0.0292,0.0295,0.0274,0.0304],[34390.6791,34108.7040,34131.6220,34189.0340,34001.6749],[0.0582,0.0587,0.0587,0.0587,0.0590][0.1134,0.1186,0.1268,0.1214,0.1262][0.0131,0.0105,0.0093,0.0091,0.0144][0.0255,0.0252,0.0258,0.0249,0.0261],434774016,85878,675,434823168
0ac30fcd9,256,65536,21474836480,100,bucket,-1,pglz,36658,2993,721,63258624,.0078,32,512,[90.3877,91.8150,87.4058,86.8323,91.5000],[0.0055,0.0055,0.0056,0.0059,0.0057][0.0269,0.0306,0.0241,0.0310,0.0278][0.0026,0.0025,0.0027,0.0028,0.0027][0.0021,0.0022,0.0021,0.0028,0.0027],[11549.9806,11421.0082,11558.9076,11406.5006,11542.3075],[0.0027,0.0028,0.0027,0.0028,0.0027][0.0277,0.0650,0.0279,0.0312,0.0300][0.0004,0.0005,0.0005,0.0004,0.0005][0.0029,0.0031,0.0030,0.0030,0.0029],741474304,118361,836,741515264
0ac30fcd9,256,65536,21474836480,100,bucket,-1,pglz,36658,2993,721,741515264,.0078,64,512,[117.4193,116.0040,116.5536,120.4029,117.3947],[0.0063,0.0062,0.0066,0.0063,0.0062][0.0344,0.0363,0.0394,0.0338,0.0393][0.0029,0.0030,0.0029,0.0029,0.0029][0.0039,0.0035,0.0035,0.0036,0.0035],[15220.7136,15528.4877,14665.0061,15158.8185,15318.9835],[0.0042,0.0041,0.0043,0.0042,0.0041][0.0343,0.0362,0.0362,0.0356,0.0364][0.0005,0.0005,0.0005,0.0005,0.0005][0.0044,0.0045,0.0045,0.0045,0.0046],740687872,116324,799,740728832
0ac30fcd9,256,65536,21474836480,100,bucket,-1,pglz,36658,2993,721,740728832,.0078,128,512,[139.4129,143.9768,131.2833,143.0215,145.5723],[0.0084,0.0082,0.0089,0.0083,0.0082][0.0490,0.0470,0.0475,0.0495,0.0450][0.0032,0.0033,0.0032,0.0032,0.0029][0.0063,0.0056,0.0059,0.0062,0.0058],[18485.4599,18255.2198,17188.0290,18503.3799,18351.0816],[0.0068,0.0069,0.0074,0.0068,0.0069][0.0452,0.0462,0.0472,0.0495,0.0446][0.0007,0.0007,0.0007,0.0007,0.0007][0.0066,0.0066,0.0066,0.0066,0.0066],741416960,115733,809,741457920
0ac30fcd9,256,65536,21474836480,100,bucket,-1,pglz,36658,2993,721,741457920,.0078,256,512,[162.8960,162.4063,163.6771,157.6665,166.9767],[0.0133,0.0138,0.0139,0.0143,0.0134][0.0598,0.0584,0.0625,0.0611,0.0585][0.0039,0.0039,0.0031,0.0039,0.0037][0.0090,0.0101,0.0099,0.0104,0.0092],[20747.2985,20631.2998,20488.3852,20683.0577,20433.7143],[0.0122,0.0123,0.0123,0.0122,0.0124][0.0540,0.0565,0.0551,0.0567,0.0539][0.0015,0.0011,0.0012,0.0014,0.0013][0.0093,0.0096,0.0098,0.0095,0.0093],739631104,117403,797,739672064
0ac30fcd9,256,65536,21474836480,100,bucket,-1,pglz,36658,2993,721,739672064,.0078,512,512,[182.7458,182.8668,183.1671,188.0339,170.3123],[0.0254,0.0267,0.0258,0.0259,0.0259][0.0822,0.0817,0.0863,0.0770,0.0773][0.0053,0.0062,0.0055,0.0058,0.0062][0.0154,0.0147,0.0155,0.0145,0.0146],[23424.9258,22918.7702,23253.2501,23256.5387,23206.1866],[0.0216,0.0220,0.0217,0.0217,0.0218][0.0746,0.0729,0.0725,0.0724,0.0737][0.0029,0.0017,0.0018,0.0031,0.0030][0.0140,0.0132,0.0140,0.0133,0.0134],739639296,116887,841,739688448
0ac30fcd9,256,65536,21474836480,100,bucket,-1,pglz,36658,2993,721,739688448,.0078,1024,512,[214.2332,206.6982,199.7506,214.0780,215.3130],[0.0471,0.0470,0.0470,0.0460,0.0463][0.1139,0.1060,0.1058,0.0978,0.1063][0.0114,0.0129,0.0142,0.0125,0.0100][0.0222,0.0214,0.0215,0.0205,0.0212],[27583.3871,27182.9824,26895.0251,27017.0998,27154.1033],[0.0365,0.0370,0.0374,0.0373,0.0371][0.0915,0.0929,0.0973,0.0904,0.0918][0.0064,0.0030,0.0064,0.0041,0.0055][0.0189,0.0193,0.0192,0.0186,0.0187],740540416,128178,832,740581376
0ac30fcd9,256,65536,21474836480,100,bucket,-1,pglz,36658,2993,721,740581376,.0078,2048,512,[246.9893,247.6670,258.2604,252.0526,256.2492],[0.0794,0.0798,0.0798,0.0800,0.0796][0.1697,0.1563,0.1468,0.2016,0.1556][0.0190,0.0247,0.0164,0.0138,0.0253][0.0319,0.0312,0.0315,0.0334,0.0310],[32451.3782,31851.2620,31864.9265,31415.6890,32122.0207],[0.0618,0.0629,0.0630,0.0634,0.0624][0.1254,0.1298,0.1352,0.1967,0.1375][0.0100,0.0062,0.0104,0.0132,0.0079][0.0280,0.0261,0.0273,0.0292,0.0277],740507648,116526,816,740548608
0ac30fcd9,256,65536,21474836480,100,bucket,-1,pglz,40382,3464,897,93380608,.0078,32,1024,[85.3505,83.9393,81.0799,81.3716,85.0737],[0.0059,0.0062,0.0060,0.0060,0.0060][0.0327,0.0310,0.0310,0.0304,0.0314][0.0030,0.0025,0.0030,0.0031,0.0030][0.0027,0.0033,0.0025,0.0026,0.0029],[10691.1805,10656.8272,10496.8363,10753.7118,10759.1093],[0.0029,0.0030,0.0030,0.0029,0.0029][0.0328,0.0331,0.3180,0.0972,0.0380][0.0005,0.0005,0.0005,0.0005,0.0005][0.0035,0.0034,0.0053,0.0036,0.0035],1307721728,169554,1107,1307762688
0ac30fcd9,256,65536,21474836480,100,bucket,-1,pglz,40382,3464,897,1307762688,.0078,64,1024,[115.4274,113.7411,111.5114,101.6452,106.4946],[0.0066,0.0066,0.0067,0.0074,0.0068][0.0444,0.0430,0.0397,0.0360,0.0357][0.0030,0.0032,0.0030,0.0032,0.0030][0.0042,0.0038,0.0034,0.0038,0.0036],[14477.0447,14329.5158,14276.9367,13624.7857,14139.9473],[0.0044,0.0044,0.0044,0.0046,0.0045][0.0446,0.0419,0.0422,0.0365,0.0398][0.0005,0.0005,0.0005,0.0005,0.0005][0.0048,0.0048,0.0047,0.0049,0.0048],1305960448,168244,1025,1306009600
0ac30fcd9,256,65536,21474836480,100,bucket,-1,pglz,40382,3464,897,1306009600,.0078,128,1024,[130.1794,133.9184,127.4989,131.7091,135.2487],[0.0084,0.0089,0.0095,0.0090,0.0091][0.0520,0.0494,0.0492,0.0504,0.0494][0.0035,0.0035,0.0035,0.0034,0.0037][0.0058,0.0065,0.0069,0.0063,0.0067],[17066.0835,16574.0571,16334.2413,16635.8283,16634.0407],[0.0074,0.0076,0.0077,0.0076,0.0076][0.0482,0.0517,0.0480,0.0499,0.0493][0.0008,0.0008,0.0008,0.0008,0.0008][0.0075,0.0074,0.0075,0.0073,0.0075],1306812416,165376,1047,1306861568
0ac30fcd9,256,65536,21474836480,100,bucket,-1,pglz,40382,3464,897,1306861568,.0078,256,1024,[152.2917,153.6085,148.9748,147.3767,142.3278],[0.0149,0.0148,0.0150,0.0147,0.0144][0.0641,0.0654,0.0613,0.0649,0.0704][0.0042,0.0045,0.0042,0.0042,0.0045][0.0110,0.0110,0.0113,0.0110,0.0099],[18991.2039,19034.6307,18767.6768,19154.5218,18922.8779],[0.0133,0.0133,0.0135,0.0132,0.0134][0.0627,0.0608,0.0558,0.0607,0.0693][0.0017,0.0015,0.0014,0.0015,0.0015][0.0108,0.0109,0.0108,0.0107,0.0107],1306607616,167598,1067,1306656768
0ac30fcd9,256,65536,21474836480,100,bucket,-1,pglz,40382,3464,897,1306656768,.0078,512,1024,[180.2406,175.4286,172.2507,174.1804,168.1932],[0.0267,0.0268,0.0263,0.0273,0.0273][0.0805,0.0784,0.0822,0.0814,0.0839][0.0067,0.0061,0.0059,0.0066,0.0061][0.0160,0.0157,0.0152,0.0150,0.0156],[22165.7393,22414.3181,22283.3617,21637.5321,22181.1076],[0.0228,0.0225,0.0227,0.0233,0.0228][0.0748,0.0724,0.0728,0.0758,0.0720][0.0031,0.0032,0.0030,0.0030,0.0033][0.0144,0.0140,0.0142,0.0141,0.0141],1305092096,181101,1084,1305157632
0ac30fcd9,256,65536,21474836480,100,bucket,-1,pglz,40382,3464,897,1305157632,.0078,1024,1024,[214.6922,210.2669,200.9161,196.9633,204.2334],[0.0471,0.0481,0.0463,0.0474,0.0457][0.1058,0.1107,0.1076,0.1161,0.1150][0.0107,0.0162,0.0107,0.0149,0.0093][0.0211,0.0220,0.0221,0.0220,0.0223],[26514.5116,25953.2210,26057.8900,25712.7859,26024.0824],[0.0379,0.0387,0.0386,0.0391,0.0384][0.0882,0.1045,0.0954,0.0976,0.1003][0.0060,0.0053,0.0056,0.0037,0.0074][0.0194,0.0199,0.0209,0.0202,0.0203],1306509312,166206,1059,1306566656
0ac30fcd9,256,65536,21474836480,100,bucket,-1,pglz,40382,3464,897,1306566656,.0078,2048,1024,[254.5821,244.3633,242.3537,246.2015,245.6301],[0.0789,0.0832,0.0813,0.0795,0.0820][0.1580,0.1621,0.1723,0.1599,0.1680][0.0150,0.0261,0.0296,0.0183,0.0218][0.0315,0.0314,0.0305,0.0306,0.0331],[31493.4045,31269.8790,30403.0209,30824.5086,30536.5379],[0.0635,0.0640,0.0657,0.0649,0.0656][0.1424,0.1476,0.1327,0.1403,0.1495][0.0113,0.0114,0.0147,0.0091,0.0151][0.0269,0.0274,0.0271,0.0274,0.0297],1305780224,174753,1086,1305853952
0ac30fcd9,256,65536,21474836480,100,bucket,-1,pglz,47477,2279,1179,190332928,.0078,32,2048,[72.5212,72.4324,70.3281,70.3359,70.9276],[0.0069,0.0069,0.0071,0.0068,0.0069][0.0492,0.0465,0.0505,0.0469,0.0479][0.0034,0.0033,0.0035,0.0034,0.0035][0.0038,0.0042,0.0045,0.0034,0.0033],[9195.2097,9131.1670,9128.8709,9320.2768,9310.9918],[0.0034,0.0034,0.0034,0.0034,0.0034][0.0483,0.0457,0.0489,0.0461,0.0468][0.0005,0.0005,0.0005,0.0005,0.0005][0.0052,0.0053,0.0053,0.0051,0.0052],3065962496,82129,1443,3066052608
0ac30fcd9,256,65536,21474836480,100,bucket,-1,pglz,47477,2279,1179,3066052608,.0078,64,2048,[94.7629,98.2025,94.4506,87.1302,98.2675],[0.0076,0.0077,0.0077,0.0086,0.0079][0.0508,0.0492,0.0553,0.0531,0.0612][0.0034,0.0036,0.0035,0.0040,0.0036][0.0051,0.0054,0.0048,0.0054,0.0057],[12489.8887,12184.7479,11975.8426,11460.8522,11958.9280],[0.0051,0.0052,0.0053,0.0055,0.0053][0.0564,0.0567,0.0548,0.0623,0.0605][0.0005,0.0005,0.0005,0.0005,0.0005][0.0069,0.0068,0.0070,0.0070,0.0069],3064274944,82768,2348,3064307712
0ac30fcd9,256,65536,21474836480,100,bucket,-1,pglz,47477,2279,1179,3064307712,.0078,128,2048,[104.7033,106.1048,110.1787,109.0451,107.9312],[0.0113,0.0112,0.0108,0.0104,0.0104][0.0672,0.0744,0.0718,0.0727,0.0697][0.0041,0.0043,0.0039,0.0040,0.0041][0.0099,0.0091,0.0094,0.0086,0.0081],[13781.4167,13273.6854,13704.9985,13942.7958,13845.3886],[0.0092,0.0095,0.0092,0.0091,0.0091][0.0710,0.0741,0.0693,0.0725,0.0714][0.0009,0.0007,0.0008,0.0009,0.0008][0.0108,0.0105,0.0108,0.0108,0.0109],3064233984,81650,1372,3064299520
0ac30fcd9,256,65536,21474836480,100,bucket,-1,pglz,47477,2279,1179,3064299520,.0078,256,2048,[127.0277,125.3631,128.8311,124.5547,123.8711],[0.0170,0.0174,0.0168,0.0166,0.0161][0.0803,0.0847,0.0821,0.0825,0.0842][0.0038,0.0052,0.0051,0.0051,0.0043][0.0146,0.0147,0.0135,0.0141,0.0136],[16412.6405,16207.7964,16044.7820,16274.2038,16282.3575],[0.0154,0.0156,0.0158,0.0156,0.0156][0.0745,0.0835,0.0793,0.0788,0.0796][0.0016,0.0015,0.0016,0.0018,0.0018][0.0149,0.0153,0.0150,0.0153,0.0153],3064963072,78872,1314,3065061376
0ac30fcd9,256,65536,21474836480,100,bucket,-1,pglz,47477,2279,1179,3065061376,.0078,512,2048,[139.1600,137.8942,138.3208,138.7252,136.6642],[0.0323,0.0321,0.0323,0.0338,0.0326][0.1013,0.1010,0.1085,0.1064,0.1012][0.0064,0.0061,0.0076,0.0068,0.0078][0.0215,0.0216,0.0213,0.0230,0.0215],[18169.8399,18088.9230,18024.5731,17542.6898,17633.6717],[0.0277,0.0278,0.0281,0.0288,0.0287][0.0945,0.0933,0.1008,0.0979,0.0966][0.0016,0.0039,0.0034,0.0034,0.0026][0.0209,0.0207,0.0210,0.0215,0.0215],3064266752,76639,1347,3064348672
0ac30fcd9,256,65536,21474836480,100,bucket,-1,pglz,47477,2279,1179,3064348672,.0078,1024,2048,[166.4503,162.0237,164.8676,164.6528,166.7992],[0.0557,0.0565,0.0569,0.0586,0.0571][0.1295,0.1408,0.1320,0.1420,0.1384][0.0130,0.0121,0.0140,0.0131,0.0169][0.0331,0.0327,0.0331,0.0326,0.0338],[21033.5212,21068.4492,21010.3502,20699.8510,21078.1576],[0.0477,0.0478,0.0480,0.0487,0.0478][0.1263,0.1263,0.1255,0.1273,0.1262][0.0066,0.0079,0.0063,0.0078,0.0076][0.0319,0.0312,0.0315,0.0309,0.0318],3064897536,81244,1419,3064954880
0ac30fcd9,256,65536,21474836480,100,bucket,-1,pglz,47477,2279,1179,3064954880,.0078,2048,2048,[182.6687,184.6256,182.3516,193.1489,190.3390],[0.1025,0.1005,0.0994,0.1013,0.1065][0.2081,0.2100,0.2246,0.2286,0.2073][0.0224,0.0264,0.0215,0.0186,0.0233][0.0458,0.0469,0.0469,0.0471,0.0457],[24779.4890,24571.2822,24485.7272,24355.4301,24295.3959],[0.0810,0.0818,0.0821,0.0826,0.0824][0.1841,0.1820,0.1851,0.1808,0.1863][0.0170,0.0149,0.0122,0.0048,0.0167][0.0427,0.0417,0.0423,0.0418,0.0407],3064569856,78972,2360,3064643584
0ac30fcd9,256,65536,21474836480,100,bucket,-1,pglz,58444,2457,1696,371474432,.0078,32,4096,[63.8575,61.9525,62.3489,62.8487,65.4746],[0.0078,0.0083,0.0083,0.0081,0.0082][0.0517,0.0583,0.0614,0.0569,0.0527][0.0038,0.0043,0.0041,0.0038,0.0044][0.0035,0.0050,0.0054,0.0045,0.0051],[8055.3330,7830.0665,8040.1561,8163.4032,7997.8917],[0.0039,0.0040,0.0039,0.0039,0.0039][0.0541,0.0566,0.0596,0.0558,0.0530][0.0009,0.0009,0.0009,0.0009,0.0009][0.0061,0.0065,0.0063,0.0061,0.0062],5977399296,94148,2117,5977505792
0ac30fcd9,256,65536,21474836480,100,bucket,-1,pglz,58444,2457,1696,5977505792,.0078,64,4096,[79.9794,79.1571,80.4875,78.1583,78.5094],[0.0092,0.0096,0.0093,0.0098,0.0095][0.0643,0.0673,0.0606,0.0687,0.0634][0.0045,0.0045,0.0044,0.0045,0.0045][0.0068,0.0080,0.0070,0.0076,0.0077],[10011.9264,9985.1642,10030.9511,9740.6629,9871.9365],[0.0063,0.0063,0.0063,0.0065,0.0064][0.0643,0.0668,0.0693,0.0675,0.0640][0.0010,0.0010,0.0010,0.0010,0.0010][0.0094,0.0094,0.0092,0.0095,0.0095],5977047040,92822,2921,5977153536
0ac30fcd9,256,65536,21474836480,100,bucket,-1,pglz,58444,2457,1696,5977153536,.0078,128,4096,[93.3200,91.7565,89.5789,91.0856,90.8723],[0.0122,0.0125,0.0126,0.0122,0.0129][0.0784,0.0855,0.0855,0.0755,0.1543][0.0048,0.0050,0.0050,0.0050,0.0050][0.0099,0.0107,0.0108,0.0102,0.0118],[11600.6448,11717.1399,11846.1790,12053.5606,11687.5954],[0.0109,0.0108,0.0107,0.0105,0.0108][0.0794,0.0833,0.0817,0.0749,0.1634][0.0011,0.0010,0.0011,0.0011,0.0010][0.0133,0.0138,0.0134,0.0131,0.0137],5977530368,95418,2940,5977612288
0ac30fcd9,256,65536,21474836480,100,bucket,-1,pglz,58444,2457,1696,5977612288,.0078,256,4096,[105.1732,102.3957,107.1738,103.4334,102.4133],[0.0194,0.0195,0.0210,0.0226,0.0202][0.1013,0.1060,0.0958,0.1052,0.1353][0.0060,0.0060,0.0055,0.0062,0.0058][0.0179,0.0186,0.0191,0.0198,0.0188],[13824.4038,13828.4851,13272.4083,13013.8415,13275.8630],[0.0183,0.0183,0.0191,0.0194,0.0191][0.0965,0.1024,0.0938,0.0971,0.1742][0.0020,0.0019,0.0021,0.0018,0.0014][0.0199,0.0200,0.0196,0.0193,0.0207],5978390528,94216,2928,5978480640
0ac30fcd9,256,65536,21474836480,100,bucket,-1,pglz,58444,2457,1696,5978480640,.0078,512,4096,[105.5405,113.6042,118.1018,108.3783,115.1327],[0.0387,0.0381,0.0388,0.0408,0.0419][0.1212,0.1250,0.1274,0.1293,0.1344][0.0096,0.0096,0.0092,0.0102,0.0093][0.0259,0.0278,0.0282,0.0288,0.0313],[14341.3427,14648.5961,14671.5222,14245.4326,14606.5513],[0.0353,0.0345,0.0345,0.0355,0.0346][0.1209,0.1247,0.1234,0.1263,0.1263][0.0023,0.0024,0.0024,0.0021,0.0037][0.0269,0.0281,0.0283,0.0287,0.0289],5978103808,91400,3848,5978210304
0ac30fcd9,256,65536,21474836480,100,bucket,-1,pglz,58444,2457,1696,5978210304,.0078,1024,4096,[135.8424,127.2107,127.9351,130.6015,127.2473],[0.0709,0.0700,0.0694,0.0684,0.0701][0.1895,0.1807,0.1808,0.1727,0.2453][0.0201,0.0161,0.0159,0.0197,0.0123][0.0440,0.0420,0.0438,0.0438,0.0463],[17045.5535,16347.9072,16604.1773,16761.8327,16428.2605],[0.0592,0.0618,0.0608,0.0603,0.0614][0.1708,0.1529,0.1675,0.1559,0.2454][0.0082,0.0059,0.0081,0.0090,0.0086][0.0418,0.0400,0.0432,0.0423,0.0438],5976506368,89225,1979,5976686592
0ac30fcd9,256,65536,21474836480,100,bucket,-1,pglz,58444,2457,1696,5976686592,.0078,2048,4096,[149.0356,152.3944,149.3111,145.5033,146.4887],[0.1257,0.1277,0.1283,0.1273,0.1295][0.2813,0.2850,0.2819,0.3023,0.3737][0.0259,0.0325,0.0352,0.0286,0.0327][0.0640,0.0673,0.0661,0.0654,0.0680],[19298.0838,19168.4273,19110.4178,19392.0991,18664.8560],[0.1043,0.1051,0.1054,0.1038,0.1076][0.2443,0.2457,0.2507,0.2341,0.3533][0.0106,0.0166,0.0149,0.0165,0.0136][0.0585,0.0609,0.0592,0.0575,0.0619],5977456640,92940,2928,5977595904
0ac30fcd9,256,65536,21474836480,100,bucket,-1,pglz,62006,2752,2556,575610880,.0078,32,8192,[48.5600,48.5543,48.4166,48.2933,50.1691],[0.0107,0.0106,0.0099,0.0108,0.0110][0.0791,0.0758,0.0671,0.1111,0.0976][0.0052,0.0051,0.0049,0.0051,0.0059][0.0075,0.0068,0.0050,0.0081,0.0059],[6396.0267,6315.0481,6227.2210,6139.1841,6324.5568],[0.0049,0.0050,0.0051,0.0051,0.0050][0.0776,0.0844,0.1246,0.1097,0.0970][0.0009,0.0009,0.0009,0.0009,0.0009][0.0089,0.0088,0.0098,0.0102,0.0083],9224896512,128660,4092,9225003008
0ac30fcd9,256,65536,21474836480,100,bucket,-1,pglz,62006,2752,2556,9225003008,.0078,64,8192,[64.3309,66.5777,65.0700,64.0603,63.7782],[0.0112,0.0113,0.0111,0.0111,0.0119][0.0760,0.0808,0.0891,0.0815,0.0921][0.0054,0.0052,0.0055,0.0058,0.0060][0.0081,0.0072,0.0070,0.0072,0.0097],[8507.3640,8266.0322,8298.6296,8381.5607,8300.5412],[0.0074,0.0076,0.0076,0.0075,0.0076][0.1404,0.0791,0.0869,0.0818,0.0928][0.0010,0.0010,0.0010,0.0009,0.0010][0.0116,0.0117,0.0117,0.0118,0.0119],9342181376,123719,4166,9342263296
0ac30fcd9,256,65536,21474836480,100,bucket,-1,pglz,62006,2752,2556,9342263296,.0078,128,8192,[71.3330,75.5478,74.4563,71.1652,70.9065],[0.0160,0.0150,0.0151,0.0157,0.0158][0.0972,0.1046,0.1006,0.1026,0.1190][0.0070,0.0064,0.0065,0.0062,0.0070][0.0133,0.0136,0.0138,0.0135,0.0149],[9314.3949,9653.6576,9664.5664,9348.2578,9191.7342],[0.0136,0.0131,0.0131,0.0136,0.0138][0.0950,0.1029,0.1065,0.1015,0.1848][0.0011,0.0012,0.0012,0.0012,0.0012][0.0174,0.0179,0.0180,0.0176,0.0193],9341517824,124054,4313,9341591552
0ac30fcd9,256,65536,21474836480,100,bucket,-1,pglz,62006,2752,2556,9341591552,.0078,256,8192,[83.9784,82.4047,80.7622,82.0402,78.1701],[0.0264,0.0256,0.0261,0.0253,0.0253][0.1273,0.1270,0.1460,0.1302,0.1434][0.0084,0.0092,0.0084,0.0088,0.0084][0.0225,0.0219,0.0247,0.0229,0.0229],[10232.6150,10495.6145,10573.6457,10579.2571,10330.4437],[0.0248,0.0241,0.0239,0.0240,0.0245][0.1278,0.1283,0.1447,0.1326,0.1410][0.0022,0.0023,0.0024,0.0020,0.0020][0.0250,0.0260,0.0272,0.0263,0.0275],9340575744,121112,5176,9340665856
0ac30fcd9,256,65536,21474836480,100,bucket,-1,pglz,62006,2752,2556,9340665856,.0078,512,8192,[90.6974,87.9287,93.5280,91.3985,86.4634],[0.0497,0.0470,0.0470,0.0502,0.0480][0.1808,0.1679,0.1700,0.1681,0.1586][0.0107,0.0110,0.0137,0.0117,0.0088][0.0401,0.0384,0.0358,0.0378,0.0386],[11536.7440,11604.7280,11538.7593,11304.3498,11487.6827],[0.0439,0.0437,0.0439,0.0448,0.0440][0.1634,0.1584,0.1538,0.1579,0.1562][0.0036,0.0022,0.0045,0.0026,0.0044][0.0396,0.0394,0.0381,0.0387,0.0396],9340846080,118187,3158,9341026304
0ac30fcd9,256,65536,21474836480,100,bucket,-1,pglz,62006,2752,2556,9341026304,.0078,1024,8192,[106.3644,98.4379,103.5808,101.6750,96.1908],[0.0848,0.0884,0.0858,0.0894,0.0906][0.2452,0.2672,0.2363,0.2479,0.2517][0.0221,0.0176,0.0111,0.0208,0.0160][0.0597,0.0613,0.0597,0.0628,0.0661],[13254.2740,13033.8721,13174.3252,12783.2360,12501.2692],[0.0763,0.0776,0.0768,0.0791,0.0806][0.2152,0.2525,0.2375,0.2285,0.2413][0.0101,0.0103,0.0097,0.0078,0.0081][0.0572,0.0590,0.0595,0.0609,0.0651],9339207680,124297,5019,9339273216
0ac30fcd9,256,65536,21474836480,100,bucket,-1,pglz,62006,2752,2556,9339273216,.0078,2048,8192,[110.6702,115.8788,113.2010,112.9427,110.2358],[0.1635,0.1601,0.1613,0.1507,0.1732][0.3680,0.3935,0.3943,0.3962,0.4197][0.0416,0.0389,0.0280,0.0322,0.0326][0.0808,0.0806,0.0808,0.0786,0.0889],[14760.9166,14392.7825,14528.2713,14466.4988,13648.2529],[0.1353,0.1399,0.1381,0.1397,0.1478][0.3244,0.3267,0.3181,0.2658,0.3907][0.0228,0.0173,0.0069,0.0028,0.0062][0.0739,0.0760,0.0753,0.0758,0.0823],9340116992,118154,2967,9340338176
0ac30fcd9,256,65536,21474836480,100,bucket,-1,pglz,67558,3250,4216,1139195904,.0078,32,16384,[35.9688,36.3483,39.1320,38.7544,39.1235],[0.0136,0.0130,0.0126,0.0130,0.0132][0.1325,0.1490,0.0860,0.0935,0.0893][0.0068,0.0067,0.0075,0.0073,0.0068][0.0119,0.0096,0.0066,0.0082,0.0087],[4548.9601,4553.0841,4933.1635,5023.8654,5031.9402],[0.0069,0.0069,0.0064,0.0063,0.0063][0.1599,0.1469,0.1057,0.1399,0.1213][0.0010,0.0010,0.0010,0.0010,0.0010][0.0159,0.0160,0.0129,0.0128,0.0124],18218827776,225401,6227,18218958848
0ac30fcd9,256,65536,21474836480,100,bucket,-1,pglz,67558,3250,4216,18218958848,.0078,64,16384,[45.2681,45.8394,44.1716,45.9696,44.6444],[0.0152,0.0159,0.0155,0.0154,0.0161][0.1789,0.1367,0.1330,0.1771,0.1678][0.0079,0.0079,0.0083,0.0079,0.0080][0.0148,0.0156,0.0133,0.0128,0.0164],[5659.5612,5789.8208,5741.2145,5675.1687,5664.3142],[0.0112,0.0109,0.0110,0.0111,0.0112][0.1754,0.1823,0.1377,0.1905,0.1909][0.0010,0.0010,0.0010,0.0010,0.0011][0.0227,0.0219,0.0213,0.0210,0.0220],18217697280,231182,6050,18217836544
0ac30fcd9,256,65536,21474836480,100,bucket,-1,pglz,67558,3250,4216,18217836544,.0078,128,16384,[51.6457,47.9786,53.0091,52.8951,51.0030],[0.0224,0.0246,0.0234,0.0229,0.0233][0.2031,0.2407,0.1582,0.2039,0.2849][0.0089,0.0090,0.0100,0.0098,0.0092][0.0270,0.0322,0.0270,0.0270,0.0280],[6699.3408,6130.7849,6703.9928,6461.2146,6384.6424],[0.0189,0.0207,0.0189,0.0196,0.0198][0.1989,0.2369,0.1711,0.2044,0.2798][0.0015,0.0015,0.0015,0.0013,0.0016][0.0332,0.0385,0.0317,0.0335,0.0342],18217082880,233797,6352,18217263104
0ac30fcd9,256,65536,21474836480,100,bucket,-1,pglz,67558,3250,4216,18217263104,.0078,256,16384,[55.6411,56.0648,53.3293,53.9255,53.2839],[0.0381,0.0378,0.0395,0.0393,0.0376][0.2264,0.2156,0.2047,0.2644,0.2583][0.0114,0.0108,0.0107,0.0112,0.0114][0.0400,0.0413,0.0447,0.0439,0.0426],[7109.8281,7127.0601,7019.4330,6850.6368,6930.0753],[0.0357,0.0356,0.0361,0.0370,0.0366][0.2132,0.2089,0.3373,0.3012,0.2536][0.0024,0.0032,0.0031,0.0026,0.0028][0.0449,0.0476,0.0496,0.0492,0.0501],18320752640,239866,5925,18320883712
0ac30fcd9,256,65536,21474836480,100,bucket,-1,pglz,67558,3250,4216,18320883712,.0078,512,16384,[59.2900,56.1454,57.0690,57.0915,59.6075],[0.0742,0.0754,0.0758,0.0715,0.0768][0.2927,0.3092,0.2913,0.2972,0.3114][0.0162,0.0151,0.0149,0.0159,0.0174][0.0691,0.0728,0.0715,0.0682,0.0709],[7440.7216,7235.2073,7198.8043,7361.9456,7377.0673],[0.0681,0.0701,0.0704,0.0689,0.0687][0.2786,0.2819,0.2703,0.2932,0.3037][0.0029,0.0019,0.0030,0.0069,0.0077][0.0692,0.0755,0.0730,0.0730,0.0719],18217426944,238269,13108,18217648128
0ac30fcd9,256,65536,21474836480,100,bucket,-1,pglz,67558,3250,4216,18217648128,.0078,1024,16384,[70.5733,67.1460,67.9922,62.5123,64.7570],[0.1220,0.1245,0.1361,0.1396,0.1246][0.3536,0.3711,0.4646,0.3629,0.3681][0.0192,0.0319,0.0296,0.0293,0.0331][0.0877,0.0910,0.1003,0.1043,0.0942],[8913.3228,8767.1813,8430.3720,8135.2003,8489.0267],[0.1136,0.1148,0.1191,0.1245,0.1194][0.3135,0.3540,0.4238,0.3244,0.3708][0.0031,0.0115,0.0024,0.0143,0.0150][0.0881,0.0897,0.0971,0.1008,0.0971],18320654336,244028,5810,18320834560
0ac30fcd9,256,65536,21474836480,100,bucket,-1,pglz,67558,3250,4216,18320834560,.0078,2048,16384,[74.8148,65.5729,68.6300,68.8917,69.6573],[0.2558,0.2628,0.2611,0.2675,0.2713][0.5712,0.7389,0.6855,0.7702,0.6126][0.0419,0.0529,0.0539,0.0573,0.0479][0.1119,0.1217,0.1287,0.1206,0.1309],[9627.5761,9097.6073,8667.1487,8994.4109,8663.6128],[0.2088,0.2224,0.2316,0.2249,0.2333][0.4620,0.4679,0.6141,0.4620,0.5683][0.0022,0.0024,0.0025,0.0029,0.0250][0.1051,0.1159,0.1223,0.1146,0.1238],18321350656,250815,5804,18321489920
0ac30fcd9,256,65536,21474836480,100,bucket_keys,-1,pglz,35127,1702,981,41779200,.0078,32,256,[98.2204,97.9543,101.9005,97.9846,100.8917],[0.0052,0.0052,0.0052,0.0053,0.0053][0.0235,0.0219,0.0267,0.0178,0.0189][0.0026,0.0025,0.0025,0.0025,0.0023][0.0018,0.0018,0.0018,0.0017,0.0018],[12885.2676,12953.8502,12764.3232,12811.6056,12825.6272],[0.0024,0.0024,0.0025,0.0025,0.0025][0.0228,0.0218,0.0267,0.0202,0.0214][0.0005,0.0005,0.0005,0.0005,0.0005][0.0020,0.0020,0.0020,0.0020,0.0020],433356800,17898,1264,433356800
0ac30fcd9,256,65536,21474836480,100,bucket_keys,-1,pglz,35127,1702,981,433356800,.0078,64,256,[136.1297,129.1634,133.0735,136.7217,134.6327],[0.0056,0.0057,0.0057,0.0057,0.0058][0.0238,0.0263,0.0249,0.0220,0.0243][0.0026,0.0028,0.0028,0.0028,0.0028][0.0025,0.0022,0.0023,0.0024,0.0025],[17588.8745,17313.3535,17070.7798,17213.5503,17406.8926],[0.0036,0.0036,0.0037,0.0037,0.0036][0.0240,0.0264,0.0257,0.0220,0.0241][0.0005,0.0005,0.0005,0.0005,0.0005][0.0028,0.0028,0.0029,0.0028,0.0029],456777728,18663,1401,456777728
0ac30fcd9,256,65536,21474836480,100,bucket_keys,-1,pglz,35127,1702,981,456777728,.0078,128,256,[155.8836,165.7395,158.8156,165.0483,168.5851],[0.0075,0.0072,0.0074,0.0072,0.0075][0.0308,0.0283,0.0302,0.0302,0.0320][0.0031,0.0030,0.0031,0.0030,0.0030][0.0037,0.0035,0.0038,0.0036,0.0039],[21479.3147,20826.2879,21301.9465,20980.4694,21023.7065],[0.0059,0.0061,0.0059,0.0060,0.0060][0.0305,0.0271,0.0309,0.0305,0.0320][0.0007,0.0007,0.0007,0.0007,0.0007][0.0040,0.0039,0.0041,0.0041,0.0041],448102400,18090,2027,448110592
0ac30fcd9,256,65536,21474836480,100,bucket_keys,-1,pglz,35127,1702,981,448110592,.0078,256,256,[190.4887,190.8486,185.9344,194.5180,191.3190],[0.0121,0.0124,0.0117,0.0121,0.0116][0.0448,0.0393,0.0421,0.0414,0.0399][0.0032,0.0037,0.0033,0.0038,0.0039][0.0063,0.0063,0.0058,0.0063,0.0059],[24403.1703,23814.5226,23975.5026,23967.6656,24541.6331],[0.0104,0.0106,0.0105,0.0105,0.0103][0.0355,0.0373,0.0354,0.0399,0.0357][0.0009,0.0014,0.0012,0.0013,0.0011][0.0056,0.0054,0.0055,0.0055,0.0054],432750592,17146,1829,432766976
0ac30fcd9,256,65536,21474836480,100,bucket_keys,-1,pglz,35127,1702,981,432766976,.0078,512,256,[219.1101,209.0274,224.5281,211.0399,222.9336],[0.0223,0.0226,0.0229,0.0221,0.0226][0.0561,0.0566,0.0598,0.0549,0.0588][0.0061,0.0056,0.0058,0.0062,0.0058][0.0095,0.0095,0.0099,0.0093,0.0094],[27512.6904,27219.0949,26970.7575,27830.7706,27415.2457],[0.0183,0.0185,0.0187,0.0181,0.0184][0.0500,0.0492,0.0504,0.0491,0.0513][0.0029,0.0023,0.0023,0.0021,0.0027][0.0081,0.0079,0.0079,0.0079,0.0081],432234496,17147,2025,432250880
0ac30fcd9,256,65536,21474836480,100,bucket_keys,-1,pglz,35127,1702,981,432250880,.0078,1024,256,[256.2443,259.1028,262.0861,253.8921,254.8095],[0.0392,0.0391,0.0395,0.0393,0.0390][0.0814,0.0771,0.0816,0.0783,0.0848][0.0121,0.0101,0.0110,0.0122,0.0095][0.0134,0.0132,0.0135,0.0134,0.0140],[33362.4596,32629.8407,32489.8388,32925.9519,32309.1824],[0.0301,0.0307,0.0309,0.0305,0.0311][0.0712,0.0656,0.0668,0.0717,0.0667][0.0039,0.0057,0.0058,0.0046,0.0056][0.0109,0.0111,0.0106,0.0111,0.0110],432726016,17448,1100,432726016
0ac30fcd9,256,65536,21474836480,100,bucket_keys,-1,pglz,35127,1702,981,432726016,.0078,2048,256,[304.6458,305.0287,316.5423,320.5158,309.6824],[0.0659,0.0668,0.0665,0.0662,0.0648][0.1162,0.1139,0.1191,0.1132,0.1153][0.0199,0.0212,0.0193,0.0115,0.0255][0.0185,0.0181,0.0193,0.0195,0.0187],[39624.3501,39103.6862,39081.2079,38793.6091,39647.6991],[0.0502,0.0510,0.0511,0.0514,0.0505][0.0990,0.1029,0.0961,0.1206,0.0971][0.0140,0.0052,0.0096,0.0107,0.0083][0.0141,0.0145,0.0158,0.0157,0.0148],431955968,17057,1478,431955968
0ac30fcd9,256,65536,21474836480,100,bucket_keys,-1,pglz,36706,1537,683,63275008,.0078,32,512,[92.0899,95.2685,91.5948,94.8542,95.6063],[0.0056,0.0054,0.0055,0.0055,0.0054][0.0297,0.0256,0.0233,0.0280,0.0217][0.0027,0.0026,0.0027,0.0026,0.0025][0.0022,0.0021,0.0018,0.0020,0.0019],[12105.1529,12033.0050,12016.0761,11980.7569,12106.3357],[0.0026,0.0026,0.0026,0.0026,0.0026][0.0244,0.0257,0.0206,0.0279,0.0218][0.0005,0.0005,0.0005,0.0005,0.0005][0.0023,0.0023,0.0023,0.0023,0.0023],737050624,6853,3249,737050624
0ac30fcd9,256,65536,21474836480,100,bucket_keys,-1,pglz,36706,1537,683,737050624,.0078,64,512,[128.5841,129.3694,127.5966,128.1602,129.9534],[0.0062,0.0059,0.0060,0.0059,0.0060][0.0253,0.0291,0.0284,0.0277,0.0270][0.0029,0.0027,0.0028,0.0030,0.0026][0.0028,0.0025,0.0026,0.0024,0.0027],[16158.1665,16184.3906,16116.0424,15752.7940,16509.3388],[0.0039,0.0039,0.0039,0.0040,0.0038][0.0255,0.0314,0.0283,0.0840,0.0277][0.0005,0.0005,0.0005,0.0005,0.0005][0.0032,0.0031,0.0033,0.0041,0.0032],1152770048,3964,6564,1152770048
0ac30fcd9,256,65536,21474836480,100,bucket_keys,-1,pglz,36706,1537,683,1152770048,.0078,128,512,[158.4185,151.0384,152.7048,151.2025,147.2265],[0.0077,0.0078,0.0076,0.0077,0.0079][0.0348,0.0354,0.0359,0.0342,0.0338][0.0031,0.0030,0.0032,0.0031,0.0029][0.0043,0.0044,0.0042,0.0041,0.0040],[19508.1571,19463.8544,19499.6911,19848.7809,19147.7691],[0.0065,0.0065,0.0065,0.0064,0.0066][0.0332,0.0361,0.0334,0.0345,0.1166][0.0007,0.0007,0.0007,0.0007,0.0007][0.0047,0.0050,0.0047,0.0046,0.0062],1662361600,1190,10375,1662361600
0ac30fcd9,256,65536,21474836480,100,bucket_keys,-1,pglz,36706,1537,683,1662361600,.0078,256,512,[174.9126,177.9138,171.2425,172.3205,170.2381],[0.0124,0.0136,0.0125,0.0128,0.0133][0.0471,0.0610,0.0507,0.0472,0.0468][0.0040,0.0033,0.0038,0.0043,0.0042][0.0071,0.0081,0.0068,0.0074,0.0076],[22823.2535,21812.3568,22583.5983,22636.1141,21486.6092],[0.0111,0.0116,0.0112,0.0112,0.0118][0.0452,0.0635,0.0445,0.0420,0.0425][0.0014,0.0010,0.0014,0.0015,0.0012][0.0067,0.0073,0.0067,0.0065,0.0068],2299379712,47653,5677,2299412480
0ac30fcd9,256,65536,21474836480,100,bucket_keys,-1,pglz,36706,1537,683,2299412480,.0078,512,512,[203.2872,202.3877,190.6058,199.9347,200.7442],[0.0253,0.0227,0.0252,0.0239,0.0244][0.0592,0.0611,0.0626,0.0645,0.0645][0.0061,0.0057,0.0067,0.0052,0.0059][0.0114,0.0096,0.0098,0.0103,0.0104],[25656.2973,26198.6040,25187.8252,25949.9847,25883.8354],[0.0197,0.0192,0.0201,0.0194,0.0195][0.0572,0.0522,0.0515,0.0563,0.0553][0.0027,0.0022,0.0025,0.0029,0.0031][0.0089,0.0083,0.0080,0.0086,0.0087],1156972544,30337,1232,1156988928
0ac30fcd9,256,65536,21474836480,100,bucket_keys,-1,pglz,36706,1537,683,1156988928,.0078,1024,512,[245.5362,244.8838,251.9326,233.4206,220.3195],[0.0414,0.0409,0.0419,0.0407,0.0423][0.0855,0.0854,0.0904,0.0852,0.0838][0.0114,0.0108,0.0082,0.0105,0.0150][0.0145,0.0152,0.0143,0.0153,0.0148],[30669.2680,30686.2523,30631.6886,30901.0073,30264.7217],[0.0328,0.0328,0.0328,0.0325,0.0333][0.0734,0.0730,0.0763,0.0741,0.0722][0.0045,0.0065,0.0052,0.0066,0.0068][0.0124,0.0128,0.0123,0.0126,0.0124],790110208,8146,3243,790110208
0ac30fcd9,256,65536,21474836480,100,bucket_keys,-1,pglz,36706,1537,683,790110208,.0078,2048,512,[292.4477,301.7829,287.1773,285.2959,304.2343],[0.0677,0.0673,0.0669,0.0677,0.0675][0.1197,0.1349,0.1309,0.1256,0.1197][0.0207,0.0190,0.0202,0.0231,0.0160][0.0215,0.0219,0.0205,0.0208,0.0209],[37465.6589,37680.0365,37595.0799,37984.1350,38425.8196],[0.0532,0.0532,0.0529,0.0526,0.0521][0.1124,0.1255,0.1056,0.1086,0.1056][0.0099,0.0108,0.0098,0.0098,0.0077][0.0179,0.0177,0.0171,0.0169,0.0175],1143472128,27278,1093,1143554048
0ac30fcd9,256,65536,21474836480,100,bucket_keys,-1,pglz,40286,1649,877,93315072,.0078,32,1024,[87.5232,83.5729,86.8153,80.9926,84.1088],[0.0060,0.0064,0.0061,0.0066,0.0064][0.0292,0.0290,0.0260,0.0307,0.0330][0.0027,0.0030,0.0029,0.0029,0.0030][0.0024,0.0025,0.0024,0.0025,0.0026],[11012.4077,10770.0297,10944.3425,10790.4695,10839.1054],[0.0029,0.0029,0.0029,0.0029,0.0029][0.0297,0.0285,0.0289,0.0305,0.0282][0.0005,0.0005,0.0005,0.0005,0.0005][0.0028,0.0029,0.0029,0.0029,0.0029],1307688960,21872,1799,1307688960
0ac30fcd9,256,65536,21474836480,100,bucket_keys,-1,pglz,40286,1649,877,1307688960,.0078,64,1024,[124.2942,120.3668,115.0419,114.1843,122.9216],[0.0064,0.0064,0.0068,0.0068,0.0063][0.0285,0.0266,0.0295,0.0359,0.0312][0.0030,0.0029,0.0032,0.0028,0.0025][0.0031,0.0029,0.0029,0.0028,0.0031],[15117.0957,15301.2656,14757.8389,14860.6828,15476.0198],[0.0042,0.0041,0.0043,0.0043,0.0041][0.0288,0.0287,0.0293,0.0358,0.0309][0.0005,0.0005,0.0005,0.0005,0.0005][0.0037,0.0037,0.0037,0.0036,0.0036],1319141376,18866,1559,1319198720
0ac30fcd9,256,65536,21474836480,100,bucket_keys,-1,pglz,40286,1649,877,1319198720,.0078,128,1024,[139.5397,132.7027,138.4567,135.9558,136.6289],[0.0087,0.0088,0.0085,0.0088,0.0087][0.0413,0.0421,0.0388,0.0404,0.0349][0.0036,0.0031,0.0036,0.0036,0.0035][0.0051,0.0050,0.0046,0.0048,0.0047],[18053.1350,17213.5168,17749.3749,17577.6858,18438.9113],[0.0070,0.0074,0.0071,0.0072,0.0069][0.0366,0.0402,0.0392,0.0405,0.0342][0.0008,0.0008,0.0008,0.0008,0.0008][0.0054,0.0057,0.0055,0.0055,0.0051],1307746304,18933,1569,1307746304
0ac30fcd9,256,65536,21474836480,100,bucket_keys,-1,pglz,40286,1649,877,1307746304,.0078,256,1024,[162.7142,153.9531,159.1510,153.4556,163.4634],[0.0132,0.0147,0.0143,0.0138,0.0137][0.0487,0.0503,0.0484,0.0500,0.0508][0.0044,0.0039,0.0048,0.0044,0.0038][0.0074,0.0080,0.0081,0.0077,0.0074],[21106.5012,19787.7631,20323.0116,20597.1730,20513.6818],[0.0120,0.0128,0.0124,0.0123,0.0123][0.0438,0.0441,0.0501,0.0455,0.0462][0.0017,0.0016,0.0015,0.0014,0.0011][0.0072,0.0072,0.0073,0.0073,0.0071],1348714496,22372,1437,1348714496
0ac30fcd9,256,65536,21474836480,100,bucket_keys,-1,pglz,40286,1649,877,1348714496,.0078,512,1024,[186.3061,182.5098,185.8369,189.8830,182.1489],[0.0247,0.0254,0.0254,0.0255,0.0254][0.0621,0.0646,0.0634,0.0664,0.0672][0.0063,0.0062,0.0062,0.0065,0.0066][0.0111,0.0114,0.0114,0.0116,0.0112],[24099.8097,24036.8919,23884.7105,23813.2587,23273.1260],[0.0209,0.0210,0.0211,0.0212,0.0217][0.0597,0.0553,0.0564,0.0583,0.0571][0.0028,0.0027,0.0021,0.0032,0.0029][0.0095,0.0097,0.0097,0.0099,0.0097],1312194560,20555,2027,1312260096
0ac30fcd9,256,65536,21474836480,100,bucket_keys,-1,pglz,40286,1649,877,1312260096,.0078,1024,1024,[224.3591,225.8272,234.5708,224.5083,225.1659],[0.0424,0.0431,0.0429,0.0441,0.0437][0.0847,0.0865,0.0884,0.0897,0.0885][0.0092,0.0063,0.0110,0.0128,0.0106][0.0155,0.0161,0.0159,0.0159,0.0158],[29443.9532,28460.8365,28844.2672,28314.9283,28914.9937],[0.0342,0.0354,0.0349,0.0353,0.0348][0.0726,0.0743,0.0746,0.0782,0.0756][0.0045,0.0075,0.0050,0.0067,0.0072][0.0129,0.0139,0.0133,0.0130,0.0133],1306255360,20568,2021,1306288128
0ac30fcd9,256,65536,21474836480,100,bucket_keys,-1,pglz,40286,1649,877,1306288128,.0078,2048,1024,[283.6997,266.0583,272.7474,272.5953,263.0393],[0.0733,0.0732,0.0732,0.0725,0.0733][0.1368,0.1409,0.1343,0.1328,0.1419][0.0266,0.0211,0.0200,0.0193,0.0265][0.0236,0.0233,0.0231,0.0230,0.0236],[35134.1408,34835.5914,34808.8801,35369.3040,35000.6249],[0.0569,0.0575,0.0574,0.0566,0.0572][0.1155,0.1212,0.1080,0.1122,0.1222][0.0123,0.0135,0.0150,0.0143,0.0171][0.0188,0.0187,0.0188,0.0183,0.0190],1306271744,21226,2059,1306279936
0ac30fcd9,256,65536,21474836480,100,bucket_keys,-1,pglz,47466,1743,1180,190324736,.0078,32,2048,[74.3377,76.7097,73.1293,74.7449,74.9550],[0.0069,0.0068,0.0071,0.0069,0.0069][0.0409,0.0381,0.0421,0.0419,0.0415][0.0036,0.0033,0.0033,0.0034,0.0033][0.0035,0.0032,0.0037,0.0032,0.0034],[9542.4339,9405.3011,9405.6548,9483.4207,9546.9682],[0.0033,0.0033,0.0033,0.0033,0.0033][0.0403,0.0405,0.0414,0.0415,0.0407][0.0005,0.0005,0.0005,0.0005,0.0005][0.0044,0.0044,0.0045,0.0044,0.0044],3065372672,32785,3790,3065446400
0ac30fcd9,256,65536,21474836480,100,bucket_keys,-1,pglz,47466,1743,1180,3065446400,.0078,64,2048,[99.9795,96.7813,92.9564,98.0624,99.6309],[0.0075,0.0078,0.0087,0.0078,0.0076][0.0515,0.0518,0.0444,0.0424,0.0449][0.0033,0.0037,0.0041,0.0035,0.0036][0.0045,0.0054,0.0049,0.0046,0.0041],[12977.7078,12790.1351,11733.4864,12571.3839,12747.5321],[0.0049,0.0049,0.0054,0.0050,0.0050][0.0513,0.0509,0.0448,0.0420,0.0439][0.0006,0.0005,0.0005,0.0006,0.0005][0.0060,0.0059,0.0060,0.0056,0.0056],3364126720,33591,4724,3364200448
0ac30fcd9,256,65536,21474836480,100,bucket_keys,-1,pglz,47466,1743,1180,3364200448,.0078,128,2048,[114.0847,112.4665,112.5136,116.4197,117.5791],[0.0102,0.0101,0.0100,0.0099,0.0102][0.0607,0.0569,0.0567,0.0603,0.0522][0.0041,0.0039,0.0040,0.0039,0.0041][0.0076,0.0070,0.0065,0.0066,0.0068],[15365.2953,15283.0353,15081.2119,15022.3165,15221.9735],[0.0082,0.0083,0.0084,0.0084,0.0083][0.0571,0.0561,0.0571,0.0501,0.0532][0.0008,0.0009,0.0008,0.0009,0.0009][0.0085,0.0084,0.0083,0.0080,0.0080],3581444096,36429,4064,3581501440
0ac30fcd9,256,65536,21474836480,100,bucket_keys,-1,pglz,47466,1743,1180,3581501440,.0078,256,2048,[132.8431,135.5199,134.3465,139.9561,135.7342],[0.0158,0.0161,0.0161,0.0161,0.0165][0.0641,0.0684,0.0666,0.0690,0.0680][0.0048,0.0050,0.0056,0.0058,0.0052][0.0113,0.0107,0.0112,0.0106,0.0112],[17438.5297,16985.9290,17177.9230,16969.3252,17034.3692],[0.0145,0.0149,0.0147,0.0149,0.0148][0.0640,0.0610,0.0632,0.0682,0.0636][0.0015,0.0018,0.0018,0.0018,0.0014][0.0117,0.0115,0.0118,0.0116,0.0117],3456778240,33691,3444,3456843776
0ac30fcd9,256,65536,21474836480,100,bucket_keys,-1,pglz,47466,1743,1180,3456843776,.0078,512,2048,[151.1896,149.8083,155.6206,155.6343,157.1625],[0.0304,0.0297,0.0283,0.0300,0.0307][0.0898,0.0903,0.0955,0.0907,0.0921][0.0081,0.0067,0.0069,0.0079,0.0068][0.0178,0.0178,0.0170,0.0176,0.0189],[19766.7326,19612.1688,20039.6771,19681.9521,19952.2345],[0.0256,0.0258,0.0252,0.0257,0.0253][0.0854,0.0784,0.0893,0.0915,0.0822][0.0036,0.0016,0.0036,0.0032,0.0030][0.0168,0.0166,0.0169,0.0170,0.0169],3523387392,35028,4775,3523485696
0ac30fcd9,256,65536,21474836480,100,bucket_keys,-1,pglz,47466,1743,1180,3523485696,.0078,1024,2048,[176.1876,180.6210,177.1258,171.4203,177.0059],[0.0514,0.0525,0.0526,0.0524,0.0522][0.1483,0.1181,0.1210,0.1261,0.1243][0.0090,0.0136,0.0130,0.0099,0.0157][0.0262,0.0265,0.0275,0.0276,0.0270],[23389.4641,23165.8152,23063.0369,22894.8901,22614.5166],[0.0429,0.0435,0.0437,0.0440,0.0443][0.1120,0.1066,0.1026,0.1063,0.1138][0.0072,0.0062,0.0061,0.0082,0.0077][0.0245,0.0252,0.0254,0.0260,0.0259],3650985984,35590,3737,3651051520
0ac30fcd9,256,65536,21474836480,100,bucket_keys,-1,pglz,47466,1743,1180,3651051520,.0078,2048,2048,[212.5219,209.7770,206.9496,218.2591,212.6978],[0.0935,0.0923,0.0913,0.0909,0.0932][0.1712,0.1946,0.1787,0.1890,0.1822][0.0286,0.0152,0.0242,0.0101,0.0223][0.0371,0.0384,0.0360,0.0394,0.0368],[27554.4575,27361.2745,26922.0250,27354.1901,27081.1572],[0.0728,0.0735,0.0746,0.0733,0.0742][0.1543,0.1652,0.1559,0.1544,0.1731][0.0126,0.0112,0.0136,0.0057,0.0179][0.0335,0.0334,0.0320,0.0339,0.0316],3583369216,37590,4036,3583451136
0ac30fcd9,256,65536,21474836480,100,bucket_keys,-1,pglz,58155,1922,1672,371474432,.0078,32,4096,[65.4527,57.0922,61.7354,60.1070,62.6623],[0.0080,0.0087,0.0082,0.0082,0.0083][0.0565,0.0689,0.0541,0.0619,0.0610][0.0043,0.0041,0.0045,0.0038,0.0035][0.0044,0.0061,0.0051,0.0054,0.0056],[8347.4769,7616.5800,7669.6591,7970.2184,7859.2427],[0.0038,0.0041,0.0041,0.0039,0.0040][0.0580,0.0682,0.0609,0.0605,0.0599][0.0009,0.0009,0.0009,0.0008,0.0009][0.0056,0.0072,0.0069,0.0067,0.0068],5978177536,47007,4587,5978284032
0ac30fcd9,256,65536,21474836480,100,bucket_keys,-1,pglz,58155,1922,1672,5978284032,.0078,64,4096,[74.6363,73.0373,78.3883,83.9648,81.3716],[0.0094,0.0095,0.0093,0.0093,0.0094][0.0808,0.0724,0.0617,0.0541,0.0584][0.0044,0.0044,0.0045,0.0044,0.0041][0.0084,0.0075,0.0061,0.0061,0.0056],[9883.4715,9756.9719,10500.2394,10605.3033,10445.3237],[0.0064,0.0065,0.0060,0.0060,0.0060][0.0800,0.0724,0.0675,0.0575,0.0566][0.0009,0.0010,0.0010,0.0010,0.0010][0.0104,0.0103,0.0082,0.0076,0.0076],6395314176,47584,5191,6395387904
0ac30fcd9,256,65536,21474836480,100,bucket_keys,-1,pglz,58155,1922,1672,6395387904,.0078,128,4096,[98.6445,96.7784,94.4986,96.2846,91.2585],[0.0130,0.0126,0.0122,0.0121,0.0130][0.0885,0.0718,0.0742,0.0729,0.0661][0.0051,0.0049,0.0051,0.0050,0.0054][0.0109,0.0100,0.0093,0.0090,0.0092],[12231.5970,12463.5181,12555.6896,12647.9583,11600.8745],[0.0103,0.0101,0.0101,0.0100,0.0109][0.0963,0.0708,0.0770,0.0735,0.1055][0.0011,0.0011,0.0011,0.0012,0.0011][0.0118,0.0115,0.0113,0.0115,0.0116],6833930240,49267,5889,6834036736
0ac30fcd9,256,65536,21474836480,100,bucket_keys,-1,pglz,58155,1922,1672,6834036736,.0078,256,4096,[109.5089,106.1536,106.5306,103.8643,108.8548],[0.0206,0.0207,0.0197,0.0191,0.0200][0.0891,0.0996,0.0988,0.0997,0.0924][0.0062,0.0064,0.0070,0.0062,0.0055][0.0166,0.0179,0.0161,0.0156,0.0155],[13938.4283,13724.5266,13818.3078,13809.3891,13891.3535],[0.0182,0.0184,0.0183,0.0183,0.0182][0.0874,0.0922,0.0922,0.1066,0.0871][0.0021,0.0020,0.0019,0.0020,0.0016][0.0172,0.0177,0.0174,0.0178,0.0171],6811746304,50126,6077,6811910144
0ac30fcd9,256,65536,21474836480,100,bucket_keys,-1,pglz,58155,1922,1672,6811910144,.0078,512,4096,[117.4068,113.6272,112.1278,119.2398,122.4143],[0.0383,0.0384,0.0359,0.0386,0.0384][0.1305,0.1559,0.1162,0.1234,0.1258][0.0108,0.0097,0.0097,0.0097,0.0092][0.0256,0.0261,0.0239,0.0249,0.0261],[15289.1195,14905.5706,15321.9208,14935.3707,15035.8652],[0.0330,0.0339,0.0331,0.0339,0.0335][0.1147,0.1455,0.1088,0.1349,0.1136][0.0040,0.0026,0.0026,0.0044,0.0040][0.0253,0.0260,0.0253,0.0252,0.0263],6930841600,50379,6203,6930980864
0ac30fcd9,256,65536,21474836480,100,bucket_keys,-1,pglz,58155,1922,1672,6930980864,.0078,1024,4096,[136.2999,139.7206,135.3068,132.8707,133.2787],[0.0660,0.0673,0.0675,0.0663,0.0670][0.2138,0.1795,0.1741,0.1808,0.1814][0.0200,0.0200,0.0149,0.0130,0.0107][0.0391,0.0395,0.0367,0.0395,0.0401],[17436.3706,17611.3376,17157.2012,17289.9301,17516.1806],[0.0579,0.0572,0.0588,0.0583,0.0576][0.2227,0.1681,0.1474,0.1557,0.1486][0.0090,0.0095,0.0088,0.0034,0.0086][0.0386,0.0377,0.0359,0.0376,0.0372],6978166784,50730,6136,6978314240
0ac30fcd9,256,65536,21474836480,100,bucket_keys,-1,pglz,58155,1922,1672,6978314240,.0078,2048,4096,[166.2625,160.9996,155.3948,151.0934,156.5885],[0.1227,0.1198,0.1226,0.1221,0.1230][0.2879,0.2598,0.2583,0.2629,0.2626][0.0354,0.0366,0.0257,0.0324,0.0281][0.0548,0.0563,0.0564,0.0556,0.0554],[20609.5154,20526.2907,20311.5257,20150.8376,20386.1960],[0.0976,0.0979,0.0986,0.0998,0.0987][0.2159,0.2090,0.2031,0.2320,0.2224][0.0183,0.0175,0.0188,0.0056,0.0172][0.0501,0.0494,0.0487,0.0518,0.0508],7014989824,52091,6228,7015161856
0ac30fcd9,256,65536,21474836480,100,bucket_keys,-1,pglz,61369,2227,2562,575430656,.0078,32,8192,[51.9441,52.7217,50.3961,50.1977,54.5381],[0.0099,0.0098,0.0102,0.0099,0.0098][0.0742,0.0826,0.1026,0.1034,0.0999][0.0053,0.0054,0.0052,0.0050,0.0052][0.0061,0.0055,0.0075,0.0065,0.0055],[6755.9370,6646.3491,6460.7181,6426.8787,6637.2441],[0.0047,0.0047,0.0049,0.0049,0.0047][0.0719,0.0814,0.1157,0.1028,0.1030][0.0009,0.0009,0.0009,0.0009,0.0009][0.0080,0.0080,0.0090,0.0094,0.0082],9223929856,77393,9038,9224044544
0ac30fcd9,256,65536,21474836480,100,bucket_keys,-1,pglz,61369,2227,2562,9224044544,.0078,64,8192,[63.6264,63.7266,65.2214,62.3459,60.1665],[0.0111,0.0112,0.0112,0.0114,0.0122][0.0835,0.0912,0.0858,0.0974,0.0835][0.0055,0.0056,0.0059,0.0056,0.0056][0.0083,0.0089,0.0086,0.0091,0.0098],[8297.2094,8180.3024,8190.5538,8200.8204,8032.1250],[0.0076,0.0077,0.0077,0.0077,0.0079][0.0868,0.0909,0.0854,0.0968,0.0993][0.0010,0.0010,0.0010,0.0010,0.0010][0.0122,0.0125,0.0125,0.0127,0.0125],10422525952,81527,10810,10422607872
0ac30fcd9,256,65536,21474836480,100,bucket_keys,-1,pglz,61369,2227,2562,10422607872,.0078,128,8192,[69.9740,68.3335,67.7120,67.2154,66.8844],[0.0149,0.0154,0.0154,0.0166,0.0147][0.1701,0.1608,0.1519,0.1528,0.1419][0.0063,0.0061,0.0066,0.0062,0.0059][0.0146,0.0162,0.0161,0.0187,0.0136],[9100.9045,8681.0130,8766.0745,8701.8236,8658.9465],[0.0139,0.0146,0.0144,0.0146,0.0147][0.1812,0.1835,0.1514,0.1862,0.2040][0.0013,0.0012,0.0012,0.0012,0.0012][0.0219,0.0239,0.0223,0.0234,0.0241],10686717952,90412,10699,10686865408
0ac30fcd9,256,65536,21474836480,100,bucket_keys,-1,pglz,61369,2227,2562,10686865408,.0078,256,8192,[85.5171,81.1793,78.0399,80.4217,82.3931],[0.0249,0.0246,0.0260,0.0262,0.0256][0.1372,0.1400,0.1601,0.1495,0.1420][0.0072,0.0074,0.0064,0.0078,0.0066][0.0255,0.0245,0.0268,0.0259,0.0247],[10927.4293,10706.6409,10619.4247,10418.2849,10576.3022],[0.0232,0.0237,0.0239,0.0243,0.0240][0.1271,0.1304,0.1486,0.1480,0.1428][0.0022,0.0020,0.0017,0.0019,0.0023][0.0278,0.0281,0.0292,0.0292,0.0279],11319820288,83920,13640,11319943168
0ac30fcd9,256,65536,21474836480,100,bucket_keys,-1,pglz,61369,2227,2562,11319943168,.0078,512,8192,[88.0249,88.7283,90.6731,90.1386,90.0733],[0.0488,0.0500,0.0507,0.0478,0.0468][0.1693,0.1654,0.1852,0.1820,0.1758][0.0101,0.0114,0.0136,0.0116,0.0125][0.0389,0.0407,0.0383,0.0386,0.0343],[11463.1709,11426.3058,11193.4891,11290.5674,11509.2515],[0.0442,0.0441,0.0450,0.0448,0.0438][0.1501,0.1590,0.1653,0.1745,0.1670][0.0030,0.0054,0.0031,0.0049,0.0023][0.0399,0.0409,0.0390,0.0413,0.0370],11731861504,85086,15236,11731984384
0ac30fcd9,256,65536,21474836480,100,bucket_keys,-1,pglz,61369,2227,2562,11731984384,.0078,1024,8192,[95.1228,87.7093,91.9702,88.4104,93.1719],[0.0959,0.0969,0.0940,0.1009,0.1031][0.3591,0.3372,0.3420,0.3426,0.4271][0.0225,0.0228,0.0115,0.0214,0.0226][0.0646,0.0723,0.0707,0.0772,0.0733],[12114.3138,11787.9783,11935.7944,11452.4519,11804.8918],[0.0834,0.0858,0.0848,0.0883,0.0856][0.3282,0.3343,0.3229,0.3339,0.3648][0.0035,0.0124,0.0086,0.0115,0.0024][0.0621,0.0706,0.0692,0.0730,0.0690],11717533696,91755,15945,11717648384
0ac30fcd9,256,65536,21474836480,100,bucket_keys,-1,pglz,61369,2227,2562,11717648384,.0078,2048,8192,[113.9952,113.9708,123.0412,123.9122,117.8772],[0.1609,0.1619,0.1547,0.1594,0.1614][0.4503,0.3641,0.3606,0.3478,0.3685][0.0326,0.0379,0.0390,0.0401,0.0404][0.0862,0.0804,0.0700,0.0745,0.0784],[14648.2919,15017.9989,15935.3509,14993.0936,15297.3193],[0.1378,0.1332,0.1266,0.1344,0.1317][0.4324,0.3195,0.2365,0.3200,0.3523][0.0091,0.0111,0.0237,0.0111,0.0217][0.0782,0.0701,0.0651,0.0722,0.0703],12482027520,91407,18684,12482224128
0ac30fcd9,256,65536,21474836480,100,bucket_keys,-1,pglz,67001,2754,4199,1139294208,.0078,32,16384,[36.8086,37.0725,37.5655,41.1098,40.7147],[0.0131,0.0129,0.0132,0.0127,0.0131][0.1679,0.1218,0.1294,0.1091,0.0896][0.0068,0.0074,0.0068,0.0071,0.0071][0.0100,0.0084,0.0112,0.0074,0.0080],[4838.4617,4850.5288,4729.6242,5129.9354,5172.4287],[0.0065,0.0065,0.0067,0.0061,0.0061][0.1676,0.1592,0.1760,0.1087,0.1005][0.0010,0.0010,0.0010,0.0010,0.0010][0.0141,0.0141,0.0149,0.0119,0.0118],18219474944,150435,19567,18219614208
0ac30fcd9,256,65536,21474836480,100,bucket_keys,-1,pglz,67001,2754,4199,18219614208,.0078,64,16384,[47.8025,48.7008,47.2965,47.8277,48.0980],[0.0149,0.0159,0.0148,0.0158,0.0156][0.1182,0.1245,0.1318,0.1337,0.1461][0.0078,0.0081,0.0076,0.0081,0.0080][0.0129,0.0150,0.0119,0.0144,0.0146],[6168.3705,5937.8389,6167.7237,6048.7306,5990.5091],[0.0103,0.0106,0.0103,0.0104,0.0106][0.1859,0.1235,0.1311,0.1454,0.1468][0.0010,0.0010,0.0010,0.0010,0.0010][0.0192,0.0195,0.0194,0.0195,0.0199],20859092992,168007,21177,20859174912
0ac30fcd9,256,65536,21474836480,100,bucket_keys,-1,pglz,67001,2754,4199,20859174912,.0078,128,16384,[54.2850,51.8954,52.1482,54.1870,51.2395],[0.0239,0.0221,0.0229,0.0216,0.0224][0.1699,0.1681,0.1686,0.1888,0.2077][0.0087,0.0089,0.0091,0.0101,0.0094][0.0269,0.0246,0.0271,0.0237,0.0255],[6874.2013,6876.6344,6755.6358,6813.5114,6655.4521],[0.0184,0.0184,0.0187,0.0186,0.0190][0.1637,0.1773,0.2181,0.2361,0.2033][0.0015,0.0016,0.0015,0.0014,0.0015][0.0299,0.0313,0.0324,0.0314,0.0322],21125365760,165444,25193,21125496832
0ac30fcd9,256,65536,21474836480,100,bucket_keys,-1,pglz,67001,2754,4199,21125496832,.0078,256,16384,[58.5620,56.5568,55.3183,55.5071,62.9540],[0.0371,0.0358,0.0374,0.0374,0.0361][0.2996,0.2216,0.2472,0.2334,0.2813][0.0109,0.0112,0.0116,0.0119,0.0100][0.0395,0.0377,0.0404,0.0374,0.0404],[7487.9443,7274.1573,7266.6642,7129.7903,6593.8657],[0.0339,0.0349,0.0348,0.0356,0.0366][0.3018,0.2099,0.2349,0.3287,0.2796][0.0023,0.0030,0.0023,0.0026,0.0030][0.0438,0.0448,0.0456,0.0443,0.0501],21493202944,167126,27894,21493481472
0ac30fcd9,256,65536,21474836480,100,bucket_keys,-1,pglz,67001,2754,4199,21493481472,.0078,512,16384,[200.4976,203.8205,192.0216,189.6537,195.9406],[0.0398,0.0397,0.0397,0.0398,0.0389][0.0945,0.0648,0.0670,0.0649,0.0599][0.0141,0.0140,0.0161,0.0142,0.0140][0.0078,0.0074,0.0070,0.0079,0.0072],[0,0,0,0,0],[,,,,][,,,,][,,,,][,,,,],5706137600,523,16513,5706145792
0ac30fcd9,256,65536,21474836480,100,bucket_keys,-1,pglz,67001,2754,4199,5706145792,.0078,1024,16384,[195.2908,193.7429,195.9744,198.8411,191.1316],[0.0691,0.0700,0.0708,0.0706,0.0682][0.1215,0.1363,0.1214,0.1316,0.1201][0.0258,0.0231,0.0245,0.0154,0.0223][0.0154,0.0143,0.0149,0.0161,0.0146],[0,0,0,0,0],[,,,,][,,,,][,,,,][,,,,],5706104832,502,16315,5706113024
0ac30fcd9,256,65536,21474836480,100,bucket_keys,-1,pglz,67001,2754,4199,5706113024,.0078,2048,16384,[203.6587,206.1274,195.7980,191.8184,189.3002],[0.1239,0.1291,0.1235,0.1263,0.1273][0.2288,0.2142,0.2713,0.2311,0.2402][0.0291,0.0365,0.0374,0.0432,0.0404][0.0306,0.0283,0.0311,0.0310,0.0296],[0,0,0,0,0],[,,,,][,,,,][,,,,][,,,,],5706104832,519,16577,5706113024
0ac30fcd9,256,65536,21474836480,100,lbr_now_norm,-1,pglz,36322,786,1465,119840768,.0078,32,256,[133.0540,139.0405,134.9058,130.8024,138.5173],[0.0015,0.0015,0.0015,0.0015,0.0015][0.0225,0.0189,0.0194,0.0243,0.0186][0.0007,0.0008,0.0008,0.0009,0.0008][0.0015,0.0014,0.0014,0.0016,0.0011],[17489.4250,17618.2853,17385.2701,17605.0077,17450.9408],[0.0018,0.0018,0.0018,0.0018,0.0018][0.0243,0.0224,0.0279,0.0242,0.0237][0.0005,0.0005,0.0005,0.0005,0.0005][0.0020,0.0020,0.0021,0.0021,0.0021],550289408,2644,1632,550289408
0ac30fcd9,256,65536,21474836480,100,lbr_now_norm,-1,pglz,36322,786,1465,550289408,.0078,64,256,[216.8235,215.9627,198.2425,208.5726,219.2275],[0.0018,0.0018,0.0018,0.0018,0.0018][0.0321,0.0327,0.0329,0.0343,0.0332][0.0008,0.0008,0.0008,0.0008,0.0008][0.0024,0.0029,0.0026,0.0025,0.0023],[26767.5980,27138.1273,27088.5431,27233.8968,27513.1809],[0.0024,0.0023,0.0023,0.0023,0.0023][0.0356,0.0350,0.0332,0.0347,0.0361][0.0006,0.0006,0.0006,0.0006,0.0006][0.0038,0.0036,0.0037,0.0036,0.0036],550223872,2998,1682,550223872
0ac30fcd9,256,65536,21474836480,100,lbr_now_norm,-1,pglz,36322,786,1465,550223872,.0078,128,256,[274.9406,270.9053,268.3034,273.1637,288.9152],[0.0029,0.0026,0.0027,0.0025,0.0026][0.0464,0.0440,0.0463,0.0458,0.0446][0.0009,0.0009,0.0008,0.0009,0.0007][0.0050,0.0039,0.0047,0.0041,0.0048],[35131.2521,35632.0355,35791.8455,36318.5646,36632.0335],[0.0036,0.0036,0.0035,0.0035,0.0035][0.0458,0.0491,0.0521,0.0471,0.0470][0.0008,0.0008,0.0008,0.0008,0.0008][0.0058,0.0057,0.0059,0.0057,0.0058],550322176,3868,1623,550322176
0ac30fcd9,256,65536,21474836480,100,lbr_now_norm,-1,pglz,36322,786,1465,550322176,.0078,256,256,[325.1899,308.9576,323.1325,332.2727,331.5094],[0.0044,0.0042,0.0045,0.0047,0.0044][0.0588,0.0600,0.0577,0.0626,0.0570][0.0008,0.0009,0.0009,0.0009,0.0010][0.0061,0.0061,0.0070,0.0075,0.0067],[41711.2880,41807.3267,42189.8838,42595.3858,42914.5556],[0.0061,0.0061,0.0060,0.0059,0.0059][0.0610,0.0606,0.0629,0.0658,0.0570][0.0011,0.0015,0.0010,0.0012,0.0012][0.0084,0.0086,0.0085,0.0082,0.0082],550240256,3744,1598,550240256
0ac30fcd9,256,65536,21474836480,100,lbr_now_norm,-1,pglz,36322,786,1465,550240256,.0078,512,256,[350.8834,352.9378,383.7376,356.3664,373.4404],[0.0083,0.0085,0.0091,0.0086,0.0083][0.0608,0.0608,0.0665,0.0648,0.0686][0.0013,0.0011,0.0012,0.0010,0.0012][0.0093,0.0104,0.0114,0.0105,0.0103],[45745.5427,46014.8473,45841.8711,45856.4817,46271.6744],[0.0110,0.0109,0.0110,0.0110,0.0109][0.0676,0.0665,0.0669,0.0685,0.0661][0.0009,0.0009,0.0007,0.0008,0.0012][0.0115,0.0112,0.0114,0.0117,0.0112],550166528,3706,1614,550166528
0ac30fcd9,256,65536,21474836480,100,lbr_now_norm,-1,pglz,36322,786,1465,550166528,.0078,1024,256,[379.5192,367.3978,365.6582,378.6888,367.9425],[0.0181,0.0182,0.0169,0.0183,0.0179][0.0879,0.0876,0.0781,0.0777,0.0861][0.0013,0.0020,0.0021,0.0018,0.0021][0.0158,0.0163,0.0143,0.0160,0.0157],[46654.4854,46778.1087,46555.8090,46935.9212,47306.0053],[0.0214,0.0214,0.0214,0.0213,0.0212][0.0787,0.0788,0.0827,0.0777,0.0801][0.0030,0.0013,0.0019,0.0025,0.0021][0.0152,0.0155,0.0154,0.0150,0.0152],550117376,3772,1649,550117376
0ac30fcd9,256,65536,21474836480,100,lbr_now_norm,-1,pglz,36322,786,1465,550117376,.0078,2048,256,[377.6507,370.7112,371.0987,354.0172,365.7243],[0.0359,0.0382,0.0383,0.0342,0.0354][0.1279,0.1172,0.1275,0.0959,0.1224][0.0029,0.0043,0.0043,0.0016,0.0044][0.0234,0.0242,0.0265,0.0208,0.0236],[48274.4471,47423.1727,47575.2217,47946.0906,47750.3894],[0.0415,0.0421,0.0422,0.0419,0.0418][0.1111,0.1149,0.1228,0.1062,0.1157][0.0093,0.0096,0.0038,0.0062,0.0086][0.0200,0.0204,0.0213,0.0197,0.0200],550232064,3671,1621,550232064
0ac30fcd9,256,65536,21474836480,100,lbr_now_norm,-1,pglz,38432,795,1565,141189120,.0078,32,512,[126.5570,128.5258,129.7295,130.7133,127.5643],[0.0016,0.0016,0.0016,0.0016,0.0016][0.0235,0.0239,0.0250,0.0216,0.0278][0.0009,0.0009,0.0008,0.0009,0.0010][0.0014,0.0015,0.0018,0.0013,0.0017],[16525.6676,16402.0877,16512.7955,16573.8120,16493.1622],[0.0019,0.0019,0.0019,0.0019,0.0019][0.0270,0.0263,0.0280,0.0281,0.0310][0.0005,0.0005,0.0005,0.0005,0.0005][0.0023,0.0023,0.0024,0.0023,0.0024],853663744,2915,2059,853671936
0ac30fcd9,256,65536,21474836480,100,lbr_now_norm,-1,pglz,38432,795,1565,853671936,.0078,64,512,[197.7928,199.6575,194.5956,203.7160,204.5975],[0.0019,0.0019,0.0018,0.0019,0.0019][0.0357,0.0354,0.0370,0.0374,0.0336][0.0009,0.0008,0.0008,0.0009,0.0009][0.0028,0.0028,0.0025,0.0033,0.0030],[25640.1601,25495.1911,26083.3545,25997.0997,26076.0409],[0.0025,0.0025,0.0024,0.0024,0.0024][0.0399,0.0389,0.0418,0.0382,0.0391][0.0007,0.0006,0.0006,0.0006,0.0006][0.0041,0.0041,0.0041,0.0041,0.0041],858226688,5069,1769,858226688
0ac30fcd9,256,65536,21474836480,100,lbr_now_norm,-1,pglz,38432,795,1565,858226688,.0078,128,512,[252.9075,254.2882,252.3665,258.4128,260.0824],[0.0028,0.0027,0.0028,0.0028,0.0026][0.0503,0.0519,0.0556,0.0496,0.0490][0.0009,0.0009,0.0008,0.0008,0.0010][0.0047,0.0047,0.0051,0.0052,0.0038],[32914.7542,33204.1606,33574.9152,34310.5357,33913.7059],[0.0039,0.0038,0.0038,0.0037,0.0037][0.0522,0.0540,0.0560,0.0531,0.0527][0.0007,0.0009,0.0009,0.0009,0.0006][0.0067,0.0068,0.0067,0.0064,0.0064],853737472,4640,1765,853737472
0ac30fcd9,256,65536,21474836480,100,lbr_now_norm,-1,pglz,38432,795,1565,853737472,.0078,256,512,[307.6998,297.2996,296.0410,315.7008,315.0864],[0.0050,0.0051,0.0046,0.0046,0.0047][0.0665,0.0652,0.0621,0.0640,0.0622][0.0010,0.0008,0.0010,0.0010,0.0010][0.0081,0.0087,0.0070,0.0072,0.0079],[38886.9559,38948.4520,39652.3463,40896.4618,40523.6851],[0.0065,0.0065,0.0064,0.0062,0.0062][0.0676,0.0706,0.0651,0.0659,0.0641][0.0015,0.0014,0.0012,0.0007,0.0013][0.0100,0.0099,0.0094,0.0092,0.0094],858218496,3736,2786,858226688
0ac30fcd9,256,65536,21474836480,100,lbr_now_norm,-1,pglz,38432,795,1565,858226688,.0078,512,512,[311.1070,326.0448,341.8904,333.1382,328.9245],[0.0087,0.0099,0.0098,0.0092,0.0095][0.0743,0.0756,0.0776,0.0720,0.0743][0.0014,0.0013,0.0013,0.0012,0.0014][0.0107,0.0130,0.0134,0.0122,0.0126],[41922.1956,42146.6263,42278.7351,43121.3423,43404.1274],[0.0120,0.0119,0.0119,0.0117,0.0116][0.0764,0.0785,0.0779,0.0757,0.0768][0.0008,0.0013,0.0016,0.0008,0.0013][0.0138,0.0135,0.0139,0.0132,0.0132],858210304,3427,1780,858210304
0ac30fcd9,256,65536,21474836480,100,lbr_now_norm,-1,pglz,38432,795,1565,858210304,.0078,1024,512,[359.0246,334.4088,340.7023,348.1631,333.0974],[0.0197,0.0176,0.0189,0.0181,0.0201][0.0928,0.0881,0.0926,0.0937,0.0949][0.0030,0.0028,0.0026,0.0017,0.0019][0.0171,0.0167,0.0173,0.0169,0.0189],[44335.8301,44813.2756,44620.4850,44590.0954,44454.6218],[0.0224,0.0224,0.0225,0.0225,0.0224][0.0872,0.0860,0.0893,0.0863,0.0984][0.0019,0.0028,0.0020,0.0044,0.0009][0.0170,0.0175,0.0175,0.0173,0.0180],858226688,3157,1758,858243072
0ac30fcd9,256,65536,21474836480,100,lbr_now_norm,-1,pglz,38432,795,1565,858243072,.0078,2048,512,[352.4400,368.7904,346.9793,359.4268,369.2659],[0.0414,0.0383,0.0421,0.0408,0.0420][0.1271,0.1289,0.1325,0.1396,0.1309][0.0054,0.0059,0.0027,0.0041,0.0043][0.0243,0.0241,0.0258,0.0261,0.0263],[45618.7515,45123.0824,44768.7557,45400.3456,44875.2158],[0.0438,0.0444,0.0448,0.0441,0.0447][0.1186,0.1224,0.1176,0.1207,0.1199][0.0017,0.0096,0.0029,0.0095,0.0089][0.0225,0.0219,0.0230,0.0232,0.0232],858030080,3201,1790,858030080
0ac30fcd9,256,65536,21474836480,100,lbr_now_norm,-1,pglz,41664,877,1637,171212800,.0078,32,1024,[122.0047,121.0116,125.1262,127.8524,121.7767],[0.0017,0.0017,0.0016,0.0017,0.0018][0.0316,0.0329,0.0259,0.0227,0.0263][0.0010,0.0010,0.0010,0.0010,0.0009][0.0012,0.0015,0.0014,0.0017,0.0021],[15753.6657,15822.2443,15988.9177,15873.7053,15848.8576],[0.0020,0.0020,0.0020,0.0020,0.0020][0.0321,0.0322,0.0310,0.0273,0.0295][0.0005,0.0005,0.0005,0.0005,0.0005][0.0026,0.0026,0.0026,0.0025,0.0026],1424187392,4207,1918,1424195584
0ac30fcd9,256,65536,21474836480,100,lbr_now_norm,-1,pglz,41664,877,1637,1424195584,.0078,64,1024,[183.0917,182.9026,185.3470,183.3832,194.9715],[0.0023,0.0019,0.0021,0.0020,0.0021][0.0460,0.0428,0.0470,0.0399,0.0372][0.0010,0.0009,0.0010,0.0009,0.0009][0.0043,0.0029,0.0037,0.0027,0.0035],[23410.8443,23788.4339,23653.0323,24137.5341,24848.8521],[0.0027,0.0027,0.0027,0.0026,0.0026][0.0461,0.0470,0.0475,0.0439,0.0392][0.0006,0.0007,0.0007,0.0006,0.0007][0.0050,0.0050,0.0050,0.0045,0.0042],1424154624,6914,2920,1424195584
0ac30fcd9,256,65536,21474836480,100,lbr_now_norm,-1,pglz,41664,877,1637,1424195584,.0078,128,1024,[234.6090,246.6472,261.4997,258.2130,250.9189],[0.0033,0.0033,0.0034,0.0032,0.0030][0.0602,0.0537,0.0540,0.0565,0.0591][0.0009,0.0009,0.0010,0.0010,0.0010][0.0064,0.0064,0.0067,0.0059,0.0052],[31003.4965,31598.0303,31705.9391,31815.9939,31896.0924],[0.0041,0.0040,0.0040,0.0040,0.0040][0.0601,0.0559,0.0556,0.0573,0.0593][0.0009,0.0008,0.0008,0.0009,0.0007][0.0073,0.0071,0.0070,0.0070,0.0068],1423949824,7635,3283,1423949824
0ac30fcd9,256,65536,21474836480,100,lbr_now_norm,-1,pglz,41664,877,1637,1423949824,.0078,256,1024,[288.1630,278.1656,286.0964,293.8442,295.4016],[0.0054,0.0050,0.0052,0.0048,0.0054][0.0690,0.0685,0.0675,0.0646,0.0619][0.0011,0.0011,0.0012,0.0011,0.0011][0.0088,0.0083,0.0089,0.0079,0.0090],[36323.3272,36659.7943,36460.4595,37888.8224,37793.6474],[0.0070,0.0069,0.0069,0.0067,0.0067][0.0719,0.0710,0.0681,0.0662,0.0643][0.0011,0.0014,0.0014,0.0013,0.0013][0.0106,0.0107,0.0111,0.0103,0.0104],1424097280,6968,1899,1424097280
0ac30fcd9,256,65536,21474836480,100,lbr_now_norm,-1,pglz,41664,877,1637,1424097280,.0078,512,1024,[309.6608,312.3186,324.6891,296.7400,300.7244],[0.0105,0.0103,0.0103,0.0106,0.0099][0.0802,0.0872,0.0923,0.0781,0.0843][0.0016,0.0017,0.0014,0.0015,0.0012][0.0133,0.0139,0.0135,0.0145,0.0131],[38931.3689,39264.9714,39532.0350,39503.6778,39921.5214],[0.0129,0.0128,0.0127,0.0127,0.0126][0.0820,0.0859,0.0833,0.0816,0.0835][0.0018,0.0007,0.0019,0.0016,0.0015][0.0151,0.0152,0.0150,0.0149,0.0150],1424015360,5833,2887,1424023552
0ac30fcd9,256,65536,21474836480,100,lbr_now_norm,-1,pglz,41664,877,1637,1424023552,.0078,1024,1024,[315.6111,322.4595,326.1469,322.5951,324.5805],[0.0201,0.0213,0.0209,0.0206,0.0222][0.1055,0.1048,0.1084,0.0963,0.1024][0.0025,0.0031,0.0023,0.0023,0.0016][0.0192,0.0204,0.0206,0.0198,0.0213],[39899.2048,40794.4177,40250.7162,40811.3440,40310.6086],[0.0249,0.0245,0.0247,0.0245,0.0248][0.0997,0.0998,0.1067,0.0934,0.1007][0.0011,0.0012,0.0015,0.0021,0.0017][0.0204,0.0201,0.0209,0.0206,0.0204],1423851520,4725,1926,1423851520
0ac30fcd9,256,65536,21474836480,100,lbr_now_norm,-1,pglz,41664,877,1637,1423851520,.0078,2048,1024,[323.7918,336.0181,324.6204,333.1108,315.1462],[0.0443,0.0467,0.0470,0.0444,0.0479][0.1314,0.1380,0.1550,0.1515,0.1362][0.0054,0.0040,0.0032,0.0059,0.0083][0.0273,0.0281,0.0303,0.0292,0.0278],[42081.8050,42276.7442,42278.1858,41933.6286,41785.5940],[0.0475,0.0474,0.0473,0.0479,0.0479][0.1312,0.1408,0.1397,0.1353,0.1310][0.0032,0.0058,0.0119,0.0077,0.0028][0.0259,0.0251,0.0252,0.0253,0.0248],1424179200,5506,2682,1424179200
0ac30fcd9,256,65536,21474836480,100,lbr_now_norm,-1,pglz,48972,729,2035,285868032,.0078,32,2048,[103.7698,108.1444,99.8610,100.2466,106.4716],[0.0023,0.0027,0.0024,0.0025,0.0023][0.0429,0.0486,0.0497,0.0480,0.0459][0.0013,0.0013,0.0013,0.0013,0.0014][0.0019,0.0045,0.0035,0.0040,0.0029],[13106.8124,12944.8509,12945.3184,13038.1997,13152.7573],[0.0024,0.0024,0.0025,0.0024,0.0024][0.0510,0.0496,0.0507,0.0518,0.0468][0.0006,0.0007,0.0006,0.0006,0.0006][0.0051,0.0051,0.0053,0.0052,0.0050],3224264704,14724,3077,3224264704
0ac30fcd9,256,65536,21474836480,100,lbr_now_norm,-1,pglz,48972,729,2035,3224264704,.0078,64,2048,[152.4458,152.1505,152.0901,154.4682,154.2815],[0.0027,0.0027,0.0028,0.0030,0.0028][0.0618,0.0603,0.0566,0.0582,0.0601][0.0014,0.0013,0.0014,0.0013,0.0013][0.0048,0.0044,0.0052,0.0057,0.0053],[19492.0301,19467.0586,19586.8591,19958.2532,19752.8198],[0.0033,0.0033,0.0032,0.0032,0.0032][0.0673,0.0646,0.0611,0.0603,0.0650][0.0007,0.0007,0.0008,0.0007,0.0007][0.0075,0.0075,0.0072,0.0071,0.0073],3224707072,19149,2432,3224707072
0ac30fcd9,256,65536,21474836480,100,lbr_now_norm,-1,pglz,48972,729,2035,3224707072,.0078,128,2048,[176.0207,186.8697,188.9082,182.9607,193.5932],[0.0039,0.0042,0.0037,0.0040,0.0038][0.0864,0.0859,0.0854,0.0872,0.0890][0.0014,0.0013,0.0014,0.0014,0.0014][0.0082,0.0089,0.0074,0.0084,0.0078],[23577.7300,23924.2834,24503.9025,24557.5356,24373.5537],[0.0054,0.0053,0.0052,0.0052,0.0052][0.0920,0.0864,0.0852,0.0882,0.0900][0.0011,0.0009,0.0010,0.0010,0.0009][0.0127,0.0122,0.0120,0.0118,0.0120],3224977408,18423,3299,3225018368
0ac30fcd9,256,65536,21474836480,100,lbr_now_norm,-1,pglz,48972,729,2035,3225018368,.0078,256,2048,[205.9026,207.2702,208.0929,213.7381,212.7524],[0.0076,0.0078,0.0082,0.0076,0.0077][0.1193,0.1162,0.1144,0.1111,0.1123][0.0015,0.0016,0.0015,0.0014,0.0014][0.0171,0.0174,0.0178,0.0170,0.0173],[26156.2626,26364.6540,26886.4221,26891.5881,26716.8003],[0.0097,0.0095,0.0094,0.0094,0.0095][0.1201,0.1162,0.1149,0.1135,0.1133][0.0013,0.0011,0.0014,0.0017,0.0013][0.0213,0.0209,0.0203,0.0207,0.0204],3224338432,17683,3293,3224387584
0ac30fcd9,256,65536,21474836480,100,lbr_now_norm,-1,pglz,48972,729,2035,3224387584,.0078,512,2048,[225.1082,219.2659,225.8753,224.5007,228.0135],[0.0159,0.0156,0.0156,0.0132,0.0152][0.1383,0.1298,0.1308,0.1296,0.1648][0.0020,0.0022,0.0017,0.0022,0.0019][0.0271,0.0261,0.0272,0.0227,0.0259],[28193.5150,28494.8933,28470.9780,29137.5392,27883.2288],[0.0179,0.0177,0.0177,0.0173,0.0181][0.1349,0.1303,0.1335,0.1341,0.1628][0.0014,0.0014,0.0023,0.0018,0.0017][0.0286,0.0282,0.0282,0.0285,0.0290],3224281088,21093,3290,3224297472
0ac30fcd9,256,65536,21474836480,100,lbr_now_norm,-1,pglz,48972,729,2035,3224297472,.0078,1024,2048,[232.7315,235.7180,240.1763,226.4166,245.3471],[0.0309,0.0326,0.0304,0.0309,0.0309][0.1646,0.1627,0.1477,0.1567,0.1628][0.0033,0.0034,0.0043,0.0030,0.0027][0.0373,0.0384,0.0358,0.0362,0.0356],[29389.4203,29650.7726,29569.6981,28775.0158,30395.3609],[0.0342,0.0338,0.0339,0.0349,0.0331][0.1529,0.1588,0.1609,0.1585,0.1509][0.0013,0.0023,0.0011,0.0021,0.0021][0.0375,0.0379,0.0378,0.0376,0.0358],3224035328,20597,3283,3224084480
0ac30fcd9,256,65536,21474836480,100,lbr_now_norm,-1,pglz,48972,729,2035,3224084480,.0078,2048,2048,[228.4245,233.3958,233.8248,250.3424,231.8948],[0.0685,0.0658,0.0730,0.0687,0.0708][0.2113,0.2348,0.2619,0.1940,0.2398][0.0083,0.0065,0.0051,0.0060,0.0054][0.0493,0.0490,0.0517,0.0492,0.0506],[30435.3529,30121.2317,30276.5775,30619.6516,30264.2893],[0.0660,0.0653,0.0663,0.0655,0.0664][0.1869,0.2073,0.1913,0.1770,0.1952][0.0097,0.0054,0.0121,0.0034,0.0025][0.0470,0.0456,0.0463,0.0451,0.0454],3224682496,19975,3342,3224731648
0ac30fcd9,256,65536,21474836480,100,lbr_now_norm,-1,pglz,60633,744,2563,465928192,.0078,32,4096,[87.7870,84.3570,89.6220,83.4152,92.0939],[0.0033,0.0032,0.0029,0.0033,0.0030][0.0610,0.0643,0.0576,0.0627,0.0587][0.0017,0.0018,0.0018,0.0018,0.0016][0.0055,0.0049,0.0031,0.0060,0.0049],[11073.8989,10842.6975,10981.6326,11053.4402,11348.1256],[0.0029,0.0029,0.0029,0.0029,0.0028][0.0620,0.0652,0.0617,0.0627,0.0602][0.0010,0.0010,0.0009,0.0010,0.0010][0.0068,0.0072,0.0069,0.0072,0.0067],6137061376,34549,3546,6137192448
0ac30fcd9,256,65536,21474836480,100,lbr_now_norm,-1,pglz,60633,744,2563,6137192448,.0078,64,4096,[119.5799,122.9355,117.7990,128.6841,118.5660],[0.0037,0.0038,0.0038,0.0039,0.0037][0.0838,0.0847,0.0829,0.0834,0.0875][0.0016,0.0016,0.0018,0.0017,0.0017][0.0069,0.0076,0.0070,0.0082,0.0073],[15339.9914,15487.8127,15150.9312,15602.7281,15072.3189],[0.0041,0.0041,0.0042,0.0041,0.0042][0.0871,0.0859,0.0834,0.0828,0.0878][0.0011,0.0011,0.0012,0.0011,0.0011][0.0111,0.0107,0.0106,0.0107,0.0111],6136946688,30731,3549,6136995840
0ac30fcd9,256,65536,21474836480,100,lbr_now_norm,-1,pglz,60633,744,2563,6136995840,.0078,128,4096,[144.6007,151.5505,149.8786,144.6992,131.5914],[0.0060,0.0051,0.0056,0.0055,0.0051][0.1252,0.1256,0.1269,0.1184,0.1154][0.0017,0.0017,0.0017,0.0019,0.0019][0.0151,0.0122,0.0131,0.0135,0.0111],[18440.6105,18720.8711,18072.1146,18919.3173,18170.1486],[0.0069,0.0068,0.0070,0.0067,0.0070][0.1284,0.1275,0.1284,0.1177,0.1188][0.0015,0.0014,0.0013,0.0012,0.0013][0.0184,0.0178,0.0181,0.0174,0.0173],6137487360,34416,3548,6137643008
0ac30fcd9,256,65536,21474836480,100,lbr_now_norm,-1,pglz,60633,744,2563,6137643008,.0078,256,4096,[161.1898,152.7605,159.5628,163.2395,161.6081],[0.0101,0.0110,0.0104,0.0098,0.0099][0.1616,0.1579,0.1614,0.1551,0.1532][0.0020,0.0022,0.0021,0.0021,0.0023][0.0232,0.0242,0.0231,0.0211,0.0206],[20880.6233,20146.5904,20959.9526,20763.6618,20451.1797],[0.0121,0.0126,0.0121,0.0122,0.0124][0.1624,0.1568,0.1632,0.1562,0.1551][0.0013,0.0016,0.0018,0.0017,0.0017][0.0283,0.0277,0.0272,0.0273,0.0270],6137995264,33855,4570,6138068992
0ac30fcd9,256,65536,21474836480,100,lbr_now_norm,-1,pglz,60633,744,2563,6138068992,.0078,512,4096,[167.0316,173.9616,165.6005,168.9339,168.2700],[0.0207,0.0213,0.0196,0.0210,0.0198][0.1896,0.1778,0.1760,0.1766,0.1698][0.0027,0.0032,0.0029,0.0025,0.0022][0.0385,0.0382,0.0346,0.0375,0.0353],[22311.1641,22140.9471,22241.2688,22428.7062,22058.0089],[0.0226,0.0228,0.0227,0.0225,0.0229][0.1825,0.1745,0.2284,0.1819,0.1722][0.0016,0.0018,0.0016,0.0016,0.0019][0.0413,0.0407,0.0409,0.0403,0.0404],6138732544,41998,4588,6138880000
0ac30fcd9,256,65536,21474836480,100,lbr_now_norm,-1,pglz,60633,744,2563,6138880000,.0078,1024,4096,[174.7653,169.4520,176.5869,175.4496,174.0384],[0.0515,0.0503,0.0483,0.0479,0.0451][0.1991,0.2073,0.2044,0.1959,0.2101][0.0060,0.0051,0.0049,0.0051,0.0048][0.0580,0.0559,0.0566,0.0570,0.0543],[22937.8583,21918.9685,22753.1431,23089.2133,22482.4949],[0.0439,0.0460,0.0442,0.0436,0.0448][0.1911,0.1957,0.1932,0.1934,0.1893][0.0033,0.0030,0.0041,0.0037,0.0037][0.0532,0.0527,0.0533,0.0532,0.0529],6138265600,50379,2883,6138396672
0ac30fcd9,256,65536,21474836480,100,lbr_now_norm,-1,pglz,60633,744,2563,6138396672,.0078,2048,4096,[168.6650,178.7683,172.0728,166.0104,170.1746],[0.1055,0.1000,0.0993,0.0956,0.1035][0.2687,0.2716,0.2467,0.2927,0.2812][0.0080,0.0111,0.0097,0.0093,0.0092][0.0770,0.0762,0.0774,0.0780,0.0797],[22163.1117,22659.9902,22731.3775,22064.7007,22535.3534],[0.0905,0.0888,0.0885,0.0913,0.0894][0.2389,0.2308,0.2298,0.2780,0.2410][0.0136,0.0088,0.0021,0.0024,0.0032][0.0667,0.0656,0.0672,0.0700,0.0693],6138544128,47103,2927,6138667008
0ac30fcd9,256,65536,21474836480,100,lbr_now_norm,-1,pglz,62999,771,3467,664559616,.0078,32,8192,[67.3911,67.3475,66.1489,65.7474,64.6960],[0.0044,0.0048,0.0048,0.0045,0.0050][0.0827,0.0845,0.0912,0.0834,0.1426][0.0026,0.0026,0.0026,0.0026,0.0026][0.0064,0.0082,0.0079,0.0068,0.0095],[8441.5449,8298.7733,8344.3764,8390.4855,8288.5502],[0.0038,0.0038,0.0038,0.0038,0.0038][0.1386,0.1134,0.0876,0.1353,0.1560][0.0010,0.0011,0.0011,0.0011,0.0010][0.0104,0.0106,0.0107,0.0110,0.0115],9386917888,65092,5525,9387065344
0ac30fcd9,256,65536,21474836480,100,lbr_now_norm,-1,pglz,62999,771,3467,9387065344,.0078,64,8192,[89.5511,86.3104,88.1619,89.0136,85.9642],[0.0057,0.0052,0.0053,0.0055,0.0063][0.1108,0.1131,0.1127,0.1116,0.1108][0.0027,0.0027,0.0026,0.0028,0.0026][0.0110,0.0092,0.0090,0.0103,0.0134],[11332.7150,11300.0370,11265.4941,11121.7279,10906.8285],[0.0056,0.0056,0.0056,0.0057,0.0058][0.1145,0.1128,0.1123,0.1120,0.1293][0.0010,0.0011,0.0011,0.0012,0.0011][0.0157,0.0156,0.0159,0.0160,0.0162],9464094720,63018,4788,9464135680
0ac30fcd9,256,65536,21474836480,100,lbr_now_norm,-1,pglz,62999,771,3467,9464135680,.0078,128,8192,[104.8801,101.3268,102.9718,102.1433,102.1334],[0.0088,0.0071,0.0091,0.0092,0.0085][0.1725,0.1544,0.1628,0.1697,0.1815][0.0026,0.0027,0.0025,0.0028,0.0026][0.0206,0.0141,0.0218,0.0225,0.0189],[13187.5334,13204.7533,13313.3234,13128.4491,12858.7052],[0.0096,0.0096,0.0095,0.0097,0.0099][0.1725,0.1605,0.1640,0.1692,0.1884][0.0015,0.0014,0.0013,0.0013,0.0014][0.0267,0.0263,0.0265,0.0270,0.0271],9464356864,62731,4465,9464504320
0ac30fcd9,256,65536,21474836480,100,lbr_now_norm,-1,pglz,62999,771,3467,9464504320,.0078,256,8192,[117.2855,117.7353,117.9591,125.4500,115.2783],[0.0165,0.0145,0.0144,0.0171,0.0148][0.2264,0.2097,0.2034,0.1986,0.2145][0.0032,0.0031,0.0032,0.0030,0.0032][0.0373,0.0317,0.0300,0.0372,0.0313],[14908.6257,15034.3940,15004.4088,15294.8090,14874.9343],[0.0170,0.0169,0.0169,0.0166,0.0171][0.2217,0.2049,0.2019,0.2007,0.2111][0.0019,0.0020,0.0013,0.0011,0.0017][0.0405,0.0396,0.0390,0.0384,0.0397],9463635968,63069,5041,9463685120
0ac30fcd9,256,65536,21474836480,100,lbr_now_norm,-1,pglz,62999,771,3467,9463685120,.0078,512,8192,[115.2650,111.6047,111.7996,126.4662,117.1326],[0.0356,0.0361,0.0379,0.0354,0.0305][0.4086,0.3161,0.3524,0.2223,0.2452][0.0050,0.0037,0.0043,0.0039,0.0052][0.0569,0.0609,0.0627,0.0540,0.0491],[15201.1343,14409.9407,14704.9191,15880.9207,15243.4066],[0.0333,0.0351,0.0344,0.0319,0.0329][0.4142,0.3133,0.3482,0.2150,0.2423][0.0026,0.0035,0.0027,0.0036,0.0015][0.0580,0.0621,0.0599,0.0514,0.0553],9347031040,96141,4328,9347252224
0ac30fcd9,256,65536,21474836480,100,lbr_now_norm,-1,pglz,62999,771,3467,9347252224,.0078,1024,8192,[125.5451,125.0107,123.9183,122.9881,123.5768],[0.0745,0.0724,0.0759,0.0748,0.0783][0.2720,0.2634,0.2719,0.2800,0.3043][0.0068,0.0074,0.0065,0.0077,0.0079][0.0765,0.0738,0.0773,0.0760,0.0782],[16144.7441,16267.8394,15914.8650,16047.3353,15438.1895],[0.0625,0.0621,0.0633,0.0629,0.0645][0.2547,0.2443,0.2447,0.2509,0.2873][0.0039,0.0046,0.0040,0.0076,0.0029][0.0679,0.0667,0.0690,0.0671,0.0687],9464668160,96496,4262,9464700928
0ac30fcd9,256,65536,21474836480,100,lbr_now_norm,-1,pglz,62999,771,3467,9464700928,.0078,2048,8192,[125.6626,126.1051,127.4895,126.3585,122.8872],[0.1534,0.1442,0.1561,0.1484,0.1558][0.3896,0.3543,0.4063,0.3366,0.3944][0.0142,0.0226,0.0240,0.0204,0.0201][0.0958,0.0926,0.1007,0.0952,0.1023],[16558.7434,16807.9425,16089.4709,16247.7323,15063.0058],[0.1217,0.1201,0.1252,0.1240,0.1330][0.3138,0.3153,0.3645,0.2945,0.4073][0.0165,0.0131,0.0057,0.0047,0.0097][0.0796,0.0794,0.0847,0.0827,0.0908],9464569856,96537,4161,9464668160
0ac30fcd9,256,65536,21474836480,100,lbr_now_norm,-1,pglz,68574,758,5143,1224212480,.0078,32,16384,[46.8064,47.0348,43.2116,46.4714,46.3423],[0.0076,0.0068,0.0075,0.0070,0.0070][0.1212,0.1320,0.5319,0.2830,0.1274][0.0039,0.0038,0.0041,0.0041,0.0039][0.0127,0.0095,0.0168,0.0136,0.0099],[5981.0493,5792.1559,5672.6016,5680.1360,6301.8914],[0.0053,0.0055,0.0056,0.0056,0.0050][0.1621,0.1299,0.5484,0.5520,0.1567][0.0011,0.0011,0.0011,0.0011,0.0011][0.0161,0.0165,0.0213,0.0194,0.0147],18378866688,154714,10397,18379284480
0ac30fcd9,256,65536,21474836480,100,lbr_now_norm,-1,pglz,68574,758,5143,18379284480,.0078,64,16384,[60.5888,65.3128,58.4936,57.4048,60.9937],[0.0086,0.0093,0.0094,0.0092,0.0089][0.1587,0.1766,0.1732,0.1929,0.1782][0.0043,0.0043,0.0040,0.0044,0.0043][0.0157,0.0185,0.0192,0.0182,0.0166],[7937.8764,7851.3696,7552.8655,7456.2976,7698.9815],[0.0080,0.0081,0.0084,0.0085,0.0082][0.1650,0.1727,0.2012,0.2202,0.1921][0.0011,0.0011,0.0013,0.0012,0.0013][0.0241,0.0242,0.0256,0.0258,0.0248],18479587328,144963,6354,18479816704
0ac30fcd9,256,65536,21474836480,100,lbr_now_norm,-1,pglz,68574,758,5143,18479816704,.0078,128,16384,[73.1100,70.4881,63.0037,66.4559,63.6607],[0.0140,0.0160,0.0148,0.0146,0.0151][0.2329,0.2388,0.3300,0.2694,0.3535][0.0046,0.0046,0.0049,0.0051,0.0046][0.0307,0.0363,0.0359,0.0324,0.0356],[9117.0971,8954.7975,8265.2040,8530.5162,8318.0804],[0.0139,0.0142,0.0154,0.0149,0.0153][0.2321,0.2366,0.3766,0.2860,0.3908][0.0011,0.0013,0.0014,0.0016,0.0014][0.0399,0.0404,0.0470,0.0429,0.0455],18480848896,145348,6253,18480857088
0ac30fcd9,256,65536,21474836480,100,lbr_now_norm,-1,pglz,68574,758,5143,18480857088,.0078,256,16384,[71.7931,72.0959,64.2322,69.6266,64.8700],[0.0294,0.0290,0.0366,0.0328,0.0340][0.2820,0.2640,0.3426,0.2790,0.3143][0.0060,0.0057,0.0065,0.0065,0.0060][0.0528,0.0509,0.0682,0.0584,0.0633],[9245.8422,9153.1077,8138.9631,8777.2497,8561.3878],[0.0274,0.0277,0.0311,0.0289,0.0295][0.2767,0.3795,0.3843,0.3534,0.3039][0.0022,0.0027,0.0027,0.0027,0.0021][0.0557,0.0562,0.0675,0.0599,0.0625],18480529408,144268,6250,18480709632
0ac30fcd9,256,65536,21474836480,100,lbr_now_norm,-1,pglz,68574,758,5143,18480709632,.0078,512,16384,[72.8998,72.7527,65.3615,66.1137,69.6803],[0.0706,0.0744,0.0836,0.0805,0.0756][0.3034,0.2970,0.3986,0.3682,0.3754][0.0068,0.0086,0.0090,0.0077,0.0083][0.0831,0.0853,0.1019,0.0955,0.0915],[9369.6328,9212.4726,8213.2102,8655.7206,8909.3577],[0.0540,0.0549,0.0612,0.0584,0.0568][0.2908,0.2664,0.3839,0.3459,0.3596][0.0029,0.0023,0.0034,0.0022,0.0024][0.0750,0.0757,0.0897,0.0841,0.0819],18480381952,394095,6469,18480414720
0ac30fcd9,256,65536,21474836480,100,lbr_now_norm,-1,pglz,68574,758,5143,18480414720,.0078,1024,16384,[78.8084,74.8265,68.2263,71.7420,66.4975],[0.1348,0.1430,0.1599,0.1493,0.1622][0.3429,0.3777,0.4634,0.4875,0.4517][0.0161,0.0126,0.0100,0.0134,0.0204][0.1084,0.1113,0.1331,0.1221,0.1292],[9820.9648,9712.0779,8706.1396,9032.2887,8787.1786],[0.1029,0.1039,0.1161,0.1119,0.1150][0.3237,0.3668,0.4303,0.4607,0.3905][0.0039,0.0027,0.0049,0.0022,0.0050][0.0941,0.0972,0.1143,0.1073,0.1124],18480422912,406613,7105,18480603136
0ac30fcd9,256,65536,21474836480,100,lbr_now_norm,-1,pglz,68574,758,5143,18480603136,.0078,2048,16384,[78.3167,76.0029,77.6248,73.1255,72.1321],[0.2410,0.2470,0.2660,0.2753,0.2513][0.6267,0.6356,0.6192,0.7022,0.6022][0.0373,0.0355,0.0392,0.0372,0.0283][0.1169,0.1366,0.1276,0.1346,0.1417],[10313.4361,9678.8935,9480.5804,9199.4730,9380.1416],[0.1959,0.2088,0.2130,0.2172,0.2155][0.4213,0.4379,0.4794,0.5045,0.5567][0.0026,0.0033,0.0020,0.0029,0.0024][0.1098,0.1275,0.1272,0.1282,0.1302],18479718400,428030,6380,18479988736
0ac30fcd9,256,65536,21474836480,100,lbr_now_nifs,-1,pglz,36783,860,1566,137527296,.0078,32,256,[140.2544,133.1258,133.2625,137.8972,128.3661],[0.0013,0.0014,0.0013,0.0013,0.0013][0.0229,0.0225,0.0254,0.0239,0.0222][0.0006,0.0006,0.0006,0.0006,0.0005][0.0014,0.0020,0.0013,0.0013,0.0011],[17175.0639,17223.4942,17241.2219,17163.9304,17206.5727],[0.0019,0.0018,0.0018,0.0019,0.0018][0.0273,0.0257,0.0260,0.0248,0.0248][0.0005,0.0004,0.0005,0.0005,0.0005][0.0022,0.0023,0.0023,0.0023,0.0023],567984128,2656,1754,567984128
0ac30fcd9,256,65536,21474836480,100,lbr_now_nifs,-1,pglz,36783,860,1566,567984128,.0078,64,256,[200.9673,208.5452,205.6772,208.9637,207.4394],[0.0015,0.0014,0.0015,0.0016,0.0014][0.0351,0.0333,0.0343,0.0357,0.0298][0.0006,0.0006,0.0006,0.0006,0.0006][0.0022,0.0017,0.0022,0.0028,0.0016],[26398.8165,26892.1463,27071.9250,27052.8832,26908.5095],[0.0024,0.0024,0.0023,0.0024,0.0024][0.0382,0.0366,0.0357,0.0369,0.0372][0.0006,0.0005,0.0006,0.0006,0.0006][0.0039,0.0038,0.0038,0.0039,0.0038],567992320,3928,1771,567992320
0ac30fcd9,256,65536,21474836480,100,lbr_now_nifs,-1,pglz,36783,860,1566,567992320,.0078,128,256,[265.5941,272.8769,272.5294,272.0172,274.2115],[0.0025,0.0025,0.0025,0.0026,0.0022][0.0508,0.0478,0.0551,0.0544,0.0476][0.0006,0.0006,0.0006,0.0006,0.0006][0.0051,0.0052,0.0051,0.0058,0.0044],[34316.4745,34981.6082,34800.8132,35169.7236,35382.0275],[0.0037,0.0036,0.0037,0.0036,0.0036][0.0514,0.0514,0.0566,0.0549,0.0520][0.0008,0.0008,0.0008,0.0009,0.0008][0.0064,0.0064,0.0066,0.0067,0.0065],567910400,3695,1810,567910400
0ac30fcd9,256,65536,21474836480,100,lbr_now_nifs,-1,pglz,36783,860,1566,567910400,.0078,256,256,[320.2153,324.6542,310.9523,334.0478,324.2253],[0.0044,0.0040,0.0043,0.0040,0.0039][0.0632,0.0652,0.0621,0.0603,0.0614][0.0008,0.0008,0.0008,0.0007,0.0006][0.0077,0.0063,0.0078,0.0070,0.0067],[40519.7827,40819.3818,41089.8769,42027.9688,41915.1555],[0.0063,0.0062,0.0062,0.0060,0.0060][0.0656,0.0674,0.0650,0.0619,0.0680][0.0010,0.0011,0.0007,0.0009,0.0008][0.0093,0.0094,0.0094,0.0089,0.0092],567869440,3341,1745,567869440
0ac30fcd9,256,65536,21474836480,100,lbr_now_nifs,-1,pglz,36783,860,1566,567869440,.0078,512,256,[325.7136,347.7538,359.8873,340.9975,353.3533],[0.0087,0.0086,0.0083,0.0089,0.0084][0.0708,0.0714,0.0704,0.0669,0.0713][0.0010,0.0009,0.0009,0.0010,0.0010][0.0118,0.0122,0.0109,0.0119,0.0115],[44009.8220,44659.8061,44224.4609,44401.4203,44880.6955],[0.0113,0.0113,0.0114,0.0113,0.0112][0.0778,0.0712,0.0765,0.0717,0.0736][0.0009,0.0014,0.0012,0.0014,0.0010][0.0129,0.0127,0.0126,0.0125,0.0128],567934976,3275,1711,567934976
0ac30fcd9,256,65536,21474836480,100,lbr_now_nifs,-1,pglz,36783,860,1566,567934976,.0078,1024,256,[361.2001,349.7356,354.4040,352.6984,379.9594],[0.0187,0.0179,0.0169,0.0178,0.0170][0.0929,0.0985,0.0820,0.0862,0.0935][0.0014,0.0018,0.0019,0.0013,0.0016][0.0185,0.0175,0.0163,0.0174,0.0171],[45833.1334,45907.3920,45533.7727,46158.0581,45601.2853],[0.0219,0.0218,0.0220,0.0217,0.0220][0.0889,0.0946,0.0885,0.0944,0.0905][0.0020,0.0016,0.0014,0.0014,0.0015][0.0173,0.0171,0.0178,0.0172,0.0179],567861248,3285,1757,567861248
0ac30fcd9,256,65536,21474836480,100,lbr_now_nifs,-1,pglz,36783,860,1566,567861248,.0078,2048,256,[348.4949,362.8583,369.6276,362.5322,359.0299],[0.0399,0.0373,0.0386,0.0367,0.0396][0.1487,0.1473,0.1287,0.1236,0.1238][0.0046,0.0027,0.0028,0.0019,0.0032][0.0275,0.0266,0.0249,0.0242,0.0259],[46749.4588,46690.8796,46651.7660,46838.8056,46480.6733],[0.0427,0.0429,0.0428,0.0427,0.0431][0.1303,0.1232,0.1167,0.1161,0.1152][0.0082,0.0057,0.0019,0.0054,0.0062][0.0232,0.0231,0.0221,0.0225,0.0226],567959552,3213,1736,567959552
0ac30fcd9,256,65536,21474836480,100,lbr_now_nifs,-1,pglz,37876,878,1777,180330496,.0078,32,512,[131.3289,130.3880,129.1699,133.1180,120.6799],[0.0014,0.0014,0.0014,0.0014,0.0013][0.0231,0.0237,0.0267,0.0271,0.0257][0.0006,0.0007,0.0006,0.0007,0.0006][0.0018,0.0017,0.0018,0.0017,0.0013],[16609.0807,16596.7121,16559.4342,16558.8068,16410.4597],[0.0019,0.0019,0.0019,0.0019,0.0019][0.0297,0.0312,0.0306,0.0281,0.0281][0.0005,0.0005,0.0005,0.0005,0.0005][0.0025,0.0026,0.0025,0.0025,0.0026],892674048,3216,2468,892682240
0ac30fcd9,256,65536,21474836480,100,lbr_now_nifs,-1,pglz,37876,878,1777,892682240,.0078,64,512,[193.6531,189.6671,211.8966,198.2864,195.7254],[0.0017,0.0018,0.0016,0.0016,0.0018][0.0371,0.0421,0.0380,0.0385,0.0354][0.0007,0.0007,0.0007,0.0006,0.0007][0.0030,0.0036,0.0030,0.0025,0.0035],[25236.3460,25440.1560,25771.3925,25806.0220,25814.0162],[0.0025,0.0025,0.0025,0.0025,0.0025][0.0415,0.0425,0.0388,0.0440,0.0389][0.0006,0.0006,0.0007,0.0006,0.0006][0.0045,0.0044,0.0045,0.0044,0.0043],897253376,5112,1992,897253376
0ac30fcd9,256,65536,21474836480,100,lbr_now_nifs,-1,pglz,37876,878,1777,897253376,.0078,128,512,[252.2591,243.0437,246.9062,265.7454,256.8139],[0.0028,0.0027,0.0026,0.0026,0.0025][0.0567,0.0564,0.0565,0.0539,0.0565][0.0007,0.0006,0.0007,0.0007,0.0007][0.0060,0.0057,0.0057,0.0052,0.0052],[32338.3203,32489.1930,32870.8500,33436.5048,33511.5602],[0.0039,0.0039,0.0039,0.0038,0.0038][0.0604,0.0636,0.0585,0.0569,0.0590][0.0009,0.0008,0.0008,0.0008,0.0008][0.0075,0.0074,0.0074,0.0070,0.0073],892731392,4532,1995,892731392
0ac30fcd9,256,65536,21474836480,100,lbr_now_nifs,-1,pglz,37876,878,1777,892731392,.0078,256,512,[293.0531,296.3965,284.0566,294.7740,301.9294],[0.0051,0.0053,0.0044,0.0045,0.0045][0.0757,0.0729,0.0728,0.0678,0.0683][0.0008,0.0007,0.0006,0.0009,0.0007][0.0102,0.0104,0.0082,0.0083,0.0080],[37154.6877,37822.6024,37917.7259,38640.5080,38856.5759],[0.0068,0.0067,0.0067,0.0066,0.0065][0.0776,0.0753,0.0775,0.0710,0.0731][0.0010,0.0012,0.0011,0.0008,0.0011][0.0116,0.0112,0.0112,0.0107,0.0105],897212416,3616,1985,897228800
0ac30fcd9,256,65536,21474836480,100,lbr_now_nifs,-1,pglz,37876,878,1777,897228800,.0078,512,512,[313.7242,332.3627,323.0260,323.6687,328.1358],[0.0093,0.0088,0.0094,0.0087,0.0090][0.0872,0.0805,0.0799,0.0830,0.0795][0.0009,0.0011,0.0010,0.0010,0.0008][0.0137,0.0122,0.0134,0.0128,0.0132],[41039.8538,41127.0575,41136.5703,41786.0754,41978.1000],[0.0123,0.0122,0.0123,0.0121,0.0120][0.0856,0.0836,0.0805,0.0830,0.0878][0.0009,0.0015,0.0018,0.0011,0.0009][0.0151,0.0150,0.0148,0.0149,0.0149],897122304,3291,1982,897122304
0ac30fcd9,256,65536,21474836480,100,lbr_now_nifs,-1,pglz,37876,878,1777,897122304,.0078,1024,512,[350.7082,332.5998,353.2022,344.8384,341.6294],[0.0197,0.0201,0.0198,0.0199,0.0192][0.0902,0.1011,0.0979,0.0971,0.0937][0.0015,0.0022,0.0015,0.0018,0.0015][0.0196,0.0206,0.0202,0.0212,0.0190],[43253.9687,42959.6952,43315.1893,43597.2669,42970.6348],[0.0232,0.0234,0.0231,0.0230,0.0233][0.1008,0.0999,0.0971,0.0980,0.1053][0.0010,0.0007,0.0029,0.0019,0.0010][0.0194,0.0205,0.0197,0.0205,0.0197],892534784,3113,1997,892534784
0ac30fcd9,256,65536,21474836480,100,lbr_now_nifs,-1,pglz,37876,878,1777,892534784,.0078,2048,512,[337.8002,333.2416,345.9890,318.1139,344.6742],[0.0408,0.0385,0.0410,0.0415,0.0412][0.1401,0.1588,0.1384,0.1417,0.1399][0.0060,0.0022,0.0034,0.0025,0.0034][0.0264,0.0275,0.0280,0.0291,0.0270],[44048.2667,44123.0324,43923.0302,44169.8696,43531.4850],[0.0456,0.0455,0.0458,0.0455,0.0459][0.1364,0.1447,0.1306,0.1358,0.1354][0.0066,0.0028,0.0034,0.0091,0.0083][0.0252,0.0260,0.0262,0.0260,0.0252],897261568,3915,2312,897261568
0ac30fcd9,256,65536,21474836480,100,lbr_now_nifs,-1,pglz,41725,1059,2018,240082944,.0078,32,1024,[119.7248,122.9354,119.1886,117.2474,121.0649],[0.0015,0.0015,0.0015,0.0016,0.0016][0.0322,0.0324,0.0345,0.0340,0.0315][0.0007,0.0008,0.0007,0.0007,0.0007][0.0021,0.0023,0.0021,0.0024,0.0022],[15190.2875,15311.3755,15309.7088,15219.1838,15213.2670],[0.0021,0.0021,0.0021,0.0021,0.0021][0.0349,0.0373,0.0359,0.0393,0.0379][0.0005,0.0005,0.0005,0.0005,0.0005][0.0032,0.0033,0.0034,0.0033,0.0032],1492959232,7083,3509,1492959232
0ac30fcd9,256,65536,21474836480,100,lbr_now_nifs,-1,pglz,41725,1059,2018,1492959232,.0078,64,1024,[175.7897,174.6052,180.2522,180.3614,180.6253],[0.0018,0.0018,0.0019,0.0019,0.0021][0.0454,0.0498,0.0472,0.0487,0.0467][0.0007,0.0008,0.0007,0.0007,0.0006][0.0026,0.0032,0.0035,0.0037,0.0045],[22787.9808,22560.1800,23122.9292,23349.3949,23491.6374],[0.0028,0.0028,0.0027,0.0027,0.0027][0.0493,0.0513,0.0492,0.0493,0.0499][0.0006,0.0006,0.0006,0.0006,0.0005][0.0053,0.0056,0.0054,0.0053,0.0052],1493057536,5648,2278,1493090304
0ac30fcd9,256,65536,21474836480,100,lbr_now_nifs,-1,pglz,41725,1059,2018,1493090304,.0078,128,1024,[238.0020,235.4622,238.8692,239.3254,238.8787],[0.0030,0.0028,0.0029,0.0027,0.0028][0.0645,0.0620,0.0615,0.0639,0.0561][0.0007,0.0007,0.0008,0.0008,0.0008][0.0065,0.0059,0.0062,0.0055,0.0060],[29454.7874,29969.8765,30305.3150,30266.4187,31109.2519],[0.0043,0.0042,0.0042,0.0042,0.0041][0.0660,0.0647,0.0661,0.0679,0.0601][0.0008,0.0009,0.0008,0.0007,0.0009][0.0086,0.0084,0.0083,0.0080,0.0078],1492852736,7319,2265,1492852736
0ac30fcd9,256,65536,21474836480,100,lbr_now_nifs,-1,pglz,41725,1059,2018,1492852736,.0078,256,1024,[274.0031,269.0342,283.4932,268.2838,272.3728],[0.0050,0.0055,0.0052,0.0048,0.0051][0.0772,0.0818,0.0820,0.0767,0.0771][0.0008,0.0008,0.0008,0.0010,0.0009][0.0098,0.0116,0.0106,0.0095,0.0104],[34232.0208,34443.3312,35037.9662,35861.3284,35563.5378],[0.0074,0.0073,0.0072,0.0071,0.0071][0.0790,0.0836,0.0844,0.0798,0.0784][0.0013,0.0012,0.0016,0.0012,0.0015][0.0131,0.0131,0.0128,0.0124,0.0125],1492942848,5565,2259,1492942848
0ac30fcd9,256,65536,21474836480,100,lbr_now_nifs,-1,pglz,41725,1059,2018,1492942848,.0078,512,1024,[294.5598,296.9819,293.4765,290.7347,294.3006],[0.0098,0.0096,0.0103,0.0102,0.0098][0.0889,0.0960,0.0862,0.0903,0.0896][0.0012,0.0013,0.0011,0.0010,0.0013][0.0140,0.0150,0.0152,0.0157,0.0146],[37537.8264,37793.5046,37889.2431,38032.0858,37479.2647],[0.0134,0.0133,0.0133,0.0133,0.0135][0.0919,0.0944,0.0880,0.0966,0.0910][0.0016,0.0020,0.0019,0.0016,0.0015][0.0171,0.0177,0.0168,0.0170,0.0172],1492975616,4029,2258,1492983808
0ac30fcd9,256,65536,21474836480,100,lbr_now_nifs,-1,pglz,41725,1059,2018,1492983808,.0078,1024,1024,[311.1298,309.4741,310.2231,313.0198,306.0581],[0.0227,0.0218,0.0217,0.0214,0.0216][0.1068,0.1141,0.1190,0.1038,0.1119][0.0026,0.0023,0.0024,0.0013,0.0016][0.0235,0.0237,0.0229,0.0226,0.0223],[38445.9445,38871.7548,38774.6811,38945.8126,38869.9029],[0.0261,0.0255,0.0259,0.0258,0.0257][0.1060,0.1116,0.1140,0.1060,0.1155][0.0021,0.0018,0.0022,0.0034,0.0012][0.0232,0.0229,0.0228,0.0233,0.0229],1492705280,7986,2271,1492705280
0ac30fcd9,256,65536,21474836480,100,lbr_now_nifs,-1,pglz,41725,1059,2018,1492705280,.0078,2048,1024,[303.9845,320.1308,314.1280,316.8299,337.5771],[0.0447,0.0475,0.0448,0.0464,0.0412][0.1586,0.1732,0.1426,0.1554,0.1463][0.0024,0.0022,0.0035,0.0038,0.0041][0.0306,0.0348,0.0296,0.0329,0.0282],[40229.2706,41343.2028,41171.8376,41015.3196,41566.5048],[0.0499,0.0484,0.0484,0.0488,0.0482][0.1458,0.1516,0.1317,0.1451,0.1261][0.0007,0.0037,0.0116,0.0031,0.0023][0.0292,0.0297,0.0278,0.0282,0.0270],1493057536,6540,2266,1493057536
0ac30fcd9,256,65536,21474836480,100,lbr_now_nifs,-1,pglz,49460,761,2774,469508096,.0078,32,2048,[102.7661,105.4830,100.3770,96.9768,102.0345],[0.0021,0.0020,0.0020,0.0021,0.0020][0.0438,0.0423,0.0445,0.0465,0.0428][0.0011,0.0011,0.0011,0.0011,0.0011][0.0031,0.0032,0.0028,0.0036,0.0030],[13208.8838,13171.1150,13150.6624,13334.6828,13394.5595],[0.0024,0.0024,0.0024,0.0024,0.0024][0.0485,0.0496,0.0480,0.0514,0.0454][0.0006,0.0006,0.0006,0.0006,0.0006][0.0047,0.0048,0.0050,0.0050,0.0048],3410575360,14425,3083,3410583552
0ac30fcd9,256,65536,21474836480,100,lbr_now_nifs,-1,pglz,49460,761,2774,3410583552,.0078,64,2048,[135.4838,147.0058,142.2856,151.4441,143.2542],[0.0026,0.0024,0.0028,0.0024,0.0027][0.0732,0.0694,0.0721,0.0673,0.0709][0.0011,0.0010,0.0010,0.0011,0.0011][0.0055,0.0046,0.0070,0.0048,0.0065],[18462.0538,18663.7292,18554.7698,18755.3754,18607.0670],[0.0034,0.0034,0.0034,0.0034,0.0034][0.0733,0.0728,0.0738,0.0725,0.0794][0.0007,0.0008,0.0007,0.0007,0.0007][0.0086,0.0084,0.0086,0.0085,0.0086],3409747968,18693,2971,3409747968
0ac30fcd9,256,65536,21474836480,100,lbr_now_nifs,-1,pglz,49460,761,2774,3409747968,.0078,128,2048,[171.7764,185.1210,189.5450,180.1279,179.4117],[0.0036,0.0039,0.0039,0.0049,0.0040][0.1015,0.0964,0.0970,0.0971,0.0909][0.0011,0.0010,0.0012,0.0012,0.0011][0.0086,0.0103,0.0103,0.0131,0.0097],[22761.5396,23247.1161,23370.4104,23427.2309,23694.0101],[0.0056,0.0055,0.0054,0.0054,0.0054][0.1019,0.0979,0.0980,0.0972,0.0944][0.0011,0.0008,0.0008,0.0008,0.0011][0.0140,0.0137,0.0136,0.0134,0.0130],3409256448,17267,4985,3409256448
0ac30fcd9,256,65536,21474836480,100,lbr_now_nifs,-1,pglz,49460,761,2774,3409256448,.0078,256,2048,[199.3997,209.5440,204.2237,199.4411,208.7370],[0.0077,0.0079,0.0073,0.0078,0.0067][0.1178,0.1228,0.1234,0.1192,0.1147][0.0013,0.0012,0.0013,0.0014,0.0013][0.0185,0.0191,0.0182,0.0180,0.0155],[25594.1946,26364.4953,26969.9666,25734.1343,26619.0872],[0.0099,0.0096,0.0094,0.0098,0.0095][0.1199,0.1239,0.1228,0.1220,0.1207][0.0018,0.0013,0.0013,0.0013,0.0018][0.0220,0.0214,0.0213,0.0215,0.0211],3408920576,16344,4987,3408969728
0ac30fcd9,256,65536,21474836480,100,lbr_now_nifs,-1,pglz,49460,761,2774,3408969728,.0078,512,2048,[207.6632,217.4632,217.7715,224.0576,214.2178],[0.0144,0.0140,0.0142,0.0153,0.0148][0.1446,0.1412,0.1397,0.1479,0.1406][0.0015,0.0016,0.0017,0.0015,0.0020][0.0262,0.0252,0.0261,0.0273,0.0271],[27625.2466,28244.6341,28338.6407,27709.7484,28672.1150],[0.0183,0.0179,0.0178,0.0182,0.0176][0.1470,0.1445,0.1418,0.1482,0.1398][0.0015,0.0015,0.0014,0.0017,0.0012][0.0302,0.0296,0.0294,0.0300,0.0298],3409158144,19508,5664,3409223680
0ac30fcd9,256,65536,21474836480,100,lbr_now_nifs,-1,pglz,49460,761,2774,3409223680,.0078,1024,2048,[222.9152,219.1380,228.6592,230.6259,232.8678],[0.0305,0.0304,0.0312,0.0308,0.0322][0.1579,0.1613,0.1781,0.1567,0.1644][0.0030,0.0025,0.0031,0.0037,0.0029][0.0391,0.0384,0.0389,0.0383,0.0407],[28871.6521,29208.9641,29039.8198,29141.8605,29051.8375],[0.0349,0.0345,0.0346,0.0345,0.0346][0.1631,0.1616,0.1545,0.1608,0.1608][0.0018,0.0014,0.0019,0.0032,0.0017][0.0404,0.0403,0.0391,0.0396,0.0402],3408814080,18344,5660,3408904192
0ac30fcd9,256,65536,21474836480,100,lbr_now_nifs,-1,pglz,49460,761,2774,3408904192,.0078,2048,2048,[234.2975,225.0886,216.1253,237.4553,236.4156],[0.0704,0.0716,0.0694,0.0762,0.0684][0.2355,0.2458,0.2225,0.2000,0.2609][0.0058,0.0058,0.0046,0.0070,0.0041][0.0556,0.0552,0.0553,0.0551,0.0555],[29448.8155,29376.1275,28473.7604,29522.1207,29046.8863],[0.0682,0.0676,0.0703,0.0680,0.0687][0.1880,0.1970,0.2052,0.1882,0.1944][0.0044,0.0024,0.0063,0.0059,0.0068][0.0489,0.0492,0.0509,0.0491,0.0510],3408633856,17792,5663,3408748544
0ac30fcd9,256,65536,21474836480,100,lbr_now_nifs,-1,pglz,61905,771,3731,829956096,.0078,32,4096,[80.9226,78.3696,79.6130,82.9452,84.2591],[0.0030,0.0028,0.0030,0.0027,0.0030][0.0696,0.0730,0.0672,0.0678,0.0636][0.0015,0.0015,0.0014,0.0013,0.0015][0.0055,0.0044,0.0056,0.0048,0.0062],[10428.5021,10240.2138,10382.0027,10557.8572,10872.6783],[0.0030,0.0031,0.0031,0.0030,0.0029][0.0702,0.0778,0.0765,0.0692,0.0651][0.0010,0.0010,0.0010,0.0010,0.0010][0.0079,0.0084,0.0080,0.0081,0.0077],6505816064,34836,4485,6505947136
0ac30fcd9,256,65536,21474836480,100,lbr_now_nifs,-1,pglz,61905,771,3731,6505947136,.0078,64,4096,[113.1455,111.2341,107.0351,113.7391,107.6656],[0.0036,0.0043,0.0037,0.0038,0.0034][0.0940,0.0982,0.0973,0.0965,0.0920][0.0015,0.0015,0.0014,0.0015,0.0015][0.0086,0.0112,0.0085,0.0094,0.0069],[14638.4489,14324.9704,13948.3918,14667.0513,14490.7454],[0.0043,0.0044,0.0046,0.0043,0.0044][0.0979,0.1470,0.1039,0.1026,0.0973][0.0011,0.0012,0.0011,0.0011,0.0012][0.0123,0.0124,0.0131,0.0122,0.0122],6504914944,34254,4428,6505029632
0ac30fcd9,256,65536,21474836480,100,lbr_now_nifs,-1,pglz,61905,771,3731,6505029632,.0078,128,4096,[138.1252,138.7240,127.4980,129.3593,133.3519],[0.0056,0.0061,0.0055,0.0058,0.0055][0.1367,0.1369,0.1282,0.1264,0.1299][0.0015,0.0015,0.0016,0.0015,0.0016][0.0156,0.0170,0.0148,0.0152,0.0152],[17479.2598,17543.7355,17519.1028,17199.0784,17862.6232],[0.0073,0.0072,0.0073,0.0074,0.0071][0.1398,0.1352,0.1379,0.1329,0.1370][0.0011,0.0014,0.0014,0.0013,0.0011][0.0202,0.0198,0.0197,0.0197,0.0196],6504587264,32214,5049,6504677376
0ac30fcd9,256,65536,21474836480,100,lbr_now_nifs,-1,pglz,61905,771,3731,6504677376,.0078,256,4096,[143.1344,149.6969,147.1009,148.4992,153.9425],[0.0106,0.0106,0.0106,0.0106,0.0096][0.1807,0.1745,0.1717,0.1825,0.1821][0.0018,0.0019,0.0016,0.0019,0.0017][0.0258,0.0259,0.0257,0.0269,0.0242],[19017.5205,19214.9380,19220.3790,19597.6834,19556.5245],[0.0133,0.0132,0.0132,0.0129,0.0130][0.1846,0.1824,0.1717,0.1801,0.1831][0.0016,0.0013,0.0019,0.0016,0.0016][0.0321,0.0313,0.0309,0.0312,0.0313],6504071168,34077,5248,6504267776
0ac30fcd9,256,65536,21474836480,100,lbr_now_nifs,-1,pglz,61905,771,3731,6504267776,.0078,512,4096,[165.3528,169.4995,152.7881,165.1964,164.3617],[0.0187,0.0222,0.0221,0.0217,0.0213][0.2044,0.1949,0.2306,0.1964,0.2026][0.0031,0.0024,0.0021,0.0027,0.0022][0.0361,0.0413,0.0421,0.0406,0.0405],[20710.1740,21002.5442,20162.9931,20770.4345,20892.7201],[0.0244,0.0240,0.0251,0.0243,0.0242][0.2065,0.1918,0.2307,0.1994,0.2044][0.0012,0.0020,0.0022,0.0019,0.0014][0.0452,0.0443,0.0465,0.0450,0.0449],6502432768,42910,4668,6502531072
0ac30fcd9,256,65536,21474836480,100,lbr_now_nifs,-1,pglz,61905,771,3731,6502531072,.0078,1024,4096,[162.9212,163.4800,171.7163,167.0173,164.6874],[0.0491,0.0506,0.0523,0.0499,0.0502][0.2232,0.2124,0.2136,0.2169,0.2235][0.0031,0.0052,0.0043,0.0027,0.0054][0.0622,0.0620,0.0641,0.0625,0.0634],[21483.1298,21356.0964,21182.5234,21533.4876,21150.0657],[0.0469,0.0472,0.0475,0.0468,0.0477][0.2235,0.2102,0.2010,0.2168,0.2231][0.0033,0.0032,0.0017,0.0020,0.0025][0.0592,0.0585,0.0597,0.0595,0.0602],6503038976,44667,5051,6503202816
0ac30fcd9,256,65536,21474836480,100,lbr_now_nifs,-1,pglz,61905,771,3731,6503202816,.0078,2048,4096,[168.9192,170.3501,167.2712,166.3031,165.8763],[0.1059,0.1102,0.1046,0.1091,0.1107][0.2928,0.2792,0.3217,0.3038,0.3044][0.0094,0.0080,0.0071,0.0080,0.0103][0.0841,0.0844,0.0834,0.0857,0.0853],[21192.8609,21675.3156,21521.3769,21283.5147,21482.3467],[0.0951,0.0929,0.0931,0.0946,0.0938][0.2676,0.2780,0.2728,0.2957,0.2615][0.0102,0.0079,0.0040,0.0032,0.0076][0.0758,0.0736,0.0731,0.0745,0.0746],6502809600,48510,4009,6503006208
0ac30fcd9,256,65536,21474836480,100,lbr_now_nifs,-1,pglz,64892,812,5400,1227661312,.0078,32,8192,[62.9210,60.0602,64.5584,62.2491,64.5406],[0.0044,0.0044,0.0039,0.0042,0.0042][0.0909,0.0913,0.0864,0.0857,0.1290][0.0021,0.0021,0.0021,0.0024,0.0023][0.0078,0.0076,0.0050,0.0069,0.0080],[8040.2238,7937.2990,8061.0918,7877.6744,8033.4021],[0.0039,0.0040,0.0039,0.0040,0.0039][0.0956,0.1462,0.1653,0.1433,0.1556][0.0010,0.0010,0.0011,0.0010,0.0010][0.0115,0.0115,0.0115,0.0121,0.0122],10069614592,67348,6383,10069745664
0ac30fcd9,256,65536,21474836480,100,lbr_now_nifs,-1,pglz,64892,812,5400,10069745664,.0078,64,8192,[82.2526,77.5906,84.1033,77.6774,73.7955],[0.0054,0.0062,0.0058,0.0054,0.0066][0.1304,0.1301,0.1296,0.1912,0.2434][0.0024,0.0021,0.0023,0.0025,0.0023][0.0122,0.0154,0.0136,0.0128,0.0195],[10483.1901,10316.2085,10389.4789,10237.9739,9503.7747],[0.0061,0.0062,0.0061,0.0062,0.0067][0.1329,0.1392,0.1308,0.2172,0.2408][0.0012,0.0012,0.0012,0.0011,0.0012][0.0185,0.0186,0.0182,0.0195,0.0220],10083532800,63939,7423,10083696640
0ac30fcd9,256,65536,21474836480,100,lbr_now_nifs,-1,pglz,64892,812,5400,10083696640,.0078,128,8192,[96.7956,91.5890,93.0005,98.2606,91.4117],[0.0085,0.0093,0.0101,0.0089,0.0080][0.1885,0.1978,0.1998,0.1960,0.2111][0.0025,0.0024,0.0026,0.0024,0.0025][0.0230,0.0253,0.0272,0.0244,0.0216],[12288.7884,11919.7231,12032.0129,12039.9165,11567.9897],[0.0103,0.0107,0.0105,0.0105,0.0110][0.1993,0.1968,0.1993,0.1942,0.2104][0.0013,0.0014,0.0016,0.0013,0.0015][0.0311,0.0312,0.0309,0.0309,0.0331],10147700736,61846,6780,10147749888
0ac30fcd9,256,65536,21474836480,100,lbr_now_nifs,-1,pglz,64892,812,5400,10147749888,.0078,256,8192,[109.9057,116.9564,109.5153,106.3084,106.3933],[0.0152,0.0169,0.0151,0.0165,0.0154][0.2358,0.2468,0.2226,0.2499,0.2505][0.0026,0.0029,0.0029,0.0029,0.0029][0.0365,0.0395,0.0349,0.0384,0.0373],[14080.1679,14438.2836,14453.3290,14134.1640,13674.8893],[0.0180,0.0175,0.0176,0.0179,0.0186][0.2321,0.2467,0.2211,0.2488,0.2499][0.0014,0.0016,0.0019,0.0015,0.0016][0.0444,0.0428,0.0428,0.0429,0.0462],10147995648,62858,6672,10148192256
0ac30fcd9,256,65536,21474836480,100,lbr_now_nifs,-1,pglz,64892,812,5400,10148192256,.0078,512,8192,[113.6314,110.6429,113.0109,109.9089,109.1229],[0.0387,0.0330,0.0338,0.0340,0.0374][0.2598,0.2447,0.2467,0.3165,0.3050][0.0041,0.0045,0.0030,0.0050,0.0039][0.0649,0.0559,0.0572,0.0579,0.0650],[14178.5674,14729.9686,14328.2447,14107.5724,13599.0516],[0.0357,0.0344,0.0353,0.0359,0.0372][0.2571,0.2433,0.2408,0.3112,0.2995][0.0019,0.0025,0.0030,0.0028,0.0012][0.0629,0.0600,0.0611,0.0626,0.0662],10147274752,108077,6131,10147364864
0ac30fcd9,256,65536,21474836480,100,lbr_now_nifs,-1,pglz,64892,812,5400,10147364864,.0078,1024,8192,[119.7806,119.9232,109.4384,116.3546,111.1654],[0.0817,0.0830,0.0837,0.0785,0.0867][0.3172,0.3010,0.4316,0.2941,0.4070][0.0062,0.0073,0.0075,0.0094,0.0082][0.0899,0.0878,0.0900,0.0855,0.0940],[14721.2061,14812.5951,14490.3618,14799.1638,14212.1951],[0.0685,0.0682,0.0697,0.0683,0.0711][0.2942,0.2838,0.3797,0.2787,0.3874][0.0028,0.0020,0.0025,0.0027,0.0044][0.0792,0.0785,0.0804,0.0790,0.0838],10146668544,97127,6868,10146725888
0ac30fcd9,256,65536,21474836480,100,lbr_now_nifs,-1,pglz,64892,812,5400,10146725888,.0078,2048,8192,[110.5019,112.0040,115.5167,117.3538,109.3372],[0.1638,0.1667,0.1720,0.1585,0.1772][0.4175,0.4203,0.4360,0.4370,0.5220][0.0186,0.0249,0.0176,0.0181,0.0161][0.1124,0.1088,0.1168,0.1067,0.1240],[14757.9763,14669.7982,14384.0955,14752.5738,13762.6009],[0.1368,0.1354,0.1402,0.1367,0.1461][0.3504,0.3268,0.3518,0.3325,0.4121][0.0047,0.0148,0.0177,0.0218,0.0064][0.0969,0.0951,0.1003,0.0964,0.1061],10147381248,97611,7144,10147454976
0ac30fcd9,256,65536,21474836480,100,lbr_now_nifs,-1,pglz,70728,796,8518,2346803200,.0078,32,16384,[44.0200,41.9596,40.0390,35.7757,45.6619],[0.0070,0.0077,0.0066,0.0071,0.0070][0.1460,0.1295,0.2779,0.1578,0.1299][0.0035,0.0036,0.0036,0.0036,0.0034][0.0127,0.0144,0.0114,0.0125,0.0112],[5538.7264,5590.1980,5396.3427,4586.3938,5741.6367],[0.0057,0.0057,0.0059,0.0069,0.0055][0.1456,0.1423,0.5842,0.5866,0.1731][0.0011,0.0011,0.0011,0.0011,0.0011][0.0183,0.0180,0.0234,0.0301,0.0171],19619119104,173367,14006,19619463168
0ac30fcd9,256,65536,21474836480,100,lbr_now_nifs,-1,pglz,70728,796,8518,19619463168,.0078,64,16384,[59.5288,57.5957,55.1708,57.1869,32.4352],[0.0098,0.0093,0.0082,0.0091,0.0142][0.1971,0.2001,0.2038,0.1744,0.9001][0.0038,0.0037,0.0040,0.0040,0.0038][0.0227,0.0196,0.0173,0.0198,0.0650],[7349.0921,7137.3501,7147.2388,7321.6925,4073.2896],[0.0086,0.0089,0.0089,0.0087,0.0156][0.1973,0.3443,0.2181,0.2029,0.8973][0.0012,0.0012,0.0012,0.0012,0.0012][0.0274,0.0283,0.0287,0.0274,0.0758],19622592512,159073,12425,19622993920
0ac30fcd9,256,65536,21474836480,100,lbr_now_nifs,-1,pglz,70728,796,8518,19622993920,.0078,128,16384,[65.2992,61.0544,58.5677,58.3770,56.9983],[0.0154,0.0141,0.0160,0.0149,0.0176][0.2574,0.2895,0.3290,0.3244,0.3243][0.0045,0.0042,0.0046,0.0038,0.0043][0.0386,0.0358,0.0426,0.0385,0.0467],[8360.0934,8020.1481,7652.6734,7637.8881,7676.7860],[0.0152,0.0158,0.0166,0.0166,0.0165][0.2675,0.3551,0.3870,0.4031,0.3217][0.0015,0.0015,0.0016,0.0015,0.0016][0.0458,0.0477,0.0520,0.0524,0.0514],19713654784,141199,9637,19713818624
0ac30fcd9,256,65536,21474836480,100,lbr_now_nifs,-1,pglz,70728,796,8518,19713818624,.0078,256,16384,[57.3847,64.9207,58.7136,64.3269,58.8740],[0.0348,0.0318,0.0330,0.0333,0.0371][0.3676,0.3885,0.3899,0.2998,0.4004][0.0053,0.0051,0.0054,0.0057,0.0060][0.0717,0.0622,0.0672,0.0623,0.0731],[7414.4457,8137.1652,7571.2039,8198.4813,7764.7182],[0.0342,0.0312,0.0335,0.0309,0.0327][0.3621,0.3830,0.4031,0.2882,0.3976][0.0023,0.0025,0.0025,0.0021,0.0022][0.0772,0.0684,0.0754,0.0650,0.0728],19609763840,171490,20548,19610009600
0ac30fcd9,256,65536,21474836480,100,lbr_now_nifs,-1,pglz,70728,796,8518,19610009600,.0078,512,16384,[65.7559,63.2977,64.1480,67.2754,60.8653],[0.0788,0.0833,0.0874,0.0808,0.0856][0.3204,0.3988,0.4366,0.4080,0.3997][0.0068,0.0050,0.0076,0.0072,0.0063][0.0950,0.1036,0.1081,0.0990,0.1079],[8495.9671,8056.6929,7999.3901,8410.7378,7889.9484],[0.0596,0.0628,0.0632,0.0602,0.0641][0.3051,0.3808,0.4056,0.4081,0.3824][0.0028,0.0030,0.0021,0.0024,0.0022][0.0857,0.0931,0.0942,0.0877,0.0961],19709566976,397886,9755,19709722624
0ac30fcd9,256,65536,21474836480,100,lbr_now_nifs,-1,pglz,70728,796,8518,19709722624,.0078,1024,16384,[68.9025,61.3984,64.4849,60.8622,63.1289],[0.1643,0.1630,0.1670,0.1741,0.1745][0.4647,0.4828,0.4747,0.5692,0.5268][0.0199,0.0184,0.0157,0.0148,0.0146][0.1314,0.1410,0.1450,0.1491,0.1370],[8752.6184,8223.7281,8082.2003,7957.2967,8161.5302],[0.1154,0.1227,0.1250,0.1271,0.1238][0.4229,0.4714,0.4317,0.4879,0.4886][0.0021,0.0029,0.0115,0.0019,0.0036][0.1124,0.1241,0.1247,0.1289,0.1216],19711877120,396995,9890,19712065536
0ac30fcd9,256,65536,21474836480,100,lbr_now_nifs,-1,pglz,70728,796,8518,19712065536,.0078,2048,16384,[73.2862,67.4304,67.3702,66.1640,69.1641],[0.2876,0.2982,0.2888,0.2930,0.2842][0.7933,0.7939,0.8832,0.8002,0.6931][0.0355,0.0391,0.0301,0.0251,0.0405][0.1352,0.1623,0.1666,0.1553,0.1485],[9057.8761,8220.3505,8491.7332,8377.2475,8674.5312],[0.2226,0.2458,0.2380,0.2399,0.2329][0.6655,0.5822,0.5501,0.7011,0.6223][0.0025,0.0038,0.0021,0.0029,0.0020][0.1378,0.1547,0.1494,0.1436,0.1447],19706404864,407749,9828,19706650624
0ac30fcd9,256,65536,21474836480,100,lbr_kid_now_norm,-1,pglz,38167,694,1267,129499136,.0078,32,256,[137.4612,141.3085,133.1569,141.8584,140.9969],[0.0015,0.0015,0.0015,0.0015,0.0015][0.0200,0.0186,0.0218,0.0196,0.0198][0.0008,0.0008,0.0007,0.0008,0.0008][0.0015,0.0014,0.0014,0.0011,0.0012],[17610.8373,17711.9157,17728.1683,17724.3449,17594.3710],[0.0018,0.0018,0.0018,0.0018,0.0018][0.0528,0.0211,0.0223,0.0231,0.0212][0.0005,0.0004,0.0005,0.0005,0.0005][0.0020,0.0019,0.0019,0.0019,0.0019],482213888,2743,1370,482213888
0ac30fcd9,256,65536,21474836480,100,lbr_kid_now_norm,-1,pglz,38167,694,1267,482213888,.0078,64,256,[219.6309,218.9987,225.4027,214.1035,216.1283],[0.0017,0.0017,0.0017,0.0017,0.0017][0.0311,0.0295,0.0279,0.0313,0.0308][0.0008,0.0009,0.0009,0.0008,0.0009][0.0020,0.0019,0.0022,0.0020,0.0022],[27456.3434,27714.3021,27879.0630,27956.8588,28164.8545],[0.0023,0.0023,0.0023,0.0023,0.0023][0.0339,0.0300,0.0295,0.0313,0.0335][0.0006,0.0005,0.0006,0.0006,0.0005][0.0033,0.0031,0.0032,0.0032,0.0033],482156544,3043,1427,482156544
0ac30fcd9,256,65536,21474836480,100,lbr_kid_now_norm,-1,pglz,38167,694,1267,482156544,.0078,128,256,[283.8811,290.8735,292.8530,290.6836,286.4748],[0.0026,0.0027,0.0024,0.0027,0.0025][0.0405,0.0426,0.0462,0.0467,0.0442][0.0009,0.0008,0.0009,0.0008,0.0008][0.0039,0.0043,0.0034,0.0046,0.0038],[35901.1702,36204.0203,37467.9152,36901.7737,37014.5730],[0.0035,0.0035,0.0034,0.0034,0.0034][0.0467,0.0460,0.0466,0.0472,0.0454][0.0007,0.0009,0.0007,0.0007,0.0008][0.0055,0.0054,0.0053,0.0055,0.0054],482148352,3853,1353,482148352
0ac30fcd9,256,65536,21474836480,100,lbr_kid_now_norm,-1,pglz,38167,694,1267,482148352,.0078,256,256,[339.2936,339.0994,346.2660,346.5945,335.6875],[0.0045,0.0045,0.0047,0.0045,0.0043][0.0573,0.0562,0.0600,0.0561,0.0516][0.0009,0.0009,0.0010,0.0010,0.0010][0.0065,0.0065,0.0071,0.0064,0.0061],[42016.3337,42609.3777,43287.2499,43163.5402,43946.0181],[0.0060,0.0059,0.0058,0.0059,0.0058][0.0575,0.0565,0.0599,0.0564,0.0561][0.0010,0.0014,0.0008,0.0011,0.0006][0.0081,0.0080,0.0078,0.0078,0.0076],482082816,3779,1351,482082816
0ac30fcd9,256,65536,21474836480,100,lbr_kid_now_norm,-1,pglz,38167,694,1267,482082816,.0078,512,256,[365.2148,361.6731,361.8423,352.8282,372.1712],[0.0085,0.0088,0.0080,0.0085,0.0084][0.0729,0.0637,0.0640,0.0647,0.0628][0.0014,0.0014,0.0010,0.0010,0.0014][0.0102,0.0108,0.0091,0.0105,0.0099],[45309.8322,46084.6193,46139.8392,45938.0715,46698.2385],[0.0111,0.0109,0.0109,0.0109,0.0108][0.0753,0.0686,0.0670,0.0712,0.0651][0.0008,0.0016,0.0013,0.0008,0.0011][0.0119,0.0113,0.0110,0.0113,0.0111],482107392,3799,1368,482107392
0ac30fcd9,256,65536,21474836480,100,lbr_kid_now_norm,-1,pglz,38167,694,1267,482107392,.0078,1024,256,[368.4322,379.8476,380.7960,372.2605,380.4708],[0.0181,0.0189,0.0172,0.0180,0.0181][0.0767,0.0775,0.0877,0.0845,0.0796][0.0011,0.0020,0.0020,0.0026,0.0016][0.0152,0.0164,0.0150,0.0162,0.0170],[47122.4992,47174.3668,47378.8839,48176.7907,47545.9520],[0.0212,0.0211,0.0212,0.0208,0.0211][0.0857,0.0792,0.0828,0.0835,0.0804][0.0028,0.0026,0.0016,0.0015,0.0015][0.0147,0.0152,0.0151,0.0150,0.0155],482082816,3839,1356,482082816
0ac30fcd9,256,65536,21474836480,100,lbr_kid_now_norm,-1,pglz,38167,694,1267,482082816,.0078,2048,256,[385.2330,369.0997,385.9325,401.4259,383.6968],[0.0378,0.0359,0.0368,0.0375,0.0370][0.1162,0.1131,0.1093,0.1125,0.1029][0.0036,0.0052,0.0031,0.0040,0.0052][0.0226,0.0222,0.0207,0.0232,0.0207],[48901.3058,48315.6876,48583.4753,48724.9087,48267.7417],[0.0408,0.0411,0.0413,0.0410,0.0412][0.0973,0.1049,0.1131,0.1026,0.1199][0.0029,0.0075,0.0059,0.0077,0.0035][0.0196,0.0196,0.0187,0.0189,0.0186],482123776,3948,1375,482123776
0ac30fcd9,256,65536,21474836480,100,lbr_kid_now_norm,-1,pglz,40160,688,1360,148480000,.0078,32,512,[128.5045,128.2551,131.4695,140.5046,129.6146],[0.0016,0.0015,0.0016,0.0016,0.0016][0.0198,0.0207,0.0273,0.0217,0.0224][0.0009,0.0009,0.0009,0.0009,0.0009][0.0015,0.0011,0.0016,0.0016,0.0016],[16592.8682,16769.6045,16843.1499,16890.0184,16845.8875],[0.0019,0.0019,0.0019,0.0019,0.0019][0.0546,0.0278,0.0277,0.0240,0.0272][0.0005,0.0005,0.0005,0.0005,0.0005][0.0023,0.0022,0.0022,0.0021,0.0022],787824640,3175,1634,787832832
0ac30fcd9,256,65536,21474836480,100,lbr_kid_now_norm,-1,pglz,40160,688,1360,787832832,.0078,64,512,[197.2542,205.0201,207.2052,201.2060,213.4412],[0.0020,0.0017,0.0019,0.0019,0.0018][0.0372,0.0374,0.0326,0.0392,0.0314][0.0009,0.0008,0.0009,0.0009,0.0009][0.0031,0.0017,0.0027,0.0031,0.0022],[25485.4517,25878.7027,26255.5968,26307.8205,26499.8793],[0.0025,0.0025,0.0024,0.0024,0.0024][0.0374,0.0367,0.0366,0.0393,0.0365][0.0007,0.0006,0.0006,0.0006,0.0005][0.0039,0.0040,0.0039,0.0039,0.0039],787726336,5254,1531,787726336
0ac30fcd9,256,65536,21474836480,100,lbr_kid_now_norm,-1,pglz,40160,688,1360,787726336,.0078,128,512,[259.9827,264.9370,265.9177,269.7336,278.6377],[0.0029,0.0028,0.0027,0.0028,0.0027][0.0472,0.0462,0.0524,0.0463,0.0463][0.0009,0.0008,0.0008,0.0008,0.0009][0.0049,0.0046,0.0048,0.0047,0.0042],[33591.3336,33678.3192,34357.0848,34850.4303,35035.8599],[0.0038,0.0038,0.0037,0.0036,0.0036][0.0502,0.0507,0.0508,0.0504,0.0481][0.0007,0.0008,0.0008,0.0008,0.0008][0.0061,0.0061,0.0063,0.0059,0.0058],787791872,4594,1521,787791872
0ac30fcd9,256,65536,21474836480,100,lbr_kid_now_norm,-1,pglz,40160,688,1360,787791872,.0078,256,512,[313.1140,320.9272,316.8128,327.4456,316.6509],[0.0051,0.0049,0.0051,0.0048,0.0050][0.0670,0.0641,0.0622,0.0615,0.0595][0.0011,0.0011,0.0010,0.0010,0.0009][0.0084,0.0076,0.0084,0.0072,0.0081],[39067.5199,39589.4273,40298.5350,40471.7544,40966.0067],[0.0065,0.0064,0.0063,0.0063,0.0062][0.0680,0.0661,0.0627,0.0618,0.0634][0.0012,0.0012,0.0010,0.0014,0.0012][0.0097,0.0095,0.0090,0.0088,0.0087],787611648,4067,2531,787619840
0ac30fcd9,256,65536,21474836480,100,lbr_kid_now_norm,-1,pglz,40160,688,1360,787619840,.0078,512,512,[331.5391,342.4642,343.2149,339.6140,344.7781],[0.0093,0.0084,0.0097,0.0086,0.0093][0.0706,0.0666,0.0780,0.0700,0.0697][0.0015,0.0013,0.0013,0.0013,0.0014][0.0115,0.0095,0.0123,0.0105,0.0117],[42553.3304,43638.8243,43207.1240,43759.3106,44191.2516],[0.0118,0.0116,0.0116,0.0115,0.0114][0.0711,0.0746,0.0738,0.0723,0.0760][0.0011,0.0010,0.0012,0.0015,0.0010][0.0129,0.0124,0.0128,0.0127,0.0124],787693568,3729,1531,787693568
0ac30fcd9,256,65536,21474836480,100,lbr_kid_now_norm,-1,pglz,40160,688,1360,787693568,.0078,1024,512,[358.3203,348.2610,372.2824,347.5916,352.1083],[0.0194,0.0184,0.0188,0.0177,0.0188][0.0919,0.0877,0.0794,0.0828,0.0892][0.0020,0.0024,0.0030,0.0028,0.0019][0.0173,0.0158,0.0159,0.0153,0.0170],[45501.5676,45637.5075,45232.7537,45553.8504,46451.2691],[0.0219,0.0220,0.0221,0.0221,0.0216][0.0915,0.0849,0.0893,0.0884,0.0961][0.0013,0.0022,0.0010,0.0017,0.0008][0.0165,0.0159,0.0156,0.0161,0.0164],787726336,3690,1527,787783680
0ac30fcd9,256,65536,21474836480,100,lbr_kid_now_norm,-1,pglz,40160,688,1360,787783680,.0078,2048,512,[372.7614,353.5018,358.2450,369.4134,344.0805],[0.0401,0.0403,0.0413,0.0407,0.0413][0.1304,0.1207,0.1233,0.1218,0.1214][0.0040,0.0051,0.0068,0.0040,0.0046][0.0257,0.0242,0.0234,0.0239,0.0253],[45756.1754,46559.2905,46007.4962,46621.7739,45804.1829],[0.0438,0.0431,0.0435,0.0430,0.0438][0.1247,0.1163,0.1160,0.1215,0.1354][0.0053,0.0035,0.0093,0.0031,0.0011][0.0219,0.0217,0.0215,0.0211,0.0212],787726336,3595,1524,787726336
0ac30fcd9,256,65536,21474836480,100,lbr_kid_now_norm,-1,pglz,47390,827,1475,185139200,.0078,32,1024,[124.9989,124.2009,123.2253,117.5728,124.0328],[0.0017,0.0018,0.0017,0.0017,0.0018][0.0212,0.0276,0.0274,0.0277,0.0316][0.0010,0.0009,0.0009,0.0010,0.0010][0.0012,0.0022,0.0016,0.0020,0.0023],[15900.4641,16026.6864,15900.8625,15944.2284,16078.7833],[0.0020,0.0020,0.0020,0.0020,0.0020][0.0511,0.0307,0.0314,0.0309,0.0307][0.0005,0.0005,0.0005,0.0005,0.0005][0.0026,0.0025,0.0026,0.0027,0.0025],1359495168,8536,1767,1359495168
0ac30fcd9,256,65536,21474836480,100,lbr_kid_now_norm,-1,pglz,47390,827,1475,1359495168,.0078,64,1024,[193.1386,185.1730,189.3005,190.7816,186.0985],[0.0020,0.0020,0.0021,0.0020,0.0022][0.0391,0.0389,0.0409,0.0401,0.0380][0.0010,0.0010,0.0010,0.0009,0.0010][0.0029,0.0026,0.0035,0.0030,0.0035],[23918.8115,23878.7984,24189.1971,24585.7102,24693.1416],[0.0027,0.0027,0.0026,0.0026,0.0026][0.0436,0.0484,0.0409,0.0396,0.0429][0.0006,0.0007,0.0006,0.0007,0.0006][0.0046,0.0049,0.0044,0.0043,0.0043],1359273984,5971,1769,1359306752
0ac30fcd9,256,65536,21474836480,100,lbr_kid_now_norm,-1,pglz,47390,827,1475,1359306752,.0078,128,1024,[231.1264,238.3096,246.8383,258.0330,255.2180],[0.0031,0.0031,0.0028,0.0028,0.0030][0.0522,0.0511,0.0563,0.0548,0.0502][0.0010,0.0009,0.0009,0.0010,0.0009][0.0054,0.0053,0.0045,0.0041,0.0049],[31644.0715,32094.8819,32403.2325,32300.1703,32973.6019],[0.0040,0.0040,0.0039,0.0039,0.0038][0.0523,0.0526,0.0565,0.0555,0.0517][0.0009,0.0009,0.0008,0.0009,0.0009][0.0069,0.0066,0.0066,0.0068,0.0063],1359470592,7902,1754,1359470592
0ac30fcd9,256,65536,21474836480,100,lbr_kid_now_norm,-1,pglz,47390,827,1475,1359470592,.0078,256,1024,[275.8043,286.9518,274.9899,288.2269,294.7125],[0.0056,0.0053,0.0048,0.0051,0.0053][0.0631,0.0682,0.0742,0.0726,0.0640][0.0010,0.0011,0.0012,0.0012,0.0011][0.0097,0.0092,0.0072,0.0084,0.0088],[36251.9428,36055.0092,37187.0775,37238.2282,38051.0686],[0.0070,0.0070,0.0068,0.0068,0.0066][0.0643,0.0716,0.0767,0.0708,0.0658][0.0013,0.0012,0.0009,0.0015,0.0015][0.0109,0.0113,0.0107,0.0105,0.0103],1359396864,6403,1752,1359396864
0ac30fcd9,256,65536,21474836480,100,lbr_kid_now_norm,-1,pglz,47390,827,1475,1359396864,.0078,512,1024,[303.2163,302.3273,316.2030,313.3709,309.7906],[0.0100,0.0098,0.0107,0.0099,0.0101][0.0816,0.0775,0.0780,0.0799,0.0824][0.0015,0.0016,0.0015,0.0016,0.0013][0.0133,0.0122,0.0142,0.0132,0.0138],[38864.5389,39710.7074,39701.9957,40140.9403,40258.6386],[0.0130,0.0127,0.0127,0.0125,0.0125][0.0844,0.0813,0.0811,0.0819,0.0860][0.0008,0.0013,0.0012,0.0009,0.0015][0.0154,0.0147,0.0147,0.0146,0.0148],1359241216,5239,1744,1359282176
0ac30fcd9,256,65536,21474836480,100,lbr_kid_now_norm,-1,pglz,47390,827,1475,1359282176,.0078,1024,1024,[326.0261,315.5833,329.7583,324.9534,319.2243],[0.0205,0.0215,0.0211,0.0211,0.0212][0.1044,0.0968,0.1034,0.1012,0.1003][0.0024,0.0023,0.0023,0.0027,0.0020][0.0201,0.0203,0.0204,0.0207,0.0208],[40980.5447,40868.1029,41289.9422,41114.2573,40563.3873],[0.0244,0.0244,0.0242,0.0243,0.0247][0.1026,0.0988,0.0996,0.0972,0.0985][0.0025,0.0019,0.0048,0.0035,0.0027][0.0203,0.0197,0.0197,0.0200,0.0202],1359110144,4442,2026,1359110144
0ac30fcd9,256,65536,21474836480,100,lbr_kid_now_norm,-1,pglz,47390,827,1475,1359110144,.0078,2048,1024,[328.9112,341.2727,334.0240,339.7547,320.9378],[0.0463,0.0458,0.0431,0.0442,0.0446][0.1478,0.1297,0.1461,0.1379,0.1275][0.0055,0.0037,0.0035,0.0059,0.0057][0.0301,0.0280,0.0286,0.0271,0.0261],[41353.6887,43074.0492,42654.7309,42417.7959,42380.5744],[0.0484,0.0464,0.0466,0.0472,0.0473][0.1301,0.1295,0.1241,0.1313,0.1241][0.0021,0.0021,0.0141,0.0099,0.0026][0.0260,0.0248,0.0241,0.0238,0.0235],1359175680,8446,1748,1359175680
0ac30fcd9,256,65536,21474836480,100,lbr_kid_now_norm,-1,pglz,55094,791,2027,295845888,.0078,32,2048,[104.2643,101.6576,102.4296,102.7451,100.8842],[0.0026,0.0025,0.0025,0.0023,0.0024][0.0472,0.0471,0.0458,0.0462,0.0410][0.0013,0.0014,0.0012,0.0013,0.0013][0.0043,0.0034,0.0040,0.0029,0.0032],[13203.1060,13126.3969,13114.2589,13363.1990,13440.5994],[0.0024,0.0024,0.0024,0.0024,0.0024][0.0757,0.0510,0.0490,0.0495,0.0439][0.0006,0.0006,0.0006,0.0006,0.0006][0.0049,0.0048,0.0050,0.0048,0.0048],3156590592,17761,2865,3156590592
0ac30fcd9,256,65536,21474836480,100,lbr_kid_now_norm,-1,pglz,55094,791,2027,3156590592,.0078,64,2048,[156.0404,150.4745,153.4200,150.6220,155.3279],[0.0029,0.0029,0.0025,0.0027,0.0030][0.0644,0.0683,0.0609,0.0612,0.0624][0.0013,0.0013,0.0013,0.0014,0.0012][0.0056,0.0060,0.0036,0.0047,0.0061],[19107.4588,19128.1409,19515.6633,19564.1921,19555.7677],[0.0033,0.0033,0.0033,0.0032,0.0032][0.0670,0.0688,0.0621,0.0635,0.0679][0.0006,0.0007,0.0007,0.0007,0.0007][0.0078,0.0079,0.0075,0.0076,0.0075],3155992576,17908,3339,3156033536
0ac30fcd9,256,65536,21474836480,100,lbr_kid_now_norm,-1,pglz,55094,791,2027,3156033536,.0078,128,2048,[184.3053,191.5995,189.6591,192.8347,199.0615],[0.0040,0.0042,0.0037,0.0046,0.0039][0.0877,0.0850,0.0854,0.0918,0.0830][0.0014,0.0013,0.0013,0.0013,0.0013][0.0090,0.0091,0.0074,0.0105,0.0079],[24065.8968,24546.1390,24618.1159,24355.6198,25255.8607],[0.0053,0.0052,0.0052,0.0052,0.0050][0.0881,0.0866,0.0917,0.0918,0.0861][0.0012,0.0012,0.0011,0.0010,0.0008][0.0123,0.0120,0.0120,0.0119,0.0113],3156287488,16679,3326,3156303872
0ac30fcd9,256,65536,21474836480,100,lbr_kid_now_norm,-1,pglz,55094,791,2027,3156303872,.0078,256,2048,[210.7696,215.1691,208.0426,216.4331,206.2350],[0.0079,0.0080,0.0074,0.0075,0.0077][0.1176,0.1206,0.1068,0.1242,0.1059][0.0016,0.0017,0.0015,0.0014,0.0016][0.0176,0.0180,0.0156,0.0166,0.0167],[26825.9744,27072.5118,27510.7419,26887.0598,27530.3616],[0.0094,0.0094,0.0092,0.0094,0.0092][0.1163,0.1187,0.1112,0.1271,0.1096][0.0016,0.0014,0.0015,0.0016,0.0013][0.0205,0.0203,0.0195,0.0201,0.0194],3156279296,16623,3325,3156328448
0ac30fcd9,256,65536,21474836480,100,lbr_kid_now_norm,-1,pglz,55094,791,2027,3156328448,.0078,512,2048,[226.4452,233.7760,242.4656,224.5761,233.6731],[0.0145,0.0143,0.0144,0.0143,0.0147][0.1304,0.1315,0.1240,0.1921,0.1230][0.0021,0.0020,0.0016,0.0020,0.0016][0.0241,0.0231,0.0227,0.0251,0.0246],[29254.2700,29733.5307,30758.9855,28880.7783,30630.6649],[0.0172,0.0170,0.0164,0.0175,0.0164][0.1314,0.1323,0.1222,0.1949,0.1253][0.0014,0.0009,0.0017,0.0019,0.0015][0.0270,0.0262,0.0251,0.0275,0.0260],3156287488,20830,3327,3156336640
0ac30fcd9,256,65536,21474836480,100,lbr_kid_now_norm,-1,pglz,55094,791,2027,3156336640,.0078,1024,2048,[240.1940,243.3143,234.9600,239.9418,242.9391],[0.0290,0.0296,0.0292,0.0323,0.0300][0.1525,0.1428,0.1461,0.1553,0.1428][0.0040,0.0036,0.0026,0.0034,0.0034][0.0344,0.0332,0.0337,0.0359,0.0336],[30467.5376,30981.6769,31001.0555,30456.0226,30973.6233],[0.0330,0.0324,0.0324,0.0330,0.0323][0.1449,0.1382,0.1458,0.1435,0.1380][0.0021,0.0015,0.0024,0.0016,0.0019][0.0353,0.0341,0.0345,0.0346,0.0341],3156213760,20506,3311,3156262912
0ac30fcd9,256,65536,21474836480,100,lbr_kid_now_norm,-1,pglz,55094,791,2027,3156262912,.0078,2048,2048,[253.6093,246.1146,238.3716,232.9329,234.0866],[0.0688,0.0714,0.0669,0.0703,0.0697][0.2722,0.2059,0.2288,0.2033,0.1944][0.0039,0.0098,0.0072,0.0064,0.0083][0.0516,0.0498,0.0504,0.0508,0.0482],[31254.5212,31597.0621,30884.0508,30933.5736,30837.7194],[0.0642,0.0636,0.0650,0.0648,0.0648][0.2266,0.1951,0.1838,0.1891,0.1807][0.0020,0.0124,0.0013,0.0041,0.0106][0.0453,0.0437,0.0441,0.0450,0.0440],3156385792,20408,3347,3156434944
0ac30fcd9,256,65536,21474836480,100,lbr_kid_now_norm,-1,pglz,70110,902,2614,474972160,.0078,32,4096,[86.7245,83.2814,85.4190,86.9341,85.0451],[0.0032,0.0031,0.0032,0.0031,0.0033][0.0638,0.0610,0.0605,0.0587,0.0576][0.0019,0.0017,0.0017,0.0018,0.0017][0.0048,0.0042,0.0046,0.0045,0.0056],[10863.3175,10593.7796,10816.7231,11159.3586,11231.6412],[0.0029,0.0030,0.0029,0.0028,0.0028][0.0625,0.0626,0.0679,0.0612,0.0595][0.0010,0.0010,0.0010,0.0010,0.0010][0.0069,0.0073,0.0072,0.0069,0.0069],6069231616,34147,3790,6069379072
0ac30fcd9,256,65536,21474836480,100,lbr_kid_now_norm,-1,pglz,70110,902,2614,6069379072,.0078,64,4096,[121.6556,115.9691,128.8351,118.0202,119.7571],[0.0037,0.0038,0.0040,0.0035,0.0038][0.0827,0.1027,0.0823,0.0781,0.0840][0.0017,0.0018,0.0018,0.0017,0.0018][0.0069,0.0074,0.0085,0.0057,0.0074],[15365.9124,14722.9304,15678.8888,15649.5105,15392.6573],[0.0041,0.0043,0.0040,0.0041,0.0041][0.0867,0.1032,0.0818,0.0782,0.0854][0.0011,0.0011,0.0011,0.0012,0.0012][0.0109,0.0114,0.0106,0.0104,0.0106],6068961280,33414,3490,6069084160
0ac30fcd9,256,65536,21474836480,100,lbr_kid_now_norm,-1,pglz,70110,902,2614,6069084160,.0078,128,4096,[136.6873,153.4415,145.2683,144.1517,147.8296],[0.0052,0.0057,0.0055,0.0059,0.0054][0.1257,0.1159,0.1175,0.1135,0.1170][0.0018,0.0019,0.0019,0.0018,0.0019][0.0115,0.0137,0.0127,0.0133,0.0125],[17907.1658,18513.2164,18794.0885,17976.3029,18828.5128],[0.0071,0.0068,0.0068,0.0071,0.0067][0.1281,0.1237,0.1257,0.1154,0.1174][0.0013,0.0015,0.0012,0.0013,0.0013][0.0188,0.0178,0.0175,0.0175,0.0175],6068690944,32841,3428,6068789248
0ac30fcd9,256,65536,21474836480,100,lbr_kid_now_norm,-1,pglz,70110,902,2614,6068789248,.0078,256,4096,[157.9909,160.3830,164.6999,174.1268,180.9332],[0.0098,0.0099,0.0102,0.0104,0.0101][0.1449,0.1504,0.1426,0.1350,0.1475][0.0021,0.0020,0.0019,0.0021,0.0021][0.0211,0.0211,0.0218,0.0211,0.0213],[20725.3535,20613.4420,21250.8929,21468.6781,22251.7040],[0.0122,0.0123,0.0119,0.0118,0.0114][0.1517,0.1582,0.1493,0.1427,0.1470][0.0014,0.0019,0.0016,0.0016,0.0016][0.0268,0.0271,0.0262,0.0246,0.0244],6068813824,33811,3473,6068977664
0ac30fcd9,256,65536,21474836480,100,lbr_kid_now_norm,-1,pglz,70110,902,2614,6068977664,.0078,512,4096,[175.5340,180.4348,183.6752,180.3051,173.1764],[0.0191,0.0204,0.0198,0.0193,0.0210][0.1839,0.1757,0.1693,0.1689,0.2187][0.0027,0.0029,0.0024,0.0024,0.0025][0.0338,0.0350,0.0336,0.0331,0.0361],[22545.2989,23024.4019,23377.1396,23478.9788,22461.8412],[0.0224,0.0219,0.0216,0.0215,0.0225][0.1810,0.1705,0.1663,0.1659,0.2096][0.0018,0.0015,0.0017,0.0015,0.0016][0.0393,0.0378,0.0369,0.0364,0.0381],6069395456,47354,4869,6069526528
0ac30fcd9,256,65536,21474836480,100,lbr_kid_now_norm,-1,pglz,70110,902,2614,6069526528,.0078,1024,4096,[180.2717,184.4863,185.1021,177.3938,177.4042],[0.0465,0.0450,0.0523,0.0478,0.0444][0.2000,0.1849,0.1902,0.2229,0.1899][0.0034,0.0042,0.0055,0.0057,0.0046][0.0526,0.0517,0.0573,0.0549,0.0512],[23031.5424,23538.3819,23404.0255,23174.3770,23269.1252],[0.0437,0.0428,0.0430,0.0435,0.0426][0.2046,0.1792,0.1871,0.2128,0.1827][0.0022,0.0020,0.0028,0.0024,0.0029][0.0505,0.0504,0.0504,0.0515,0.0499],6069354496,48722,4670,6069534720
0ac30fcd9,256,65536,21474836480,100,lbr_kid_now_norm,-1,pglz,70110,902,2614,6069534720,.0078,2048,4096,[170.3598,187.1416,181.0911,184.0840,188.1122],[0.1010,0.0995,0.1003,0.1006,0.0929][0.2509,0.2513,0.2642,0.2656,0.2637][0.0154,0.0124,0.0134,0.0070,0.0053][0.0749,0.0730,0.0750,0.0768,0.0741],[22780.4780,23345.5941,23146.7735,23034.6248,23362.8114],[0.0884,0.0861,0.0868,0.0861,0.0853][0.2311,0.2391,0.2590,0.2405,0.2329][0.0141,0.0066,0.0043,0.0023,0.0072][0.0645,0.0624,0.0648,0.0634,0.0627],6068887552,48431,2980,6069026816
0ac30fcd9,256,65536,21474836480,100,lbr_kid_now_norm,-1,pglz,71082,886,3461,673857536,.0078,32,8192,[67.5520,64.0184,67.5398,64.9362,63.6187],[0.0046,0.0048,0.0047,0.0046,0.0043][0.0862,0.0906,0.1361,0.1281,0.0778][0.0025,0.0025,0.0025,0.0026,0.0026][0.0069,0.0081,0.0081,0.0079,0.0053],[8565.2627,8326.3205,8138.9713,8303.1116,8470.0557],[0.0037,0.0038,0.0039,0.0038,0.0037][0.0863,0.1220,0.1389,0.1301,0.1408][0.0009,0.0010,0.0011,0.0011,0.0010][0.0100,0.0106,0.0113,0.0113,0.0109],9277587456,66206,8727,9277726720
0ac30fcd9,256,65536,21474836480,100,lbr_kid_now_norm,-1,pglz,71082,886,3461,9277726720,.0078,64,8192,[87.2925,77.6406,82.5367,87.2263,87.6159],[0.0058,0.0060,0.0069,0.0056,0.0054][0.1087,0.1930,0.1947,0.1421,0.1187][0.0027,0.0026,0.0025,0.0025,0.0025][0.0115,0.0131,0.0167,0.0113,0.0104],[11528.3828,10550.7215,10560.3038,11367.1956,11066.5208],[0.0055,0.0060,0.0060,0.0056,0.0057][0.1118,0.2092,0.2017,0.1890,0.1212][0.0013,0.0009,0.0012,0.0012,0.0011][0.0153,0.0181,0.0179,0.0160,0.0158],9278930944,65857,8769,9279094784
0ac30fcd9,256,65536,21474836480,100,lbr_kid_now_norm,-1,pglz,71082,886,3461,9279094784,.0078,128,8192,[105.9568,103.6296,107.6471,102.8677,103.8751],[0.0074,0.0089,0.0083,0.0081,0.0084][0.1623,0.1745,0.1590,0.1634,0.1707][0.0030,0.0028,0.0027,0.0025,0.0030][0.0156,0.0211,0.0190,0.0183,0.0195],[13408.7638,13407.2533,13381.8671,13213.0746,13273.3565],[0.0095,0.0095,0.0095,0.0096,0.0096][0.1702,0.1749,0.1601,0.1696,0.1730][0.0014,0.0015,0.0012,0.0013,0.0013][0.0263,0.0261,0.0261,0.0264,0.0267],9395650560,61613,4700,9395748864
0ac30fcd9,256,65536,21474836480,100,lbr_kid_now_norm,-1,pglz,71082,886,3461,9395748864,.0078,256,8192,[110.5205,107.1123,110.5830,116.5290,116.2266],[0.0161,0.0166,0.0173,0.0142,0.0142][0.3245,0.3254,0.3197,0.2217,0.2258][0.0031,0.0028,0.0026,0.0031,0.0032][0.0364,0.0399,0.0401,0.0303,0.0304],[14085.4359,14013.8856,13985.0137,15095.5726,14512.1801],[0.0180,0.0181,0.0181,0.0168,0.0175][0.3413,0.3298,0.3150,0.2181,0.2272][0.0014,0.0015,0.0016,0.0020,0.0017][0.0450,0.0450,0.0450,0.0392,0.0411],9277743104,64603,8795,9277964288
0ac30fcd9,256,65536,21474836480,100,lbr_kid_now_norm,-1,pglz,71082,886,3461,9277964288,.0078,512,8192,[123.5299,124.9307,117.4717,120.3167,115.8905],[0.0343,0.0316,0.0326,0.0332,0.0388][0.2227,0.2264,0.2385,0.2462,0.2424][0.0053,0.0051,0.0049,0.0041,0.0046][0.0521,0.0499,0.0513,0.0525,0.0605],[15452.7774,15688.0920,15745.1235,15323.2268,14798.2897],[0.0327,0.0323,0.0322,0.0330,0.0342][0.2154,0.2186,0.2296,0.2343,0.2389][0.0016,0.0026,0.0023,0.0025,0.0027][0.0533,0.0531,0.0530,0.0543,0.0570],9395978240,91515,4856,9396133888
0ac30fcd9,256,65536,21474836480,100,lbr_kid_now_norm,-1,pglz,71082,886,3461,9396133888,.0078,1024,8192,[125.2939,121.4546,125.4206,120.4319,116.7908],[0.0785,0.0805,0.0786,0.0795,0.0833][0.2668,0.2671,0.2715,0.2696,0.2914][0.0060,0.0072,0.0074,0.0082,0.0107][0.0800,0.0803,0.0797,0.0798,0.0865],[15744.0605,15659.8020,15859.8052,15427.2854,14980.1187],[0.0638,0.0645,0.0636,0.0648,0.0674][0.2508,0.2419,0.2374,0.2538,0.2626][0.0034,0.0024,0.0069,0.0017,0.0057][0.0705,0.0693,0.0699,0.0705,0.0756],9395724288,94442,4195,9395945472
0ac30fcd9,256,65536,21474836480,100,lbr_kid_now_norm,-1,pglz,71082,886,3461,9395945472,.0078,2048,8192,[121.8359,122.4334,125.5467,118.8387,110.8032],[0.1572,0.1589,0.1544,0.1583,0.1724][0.3549,0.4038,0.3921,0.3672,0.5481][0.0172,0.0218,0.0221,0.0226,0.0225][0.0986,0.0985,0.1001,0.1036,0.1278],[15696.1212,15599.9803,15651.7954,15361.7602,14247.8634],[0.1282,0.1279,0.1287,0.1312,0.1416][0.3523,0.3409,0.3224,0.3181,0.4484][0.0050,0.0146,0.0018,0.0027,0.0081][0.0841,0.0857,0.0856,0.0899,0.1080],9350471680,111285,4950,9350701056
0ac30fcd9,256,65536,21474836480,100,lbr_kid_now_norm,-1,pglz,76758,871,5187,1233362944,.0078,32,16384,[45.5945,45.4744,46.8395,50.2816,47.9871],[0.0071,0.0072,0.0067,0.0070,0.0067][0.1211,0.1312,0.1341,0.1009,0.1022][0.0040,0.0040,0.0038,0.0038,0.0038][0.0108,0.0117,0.0079,0.0097,0.0087],[5891.1770,5747.4328,6008.6716,6578.7856,6346.0200],[0.0054,0.0055,0.0053,0.0048,0.0050][0.1523,0.1719,0.1556,0.1070,0.1406][0.0011,0.0010,0.0010,0.0010,0.0011][0.0162,0.0174,0.0161,0.0133,0.0145],18312273920,179179,10973,18312445952
0ac30fcd9,256,65536,21474836480,100,lbr_kid_now_norm,-1,pglz,76758,871,5187,18312445952,.0078,64,16384,[62.0462,60.3266,58.8856,63.4122,60.9651],[0.0081,0.0093,0.0093,0.0092,0.0091][0.1637,0.1757,0.1876,0.1649,0.1885][0.0042,0.0040,0.0042,0.0042,0.0042][0.0139,0.0189,0.0189,0.0184,0.0183],[8048.5094,7825.4625,7399.6720,7770.0640,7725.0951],[0.0079,0.0081,0.0086,0.0082,0.0082][0.1706,0.1727,0.1860,0.1784,0.2210][0.0012,0.0012,0.0013,0.0011,0.0012][0.0237,0.0243,0.0266,0.0245,0.0252],18410930176,142978,6300,18410987520
0ac30fcd9,256,65536,21474836480,100,lbr_kid_now_norm,-1,pglz,76758,871,5187,18410987520,.0078,128,16384,[72.9319,72.0918,64.3523,69.3507,66.4128],[0.0146,0.0141,0.0138,0.0156,0.0144][0.2233,0.2223,0.2796,0.2728,0.3062][0.0045,0.0046,0.0049,0.0046,0.0048][0.0321,0.0312,0.0316,0.0352,0.0327],[9331.4990,9140.8678,8375.1806,8919.4803,8706.6432],[0.0136,0.0138,0.0152,0.0142,0.0146][0.2237,0.2913,0.3170,0.2733,0.3233][0.0014,0.0015,0.0013,0.0014,0.0012][0.0387,0.0396,0.0456,0.0408,0.0424],18413035520,140922,6326,18413240320
0ac30fcd9,256,65536,21474836480,100,lbr_kid_now_norm,-1,pglz,76758,871,5187,18413240320,.0078,256,16384,[74.7537,71.4555,62.7037,67.6816,65.8297],[0.0310,0.0336,0.0345,0.0285,0.0318][0.2684,0.3337,0.3314,0.2739,0.3515][0.0059,0.0058,0.0059,0.0056,0.0062][0.0541,0.0600,0.0627,0.0512,0.0586],[9328.0840,9025.1998,8286.5491,9184.4869,8505.6027],[0.0272,0.0281,0.0305,0.0276,0.0298][0.2585,0.3322,0.3243,0.2668,0.3455][0.0019,0.0022,0.0022,0.0027,0.0023][0.0553,0.0575,0.0641,0.0567,0.0631],18413690880,142517,6347,18413780992
0ac30fcd9,256,65536,21474836480,100,lbr_kid_now_norm,-1,pglz,76758,871,5187,18413780992,.0078,512,16384,[68.6567,65.4036,70.9736,73.5906,64.6377],[0.0783,0.0749,0.0788,0.0755,0.0724][0.3568,0.4251,0.4599,0.3980,0.3929][0.0071,0.0056,0.0081,0.0096,0.0061][0.0967,0.0905,0.0945,0.0885,0.0912],[8502.3490,8961.6537,8696.2752,8927.9259,8462.3685],[0.0595,0.0565,0.0581,0.0566,0.0599][0.3329,0.3940,0.4514,0.3807,0.3707][0.0023,0.0029,0.0013,0.0028,0.0039][0.0868,0.0808,0.0841,0.0790,0.0883],18309636096,470833,11398,18309898240
0ac30fcd9,256,65536,21474836480,100,lbr_kid_now_norm,-1,pglz,76758,871,5187,18309898240,.0078,1024,16384,[69.8982,68.6814,72.7046,77.8304,71.0059],[0.1480,0.1500,0.1536,0.1447,0.1586][0.3816,0.4650,0.4408,0.3935,0.3947][0.0140,0.0113,0.0175,0.0152,0.0155][0.1169,0.1287,0.1138,0.1113,0.1221],[9504.4497,8973.6637,9639.8060,9465.2926,9054.9492],[0.1064,0.1123,0.1047,0.1067,0.1115][0.3477,0.4475,0.4116,0.3551,0.3558][0.0063,0.0023,0.0036,0.0046,0.0030][0.0998,0.1122,0.0976,0.0972,0.1057],18312372224,461716,11656,18312650752
0ac30fcd9,256,65536,21474836480,100,lbr_kid_now_norm,-1,pglz,76758,871,5187,18312650752,.0078,2048,16384,[81.9405,79.5869,78.9779,72.8623,73.4237],[0.2311,0.2472,0.2615,0.2616,0.2521][0.6582,0.7603,0.6760,0.6564,0.6232][0.0450,0.0419,0.0345,0.0375,0.0351][0.1247,0.1359,0.1221,0.1336,0.1399],[10380.9509,9501.9916,9922.8197,9261.0047,9448.1237],[0.1944,0.2120,0.2035,0.2182,0.2140][0.4266,0.4539,0.4462,0.4956,0.4630][0.0031,0.0034,0.0155,0.0162,0.0020][0.1130,0.1248,0.1198,0.1283,0.1289],18409431040,405795,6506,18409488384
0ac30fcd9,256,65536,21474836480,100,lbr_kid_now_nifs,-1,pglz,38099,716,1374,147415040,.0078,32,256,[137.2557,136.0877,135.3935,141.3723,135.2791],[0.0014,0.0013,0.0013,0.0013,0.0013][0.0221,0.0204,0.0229,0.0224,0.0194][0.0005,0.0006,0.0006,0.0006,0.0006][0.0017,0.0014,0.0017,0.0012,0.0014],[17493.4415,17549.0709,17436.6407,17719.8236,17640.8695],[0.0018,0.0018,0.0018,0.0018,0.0018][0.0226,0.0221,0.0236,0.0240,0.0222][0.0005,0.0005,0.0005,0.0005,0.0005][0.0020,0.0020,0.0021,0.0020,0.0020],499974144,2686,1495,499974144
0ac30fcd9,256,65536,21474836480,100,lbr_kid_now_nifs,-1,pglz,38099,716,1374,499974144,.0078,64,256,[208.6072,213.9681,211.3361,215.1237,212.0113],[0.0014,0.0015,0.0016,0.0015,0.0016][0.0368,0.0305,0.0307,0.0341,0.0333][0.0006,0.0006,0.0006,0.0006,0.0006][0.0016,0.0019,0.0028,0.0022,0.0028],[26812.6459,27341.1679,27323.8544,27452.0681,27683.6650],[0.0024,0.0023,0.0023,0.0023,0.0023][0.0372,0.0336,0.0335,0.0349,0.0355][0.0005,0.0005,0.0006,0.0006,0.0006][0.0038,0.0037,0.0037,0.0036,0.0035],499900416,3802,1704,499900416
0ac30fcd9,256,65536,21474836480,100,lbr_kid_now_nifs,-1,pglz,38099,716,1374,499900416,.0078,128,256,[285.1363,288.3840,274.3438,280.5637,282.5416],[0.0025,0.0022,0.0024,0.0024,0.0024][0.0459,0.0480,0.0491,0.0461,0.0457][0.0007,0.0006,0.0006,0.0006,0.0006][0.0046,0.0034,0.0046,0.0048,0.0047],[35110.9001,35736.0459,35681.0837,36226.3496,36265.8744],[0.0036,0.0036,0.0036,0.0035,0.0035][0.0484,0.0479,0.0505,0.0559,0.0465][0.0008,0.0008,0.0007,0.0008,0.0008][0.0060,0.0060,0.0060,0.0060,0.0060],499851264,3664,1475,499851264
0ac30fcd9,256,65536,21474836480,100,lbr_kid_now_nifs,-1,pglz,38099,716,1374,499851264,.0078,256,256,[326.1277,337.8249,321.0149,336.0315,340.9951],[0.0042,0.0041,0.0043,0.0043,0.0042][0.0623,0.0609,0.0634,0.0559,0.0572][0.0006,0.0006,0.0007,0.0006,0.0006][0.0072,0.0068,0.0076,0.0074,0.0070],[41670.8210,42179.4131,42276.3398,42521.8776,43092.0339],[0.0061,0.0060,0.0060,0.0059,0.0059][0.0633,0.0617,0.0624,0.0577,0.0597][0.0013,0.0010,0.0009,0.0015,0.0010][0.0088,0.0089,0.0088,0.0084,0.0085],499810304,3567,1463,499810304
0ac30fcd9,256,65536,21474836480,100,lbr_kid_now_nifs,-1,pglz,38099,716,1374,499810304,.0078,512,256,[366.1078,361.9247,339.0395,357.0276,349.0836],[0.0086,0.0085,0.0086,0.0083,0.0080][0.0721,0.0663,0.0622,0.0676,0.0645][0.0008,0.0010,0.0011,0.0009,0.0009][0.0109,0.0111,0.0107,0.0108,0.0109],[45588.3706,46571.0788,45686.6588,46797.9533,46973.6762],[0.0110,0.0108,0.0110,0.0108,0.0107][0.0728,0.0683,0.0708,0.0677,0.0676][0.0012,0.0018,0.0008,0.0010,0.0008][0.0121,0.0114,0.0116,0.0116,0.0117],499892224,3758,1523,499892224
0ac30fcd9,256,65536,21474836480,100,lbr_kid_now_nifs,-1,pglz,38099,716,1374,499892224,.0078,1024,256,[356.4604,366.0270,352.5322,366.0752,369.1364],[0.0178,0.0185,0.0170,0.0173,0.0167][0.0916,0.0787,0.0835,0.0805,0.0845][0.0015,0.0019,0.0013,0.0019,0.0021][0.0159,0.0175,0.0160,0.0165,0.0160],[46217.4044,46271.6069,46917.5412,46637.9763,46519.3325],[0.0216,0.0216,0.0214,0.0213,0.0215][0.0917,0.0874,0.0848,0.0804,0.0850][0.0010,0.0032,0.0009,0.0017,0.0023][0.0158,0.0168,0.0164,0.0168,0.0169],499834880,3743,1474,499834880
0ac30fcd9,256,65536,21474836480,100,lbr_kid_now_nifs,-1,pglz,38099,716,1374,499834880,.0078,2048,256,[378.8324,367.2631,358.3286,362.1747,376.5950],[0.0365,0.0396,0.0375,0.0367,0.0339][0.1245,0.1152,0.1212,0.1127,0.1110][0.0027,0.0067,0.0029,0.0041,0.0025][0.0234,0.0235,0.0236,0.0227,0.0214],[48681.5041,47392.0295,48650.6937,47665.4100,47873.2540],[0.0411,0.0421,0.0411,0.0415,0.0419][0.1231,0.1289,0.1078,0.1125,0.1100][0.0031,0.0040,0.0122,0.0091,0.0025][0.0211,0.0199,0.0202,0.0208,0.0209],499892224,3694,1492,499892224
0ac30fcd9,256,65536,21474836480,100,lbr_kid_now_nifs,-1,pglz,39965,790,1557,187645952,.0078,32,512,[130.8843,128.7454,129.3911,129.8534,125.8871],[0.0015,0.0014,0.0014,0.0014,0.0014][0.0268,0.0258,0.0259,0.0247,0.0262][0.0007,0.0006,0.0006,0.0006,0.0007][0.0020,0.0019,0.0017,0.0017,0.0016],[16447.1133,16483.4689,16480.4205,16528.6661,16536.8309],[0.0019,0.0019,0.0019,0.0019,0.0019][0.0560,0.0316,0.0328,0.0252,0.0306][0.0005,0.0005,0.0005,0.0005,0.0005][0.0026,0.0025,0.0026,0.0024,0.0024],826859520,3228,1685,826859520
0ac30fcd9,256,65536,21474836480,100,lbr_kid_now_nifs,-1,pglz,39965,790,1557,826859520,.0078,64,512,[190.4971,199.4038,198.0598,200.8103,203.1944],[0.0016,0.0017,0.0018,0.0015,0.0016][0.0374,0.0377,0.0387,0.0366,0.0359][0.0006,0.0007,0.0007,0.0007,0.0006][0.0025,0.0029,0.0035,0.0018,0.0023],[24957.1146,25612.7918,25324.8277,25576.8614,25681.0558],[0.0025,0.0025,0.0025,0.0025,0.0025][0.0402,0.0382,0.0411,0.0426,0.0400][0.0007,0.0006,0.0006,0.0006,0.0007][0.0045,0.0043,0.0045,0.0042,0.0043],826761216,4976,1699,826761216
0ac30fcd9,256,65536,21474836480,100,lbr_kid_now_nifs,-1,pglz,39965,790,1557,826761216,.0078,128,512,[252.3520,254.1569,263.2659,263.7619,262.7849],[0.0028,0.0027,0.0027,0.0027,0.0027][0.0552,0.0564,0.0547,0.0587,0.0529][0.0007,0.0006,0.0007,0.0007,0.0006][0.0060,0.0058,0.0054,0.0056,0.0058],[32370.7392,32946.1510,33081.6182,33615.1509,33908.4057],[0.0039,0.0039,0.0038,0.0038,0.0037][0.0602,0.0616,0.0558,0.0601,0.0542][0.0008,0.0008,0.0006,0.0008,0.0008][0.0073,0.0074,0.0072,0.0070,0.0069],826802176,4181,1686,826802176
0ac30fcd9,256,65536,21474836480,100,lbr_kid_now_nifs,-1,pglz,39965,790,1557,826802176,.0078,256,512,[298.0140,298.3789,309.5081,302.0980,314.1712],[0.0047,0.0045,0.0047,0.0044,0.0045][0.0695,0.0645,0.0684,0.0685,0.0692][0.0008,0.0007,0.0007,0.0008,0.0007][0.0092,0.0079,0.0091,0.0079,0.0082],[37930.0274,38472.2324,39345.3260,39628.7841,39475.5836],[0.0067,0.0066,0.0064,0.0064,0.0064][0.0784,0.0706,0.0725,0.0695,0.0701][0.0015,0.0014,0.0014,0.0012,0.0011][0.0110,0.0105,0.0104,0.0100,0.0102],826720256,3616,1701,826736640
0ac30fcd9,256,65536,21474836480,100,lbr_kid_now_nifs,-1,pglz,39965,790,1557,826736640,.0078,512,512,[328.8126,338.0981,321.7392,314.8555,330.0059],[0.0097,0.0095,0.0088,0.0092,0.0088][0.0808,0.0799,0.0769,0.0749,0.0800][0.0010,0.0009,0.0010,0.0012,0.0010][0.0135,0.0137,0.0117,0.0125,0.0121],[41792.1232,42423.1746,42089.4150,42629.8304,42715.7219],[0.0121,0.0119,0.0120,0.0118,0.0118][0.0837,0.0784,0.0782,0.0788,0.0804][0.0016,0.0011,0.0015,0.0014,0.0013][0.0144,0.0140,0.0141,0.0140,0.0144],826777600,3396,1683,826777600
0ac30fcd9,256,65536,21474836480,100,lbr_kid_now_nifs,-1,pglz,39965,790,1557,826777600,.0078,1024,512,[338.3854,338.9953,324.0946,358.5546,340.3535],[0.0199,0.0188,0.0194,0.0195,0.0180][0.1007,0.0872,0.0936,0.0914,0.0955][0.0017,0.0019,0.0012,0.0023,0.0017][0.0204,0.0182,0.0195,0.0191,0.0173],[43676.3203,43580.9318,43103.8599,44001.3709,43476.1028],[0.0230,0.0230,0.0231,0.0228,0.0229][0.0887,0.0998,0.0905,0.0945,0.0945][0.0018,0.0017,0.0044,0.0013,0.0015][0.0190,0.0187,0.0190,0.0184,0.0186],826777600,3171,1712,826777600
0ac30fcd9,256,65536,21474836480,100,lbr_kid_now_nifs,-1,pglz,39965,790,1557,826777600,.0078,2048,512,[328.8361,344.4639,355.9601,352.5371,344.6972],[0.0395,0.0417,0.0413,0.0378,0.0394][0.1257,0.1405,0.1294,0.1389,0.1320][0.0058,0.0029,0.0037,0.0031,0.0044][0.0255,0.0285,0.0260,0.0271,0.0250],[44865.1890,45252.2564,44081.1122,44921.8991,45191.2887],[0.0447,0.0443,0.0451,0.0447,0.0444][0.1447,0.1322,0.1486,0.1373,0.1181][0.0049,0.0011,0.0078,0.0093,0.0081][0.0254,0.0244,0.0243,0.0252,0.0244],826793984,3170,1853,826793984
0ac30fcd9,256,65536,21474836480,100,lbr_kid_now_nifs,-1,pglz,47731,1017,1880,253943808,.0078,32,1024,[122.0973,124.9342,122.6763,116.1267,122.5516],[0.0015,0.0014,0.0016,0.0016,0.0015][0.0244,0.0285,0.0304,0.0332,0.0287][0.0008,0.0007,0.0008,0.0007,0.0007][0.0016,0.0013,0.0022,0.0026,0.0018],[15521.3321,15639.6066,15747.4281,15629.8431,15751.9250],[0.0020,0.0020,0.0020,0.0020,0.0020][0.0556,0.0348,0.0331,0.0363,0.0323][0.0006,0.0005,0.0005,0.0005,0.0005][0.0030,0.0031,0.0030,0.0032,0.0029],1428226048,8349,2129,1428226048
0ac30fcd9,256,65536,21474836480,100,lbr_kid_now_nifs,-1,pglz,47731,1017,1880,1428226048,.0078,64,1024,[182.6229,182.1599,182.3600,183.0360,185.8904],[0.0019,0.0020,0.0018,0.0019,0.0019][0.0449,0.0490,0.0442,0.0433,0.0451][0.0007,0.0007,0.0007,0.0007,0.0007][0.0037,0.0044,0.0030,0.0035,0.0034],[22992.5703,23156.0703,23639.5653,23742.6121,23645.7090],[0.0028,0.0027,0.0027,0.0027,0.0027][0.0514,0.0542,0.0475,0.0499,0.0506][0.0006,0.0006,0.0005,0.0006,0.0006][0.0053,0.0053,0.0052,0.0052,0.0050],1428135936,7867,3375,1428160512
0ac30fcd9,256,65536,21474836480,100,lbr_kid_now_nifs,-1,pglz,47731,1017,1880,1428160512,.0078,128,1024,[224.0247,237.5156,231.8563,242.5183,233.7617],[0.0029,0.0030,0.0030,0.0028,0.0030][0.0596,0.0633,0.0657,0.0615,0.0620][0.0008,0.0008,0.0008,0.0008,0.0008][0.0064,0.0065,0.0064,0.0060,0.0065],[29946.6328,30134.5371,29877.8210,30928.4978,30644.9452],[0.0042,0.0042,0.0042,0.0041,0.0041][0.0658,0.0644,0.0662,0.0631,0.0657][0.0008,0.0008,0.0009,0.0008,0.0008][0.0083,0.0082,0.0083,0.0080,0.0080],1428209664,6557,3109,1428217856
0ac30fcd9,256,65536,21474836480,100,lbr_kid_now_nifs,-1,pglz,47731,1017,1880,1428217856,.0078,256,1024,[271.7905,280.7143,281.4792,284.0978,271.3672],[0.0056,0.0054,0.0056,0.0052,0.0049][0.0747,0.0763,0.0751,0.0794,0.0755][0.0008,0.0009,0.0009,0.0007,0.0009][0.0115,0.0105,0.0114,0.0105,0.0092],[34260.0542,34674.4923,35122.3059,35381.3813,35766.0881],[0.0074,0.0073,0.0072,0.0071,0.0071][0.0781,0.0780,0.0762,0.0803,0.0782][0.0016,0.0014,0.0014,0.0012,0.0009][0.0131,0.0124,0.0129,0.0125,0.0121],1427939328,4785,2399,1427939328
0ac30fcd9,256,65536,21474836480,100,lbr_kid_now_nifs,-1,pglz,47731,1017,1880,1427939328,.0078,512,1024,[279.6214,288.3031,315.4499,296.3092,303.9864],[0.0112,0.0091,0.0100,0.0103,0.0102][0.0856,0.0890,0.0882,0.0900,0.0858][0.0012,0.0010,0.0013,0.0012,0.0012][0.0164,0.0132,0.0148,0.0156,0.0151],[37966.0833,38983.1470,38361.1483,38032.2971,38513.5666],[0.0133,0.0129,0.0131,0.0132,0.0131][0.0894,0.0910,0.0903,0.0901,0.0902][0.0013,0.0015,0.0025,0.0014,0.0009][0.0165,0.0167,0.0167,0.0169,0.0165],1428201472,8034,2123,1428201472
0ac30fcd9,256,65536,21474836480,100,lbr_kid_now_nifs,-1,pglz,47731,1017,1880,1428201472,.0078,1024,1024,[318.2889,317.0226,308.6330,311.6578,323.6394],[0.0213,0.0203,0.0214,0.0209,0.0203][0.1038,0.1020,0.1017,0.1060,0.1059][0.0015,0.0019,0.0023,0.0012,0.0016][0.0232,0.0220,0.0221,0.0219,0.0206],[39380.1306,39822.3623,38797.0341,39733.9790,39965.4826],[0.0255,0.0251,0.0256,0.0252,0.0250][0.1036,0.1035,0.1027,0.1099,0.1029][0.0015,0.0027,0.0023,0.0025,0.0027][0.0234,0.0224,0.0227,0.0223,0.0216],1427873792,6706,2114,1427873792
0ac30fcd9,256,65536,21474836480,100,lbr_kid_now_nifs,-1,pglz,47731,1017,1880,1427873792,.0078,2048,1024,[319.3944,320.6998,328.4237,334.5855,332.7925],[0.0473,0.0447,0.0410,0.0437,0.0427][0.1480,0.1424,0.1489,0.1417,0.1368][0.0040,0.0035,0.0051,0.0037,0.0032][0.0320,0.0287,0.0281,0.0270,0.0286],[40575.3779,41408.8797,42180.3456,42339.2400,42025.6663],[0.0494,0.0484,0.0474,0.0472,0.0477][0.1852,0.1289,0.1470,0.1433,0.1306][0.0014,0.0114,0.0024,0.0092,0.0115][0.0281,0.0271,0.0271,0.0256,0.0253],1428054016,5494,2113,1428054016
0ac30fcd9,256,65536,21474836480,100,lbr_kid_now_nifs,-1,pglz,55981,780,2792,479576064,.0078,32,2048,[103.6119,100.2480,111.0602,108.2409,107.7385],[0.0020,0.0020,0.0019,0.0023,0.0019][0.0431,0.0439,0.0444,0.0453,0.0410][0.0011,0.0011,0.0010,0.0011,0.0011][0.0026,0.0026,0.0022,0.0044,0.0025],[13396.2977,13266.1024,13482.5112,13532.6328,13829.9370],[0.0024,0.0024,0.0024,0.0023,0.0023][0.0881,0.0452,0.0463,0.0597,0.0429][0.0005,0.0006,0.0005,0.0006,0.0006][0.0047,0.0047,0.0047,0.0047,0.0047],3341639680,17767,3532,3341639680
0ac30fcd9,256,65536,21474836480,100,lbr_kid_now_nifs,-1,pglz,55981,780,2792,3341639680,.0078,64,2048,[140.3689,141.7191,139.8736,137.1552,153.0224],[0.0025,0.0024,0.0027,0.0024,0.0029][0.0726,0.0699,0.0698,0.0658,0.0699][0.0012,0.0011,0.0011,0.0011,0.0012][0.0051,0.0048,0.0062,0.0051,0.0071],[18328.5076,18347.2101,18799.9990,18872.4330,18986.2600],[0.0035,0.0035,0.0034,0.0034,0.0033][0.0741,0.0759,0.0723,0.0719,0.0707][0.0009,0.0008,0.0007,0.0007,0.0007][0.0089,0.0087,0.0085,0.0083,0.0084],3341664256,17168,4025,3341697024
0ac30fcd9,256,65536,21474836480,100,lbr_kid_now_nifs,-1,pglz,55981,780,2792,3341697024,.0078,128,2048,[178.2409,179.1470,189.6558,182.6526,191.1855],[0.0037,0.0039,0.0037,0.0039,0.0042][0.0980,0.0963,0.0943,0.0898,0.0938][0.0011,0.0012,0.0012,0.0012,0.0012][0.0094,0.0098,0.0090,0.0095,0.0103],[22555.5660,23470.0859,23531.8166,23692.8489,24039.1360],[0.0056,0.0054,0.0054,0.0054,0.0053][0.1026,0.0971,0.0991,0.0975,0.0937][0.0010,0.0010,0.0010,0.0011,0.0011][0.0145,0.0133,0.0133,0.0128,0.0126],3340697600,15153,4680,3340722176
0ac30fcd9,256,65536,21474836480,100,lbr_kid_now_nifs,-1,pglz,55981,780,2792,3340722176,.0078,256,2048,[213.6640,210.2755,202.6046,212.5100,206.3699],[0.0075,0.0081,0.0076,0.0071,0.0072][0.1255,0.1147,0.1144,0.1094,0.1168][0.0014,0.0013,0.0014,0.0014,0.0011][0.0178,0.0189,0.0177,0.0160,0.0164],[26277.8899,26404.6705,26315.0005,26926.3407,27179.4921],[0.0096,0.0096,0.0096,0.0094,0.0093][0.1215,0.1188,0.1592,0.1130,0.1185][0.0013,0.0018,0.0015,0.0013,0.0016][0.0213,0.0211,0.0216,0.0203,0.0201],3340345344,14810,4674,3340402688
0ac30fcd9,256,65536,21474836480,100,lbr_kid_now_nifs,-1,pglz,55981,780,2792,3340402688,.0078,512,2048,[224.8698,217.2721,240.0706,228.0317,226.1547],[0.0157,0.0150,0.0156,0.0128,0.0129][0.1389,0.1284,0.1329,0.1368,0.1325][0.0017,0.0021,0.0018,0.0016,0.0013][0.0280,0.0267,0.0274,0.0222,0.0236],[28217.5636,28902.5414,29016.1603,28872.8573,29430.3370],[0.0179,0.0175,0.0174,0.0175,0.0172][0.1366,0.1312,0.1335,0.1382,0.1331][0.0017,0.0013,0.0019,0.0014,0.0016][0.0289,0.0281,0.0279,0.0283,0.0282],3340288000,18610,4711,3340312576
0ac30fcd9,256,65536,21474836480,100,lbr_kid_now_nifs,-1,pglz,55981,780,2792,3340312576,.0078,1024,2048,[231.2878,237.8085,222.6152,238.0714,240.4292],[0.0309,0.0304,0.0326,0.0296,0.0300][0.1681,0.1632,0.1601,0.1583,0.1500][0.0031,0.0031,0.0041,0.0038,0.0024][0.0375,0.0376,0.0391,0.0356,0.0367],[29508.5790,29875.7114,28888.6486,29832.5701,29381.0640],[0.0341,0.0336,0.0346,0.0336,0.0340][0.1712,0.1542,0.1679,0.1550,0.1611][0.0008,0.0016,0.0008,0.0011,0.0010][0.0384,0.0381,0.0387,0.0373,0.0379],3340124160,18532,4687,3340181504
0ac30fcd9,256,65536,21474836480,100,lbr_kid_now_nifs,-1,pglz,55981,780,2792,3340181504,.0078,2048,2048,[247.1281,237.0274,231.4996,239.8890,230.1336],[0.0721,0.0735,0.0721,0.0669,0.0728][0.2411,0.1992,0.2159,0.2300,0.2209][0.0053,0.0093,0.0093,0.0047,0.0059][0.0561,0.0550,0.0530,0.0522,0.0543],[30587.7225,29882.1552,29854.8187,29881.6274,29698.9023],[0.0657,0.0672,0.0672,0.0672,0.0671][0.1980,0.2132,0.2071,0.1933,0.1953][0.0047,0.0131,0.0076,0.0096,0.0106][0.0482,0.0476,0.0486,0.0487,0.0469],3340214272,18112,4665,3340271616
0ac30fcd9,256,65536,21474836480,100,lbr_kid_now_nifs,-1,pglz,70090,920,3776,839139328,.0078,32,4096,[84.9853,82.2898,81.4285,81.9491,83.9336],[0.0030,0.0030,0.0030,0.0028,0.0028][0.0687,0.0684,0.0707,0.0665,0.0638][0.0015,0.0015,0.0014,0.0016,0.0016][0.0056,0.0054,0.0058,0.0049,0.0049],[10584.7365,10380.4710,10597.6966,10772.0107,10974.4158],[0.0030,0.0031,0.0030,0.0029,0.0029][0.0693,0.0699,0.0710,0.0987,0.0643][0.0009,0.0010,0.0010,0.0010,0.0010][0.0078,0.0081,0.0080,0.0078,0.0075],6437257216,34080,4903,6437388288
0ac30fcd9,256,65536,21474836480,100,lbr_kid_now_nifs,-1,pglz,70090,920,3776,6437388288,.0078,64,4096,[122.4629,108.3888,117.2040,112.3039,117.9884],[0.0033,0.0037,0.0036,0.0033,0.0035][0.0954,0.0960,0.0881,0.0842,0.0904][0.0015,0.0015,0.0016,0.0016,0.0015][0.0067,0.0084,0.0082,0.0062,0.0075],[14658.5607,14228.6466,14899.1695,14596.6784,15037.7533],[0.0043,0.0045,0.0043,0.0044,0.0042][0.0958,0.1065,0.0890,0.0889,0.0906][0.0012,0.0011,0.0012,0.0012,0.0010][0.0123,0.0123,0.0118,0.0117,0.0117],6435340288,34465,4485,6435495936
0ac30fcd9,256,65536,21474836480,100,lbr_kid_now_nifs,-1,pglz,70090,920,3776,6435495936,.0078,128,4096,[132.4888,142.4979,134.3370,141.5063,142.6052],[0.0060,0.0059,0.0055,0.0054,0.0050][0.1354,0.1360,0.1243,0.1272,0.1257][0.0016,0.0014,0.0015,0.0015,0.0016][0.0167,0.0162,0.0136,0.0137,0.0130],[17426.9988,17815.2523,17254.9944,17930.4811,18034.9057],[0.0073,0.0071,0.0074,0.0071,0.0070][0.1399,0.1350,0.1294,0.1333,0.1268][0.0014,0.0014,0.0015,0.0013,0.0012][0.0202,0.0194,0.0191,0.0193,0.0190],6434963456,33423,4303,6435061760
0ac30fcd9,256,65536,21474836480,100,lbr_kid_now_nifs,-1,pglz,70090,920,3776,6435061760,.0078,256,4096,[146.9996,147.2328,159.2873,153.3995,150.4409],[0.0094,0.0115,0.0111,0.0101,0.0102][0.1692,0.1735,0.1767,0.1695,0.1777][0.0015,0.0018,0.0018,0.0016,0.0019][0.0216,0.0283,0.0262,0.0244,0.0242],[19676.7682,19842.4012,19590.5821,20029.9276,20028.5806],[0.0129,0.0128,0.0129,0.0127,0.0127][0.1677,0.1691,0.1832,0.1744,0.1772][0.0016,0.0016,0.0014,0.0014,0.0014][0.0299,0.0298,0.0297,0.0300,0.0290],6436036608,34871,5715,6436192256
0ac30fcd9,256,65536,21474836480,100,lbr_kid_now_nifs,-1,pglz,70090,920,3776,6436192256,.0078,512,4096,[167.4664,160.2767,164.5556,166.9081,165.2130],[0.0201,0.0224,0.0213,0.0217,0.0213][0.2165,0.2114,0.2418,0.2019,0.1878][0.0024,0.0021,0.0019,0.0023,0.0021][0.0389,0.0430,0.0406,0.0405,0.0403],[21055.4005,20505.3404,20958.0752,21270.7271,21514.1103],[0.0240,0.0243,0.0241,0.0237,0.0235][0.2146,0.2109,0.2413,0.1919,0.1869][0.0016,0.0018,0.0017,0.0014,0.0021][0.0446,0.0456,0.0444,0.0432,0.0430],6434471936,48479,4082,6434611200
0ac30fcd9,256,65536,21474836480,100,lbr_kid_now_nifs,-1,pglz,70090,920,3776,6434611200,.0078,1024,4096,[164.7232,162.0605,173.0106,169.5428,165.2465],[0.0478,0.0509,0.0472,0.0477,0.0439][0.2218,0.2230,0.2115,0.2184,0.2399][0.0051,0.0040,0.0049,0.0048,0.0045][0.0596,0.0623,0.0591,0.0602,0.0566],[21505.3628,21456.4342,21890.0785,21717.5763,21318.9586],[0.0467,0.0469,0.0460,0.0464,0.0474][0.2161,0.2205,0.2150,0.2126,0.2352][0.0025,0.0026,0.0042,0.0026,0.0019][0.0584,0.0589,0.0578,0.0589,0.0597],6434881536,48793,4202,6435078144
0ac30fcd9,256,65536,21474836480,100,lbr_kid_now_nifs,-1,pglz,70090,920,3776,6435078144,.0078,2048,4096,[171.0046,173.1499,164.1252,164.7364,173.8968],[0.1032,0.1120,0.1084,0.1001,0.1079][0.2781,0.3382,0.2888,0.2728,0.2778][0.0109,0.0079,0.0128,0.0099,0.0134][0.0811,0.0827,0.0856,0.0800,0.0825],[21647.4649,21529.8751,21452.8599,21676.7913,21914.2690],[0.0925,0.0933,0.0939,0.0929,0.0919][0.2469,0.2502,0.2564,0.2372,0.2419][0.0063,0.0082,0.0070,0.0021,0.0039][0.0711,0.0722,0.0740,0.0724,0.0705],6434390016,45962,5555,6434594816
0ac30fcd9,256,65536,21474836480,100,lbr_kid_now_nifs,-1,pglz,74316,900,5566,1236844544,.0078,32,8192,[65.9580,62.6757,61.8918,65.5974,65.4731],[0.0043,0.0043,0.0045,0.0052,0.0043][0.0903,0.0833,0.0950,0.1458,0.1395][0.0021,0.0023,0.0023,0.0024,0.0023][0.0073,0.0066,0.0084,0.0123,0.0076],[8153.0922,8082.2471,7842.5510,7963.4552,8360.9112],[0.0039,0.0039,0.0040,0.0040,0.0038][0.1117,0.0971,0.1711,0.1445,0.1427][0.0011,0.0011,0.0010,0.0011,0.0011][0.0112,0.0114,0.0127,0.0124,0.0109],9963036672,69454,11267,9963167744
0ac30fcd9,256,65536,21474836480,100,lbr_kid_now_nifs,-1,pglz,74316,900,5566,9963167744,.0078,64,8192,[77.6106,77.1322,84.3434,82.1027,80.3633],[0.0050,0.0056,0.0053,0.0064,0.0056][0.1810,0.2097,0.1715,0.1353,0.1294][0.0024,0.0023,0.0022,0.0023,0.0023][0.0109,0.0139,0.0117,0.0160,0.0130],[10107.4461,9972.5818,10591.9703,10430.3290,10514.4971],[0.0063,0.0064,0.0060,0.0061,0.0060][0.2259,0.2094,0.1942,0.1346,0.1327][0.0011,0.0011,0.0012,0.0012,0.0012][0.0203,0.0205,0.0181,0.0182,0.0180],9963167744,66468,10983,9963380736
0ac30fcd9,256,65536,21474836480,100,lbr_kid_now_nifs,-1,pglz,74316,900,5566,9963380736,.0078,128,8192,[90.9001,87.4352,90.6249,98.4173,95.8607],[0.0076,0.0087,0.0087,0.0079,0.0085][0.2258,0.3109,0.3553,0.1824,0.2022][0.0023,0.0024,0.0024,0.0022,0.0021][0.0200,0.0259,0.0248,0.0199,0.0228],[11877.2603,11617.3807,11617.9748,12649.6934,12385.9302],[0.0107,0.0109,0.0109,0.0100,0.0103][0.2876,0.3122,0.3556,0.1879,0.2057][0.0013,0.0014,0.0013,0.0014,0.0014][0.0325,0.0350,0.0344,0.0291,0.0308],9962553344,66936,10907,9962733568
0ac30fcd9,256,65536,21474836480,100,lbr_kid_now_nifs,-1,pglz,74316,900,5566,9962733568,.0078,256,8192,[110.9728,106.8003,112.8608,108.7764,110.4449],[0.0137,0.0157,0.0154,0.0164,0.0158][0.2187,0.2751,0.2411,0.2501,0.2295][0.0031,0.0027,0.0028,0.0029,0.0028][0.0303,0.0366,0.0359,0.0386,0.0368],[14404.1792,13780.7933,14181.7913,13962.9148,14167.7016],[0.0176,0.0184,0.0179,0.0182,0.0179][0.2215,0.2623,0.2384,0.2500,0.2287][0.0019,0.0020,0.0022,0.0020,0.0020][0.0424,0.0443,0.0440,0.0450,0.0439],10079256576,63968,8055,10079412224
0ac30fcd9,256,65536,21474836480,100,lbr_kid_now_nifs,-1,pglz,74316,900,5566,10079412224,.0078,512,8192,[114.0119,114.7667,107.6271,110.7940,105.1980],[0.0347,0.0345,0.0372,0.0332,0.0393][0.2497,0.2429,0.2630,0.2747,0.3205][0.0039,0.0039,0.0045,0.0046,0.0039][0.0570,0.0578,0.0616,0.0570,0.0695],[14298.6690,14683.2558,14347.8125,14399.7742,13363.6899],[0.0353,0.0345,0.0353,0.0352,0.0379][0.2466,0.2373,0.2569,0.2671,0.3169][0.0023,0.0033,0.0037,0.0024,0.0031][0.0603,0.0598,0.0614,0.0611,0.0692],10079485952,96173,6326,10079805440
0ac30fcd9,256,65536,21474836480,100,lbr_kid_now_nifs,-1,pglz,74316,900,5566,10079805440,.0078,1024,8192,[118.3199,111.8218,114.3836,113.3215,107.5231],[0.0798,0.0799,0.0802,0.0843,0.0884][0.3081,0.3154,0.3109,0.2954,0.3484][0.0074,0.0083,0.0070,0.0062,0.0078][0.0855,0.0846,0.0860,0.0894,0.0976],[14605.1493,14765.9990,14777.3933,14717.2447,13873.0101],[0.0691,0.0682,0.0673,0.0686,0.0728][0.2844,0.2716,0.2754,0.2705,0.3219][0.0038,0.0032,0.0061,0.0022,0.0036][0.0785,0.0780,0.0772,0.0793,0.0850],10079436800,93309,6955,10079666176
0ac30fcd9,256,65536,21474836480,100,lbr_kid_now_nifs,-1,pglz,74316,900,5566,10079666176,.0078,2048,8192,[113.0825,104.8625,107.3766,112.1968,116.2946],[0.1623,0.1854,0.1723,0.1684,0.1649][0.4365,0.5125,0.5537,0.4750,0.4580][0.0129,0.0213,0.0214,0.0164,0.0213][0.1108,0.1317,0.1296,0.1156,0.1107],[14694.4325,13250.4655,13629.3595,14389.3955,14545.0026],[0.1372,0.1516,0.1482,0.1402,0.1373][0.4278,0.4723,0.4338,0.3985,0.3458][0.0107,0.0027,0.0191,0.0023,0.0023][0.0972,0.1171,0.1120,0.1028,0.0975],9960407040,96168,11319,9960611840
0ac30fcd9,256,65536,21474836480,100,lbr_kid_now_nifs,-1,pglz,79917,936,9419,2355986432,.0078,32,16384,[43.5263,42.1906,47.9638,41.6087,29.1079],[0.0073,0.0068,0.0069,0.0073,0.0078][0.1479,0.1332,0.1190,0.4684,0.5120][0.0038,0.0041,0.0036,0.0035,0.0037][0.0134,0.0103,0.0107,0.0178,0.0262],[5736.8304,5761.1924,6008.0618,5469.4669,3697.8935],[0.0055,0.0055,0.0053,0.0058,0.0086][0.1588,0.1690,0.1322,0.5883,0.6128][0.0010,0.0011,0.0011,0.0010,0.0011][0.0173,0.0171,0.0157,0.0235,0.0451],19551584256,174193,13175,19551903744
0ac30fcd9,256,65536,21474836480,100,lbr_kid_now_nifs,-1,pglz,79917,936,9419,19551903744,.0078,64,16384,[59.1471,58.8048,57.4940,55.3877,57.0812],[0.0083,0.0085,0.0086,0.0092,0.0088][0.1756,0.1720,0.1921,0.2049,0.1806][0.0038,0.0037,0.0039,0.0039,0.0035][0.0170,0.0169,0.0182,0.0197,0.0183],[7587.5088,7553.4400,7313.4936,7198.9420,7370.4978],[0.0084,0.0084,0.0087,0.0088,0.0086][0.1745,0.1897,0.2162,0.2389,0.2280][0.0013,0.0012,0.0013,0.0013,0.0013][0.0259,0.0259,0.0274,0.0276,0.0268],19646521344,146421,10099,19646898176
0ac30fcd9,256,65536,21474836480,100,lbr_kid_now_nifs,-1,pglz,79917,936,9419,19646898176,.0078,128,16384,[65.4315,59.4629,62.0861,66.4869,63.5307],[0.0159,0.0140,0.0162,0.0149,0.0164][0.3204,0.3625,0.3066,0.2615,0.2958][0.0045,0.0047,0.0046,0.0046,0.0045][0.0392,0.0361,0.0408,0.0357,0.0407],[8190.7932,7811.0856,7737.5575,8307.0831,8144.4466],[0.0154,0.0163,0.0164,0.0153,0.0156][0.3178,0.3796,0.3217,0.2648,0.3021][0.0014,0.0015,0.0012,0.0013,0.0014][0.0465,0.0510,0.0506,0.0455,0.0473],19641008128,145302,9761,19641475072
0ac30fcd9,256,65536,21474836480,100,lbr_kid_now_nifs,-1,pglz,79917,936,9419,19641475072,.0078,256,16384,[66.2059,64.2053,58.4423,67.3778,57.9213],[0.0348,0.0350,0.0363,0.0337,0.0332][0.2969,0.3398,0.4166,0.3335,0.3662][0.0061,0.0062,0.0060,0.0046,0.0054][0.0641,0.0664,0.0748,0.0628,0.0664],[8324.7315,8062.8405,7477.5349,8429.0403,7675.0636],[0.0304,0.0314,0.0339,0.0301,0.0331][0.2889,0.3320,0.4061,0.3235,0.3705][0.0024,0.0029,0.0023,0.0025,0.0024][0.0636,0.0662,0.0764,0.0637,0.0731],19641442304,144561,9742,19641671680
0ac30fcd9,256,65536,21474836480,100,lbr_kid_now_nifs,-1,pglz,79917,936,9419,19641671680,.0078,512,16384,[67.4411,60.8316,60.6064,64.0616,65.2718],[0.0839,0.0809,0.0845,0.0791,0.0789][0.3170,0.4069,0.4009,0.3899,0.5257][0.0083,0.0050,0.0083,0.0084,0.0084][0.0994,0.1051,0.1064,0.0986,0.0993],[8410.0670,7793.2799,7903.2313,8153.9505,8233.4873],[0.0601,0.0649,0.0640,0.0621,0.0615][0.3059,0.3959,0.3770,0.3731,0.5021][0.0027,0.0025,0.0029,0.0038,0.0048][0.0864,0.0977,0.0944,0.0903,0.0902],19641311232,413855,9876,19641630720
0ac30fcd9,256,65536,21474836480,100,lbr_kid_now_nifs,-1,pglz,79917,936,9419,19641630720,.0078,1024,16384,[69.6273,63.4032,60.8638,64.8380,64.2045],[0.1644,0.1695,0.1725,0.1563,0.1682][0.4107,0.4778,0.4994,0.4742,0.5012][0.0110,0.0185,0.0145,0.0113,0.0170][0.1280,0.1384,0.1454,0.1304,0.1322],[8850.5503,8106.5106,7920.7506,8404.5159,8338.9634],[0.1141,0.1246,0.1276,0.1203,0.1212][0.3653,0.4300,0.4768,0.4206,0.4706][0.0061,0.0031,0.0035,0.0120,0.0036][0.1102,0.1223,0.1278,0.1169,0.1159],19643219968,398230,9787,19643514880
0ac30fcd9,256,65536,21474836480,100,lbr_kid_now_nifs,-1,pglz,79917,936,9419,19643514880,.0078,2048,16384,[70.2551,63.3358,66.4243,63.5885,70.6223],[0.2414,0.2986,0.2731,0.2833,0.2923][0.6580,0.7054,0.7654,0.7922,0.6879][0.0312,0.0402,0.0311,0.0372,0.0383][0.1479,0.1498,0.1523,0.1509,0.1389],[9166.3079,8465.6838,8514.3647,8580.7338,8976.3277],[0.2206,0.2387,0.2353,0.2333,0.2250][0.4587,0.6510,0.6329,0.4967,0.5027][0.0023,0.0110,0.0231,0.0027,0.0271][0.1343,0.1480,0.1445,0.1438,0.1360],19644440576,414259,10578,19644801024
0ac30fcd9,256,65536,21474836480,100,bucket,-1,lz4,35392,2695,418,44720128,.0078,32,256,[97.0439,95.8337,95.4336,93.1148,94.4194],[0.0054,0.0053,0.0055,0.0054,0.0054][0.0232,0.0283,0.0270,0.0288,0.0252][0.0026,0.0027,0.0026,0.0027,0.0027][0.0022,0.0022,0.0023,0.0020,0.0021],[12048.5799,12096.7438,12023.0727,12158.7317,12143.9583],[0.0026,0.0026,0.0026,0.0026,0.0026][0.0266,0.0281,0.0332,0.0288,0.0245][0.0005,0.0005,0.0005,0.0005,0.0005][0.0027,0.0027,0.0027,0.0026,0.0026],434413568,86716,523,434438144
0ac30fcd9,256,65536,21474836480,100,bucket,-1,lz4,35392,2695,418,434438144,.0078,64,256,[124.9878,123.2433,126.8705,127.4380,127.7190],[0.0059,0.0058,0.0059,0.0059,0.0058][0.0361,0.0308,0.0311,0.0340,0.0354][0.0026,0.0027,0.0026,0.0027,0.0029][0.0031,0.0026,0.0031,0.0033,0.0031],[16086.0377,16092.9753,15902.1740,15831.8865,15967.8302],[0.0039,0.0039,0.0040,0.0040,0.0040][0.0322,0.0317,0.0309,0.0339,0.0333][0.0005,0.0005,0.0005,0.0005,0.0005][0.0040,0.0040,0.0039,0.0041,0.0040],433668096,84067,456,433709056
0ac30fcd9,256,65536,21474836480,100,bucket,-1,lz4,35392,2695,418,433709056,.0078,128,256,[153.2340,148.8122,154.2228,155.5903,148.4187],[0.0077,0.0080,0.0078,0.0077,0.0084][0.0369,0.0452,0.0454,0.0396,0.0395][0.0028,0.0030,0.0031,0.0028,0.0028][0.0050,0.0055,0.0054,0.0049,0.0058],[19193.9029,19431.3963,19342.3530,19172.0212,19201.8862],[0.0066,0.0065,0.0065,0.0066,0.0066][0.0367,0.0459,0.0455,0.0398,0.0402][0.0007,0.0007,0.0007,0.0007,0.0007][0.0058,0.0060,0.0058,0.0057,0.0058],434520064,83398,480,434544640
0ac30fcd9,256,65536,21474836480,100,bucket,-1,lz4,35392,2695,418,434544640,.0078,256,256,[175.0607,178.5553,163.6479,167.3191,167.0557],[0.0129,0.0127,0.0126,0.0124,0.0126][0.0495,0.0504,0.0537,0.0534,0.0570][0.0041,0.0034,0.0036,0.0033,0.0037][0.0088,0.0081,0.0082,0.0084,0.0086],[21843.5460,21742.2295,21742.5584,22200.4630,22165.3750],[0.0116,0.0116,0.0116,0.0114,0.0114][0.0540,0.0510,0.0494,0.0469,0.0512][0.0013,0.0014,0.0012,0.0013,0.0006][0.0084,0.0082,0.0082,0.0084,0.0083],432726016,85466,491,432758784
0ac30fcd9,256,65536,21474836480,100,bucket,-1,lz4,35392,2695,418,432758784,.0078,512,256,[184.0660,180.7547,189.2812,194.5319,188.6521],[0.0256,0.0258,0.0239,0.0246,0.0237][0.0720,0.0762,0.0717,0.0710,0.0731][0.0064,0.0066,0.0060,0.0060,0.0065][0.0145,0.0138,0.0130,0.0133,0.0128],[24503.4003,24045.8545,24582.7692,24333.8648,24550.6586],[0.0206,0.0210,0.0205,0.0207,0.0206][0.0634,0.0734,0.0672,0.0634,0.0649][0.0028,0.0020,0.0017,0.0029,0.0023][0.0123,0.0123,0.0123,0.0123,0.0121],433528832,89234,1484,433561600
0ac30fcd9,256,65536,21474836480,100,bucket,-1,lz4,35392,2695,418,433561600,.0078,1024,256,[225.4328,219.4184,218.7147,227.5100,220.6267],[0.0444,0.0446,0.0444,0.0438,0.0438][0.0968,0.0961,0.0991,0.0954,0.1020][0.0108,0.0112,0.0122,0.0114,0.0103][0.0194,0.0202,0.0193,0.0186,0.0199],[29043.8423,28893.2121,28253.9136,28365.8073,28613.4206],[0.0346,0.0348,0.0355,0.0355,0.0351][0.0897,0.0864,0.0854,0.0850,0.0903][0.0029,0.0062,0.0037,0.0047,0.0050][0.0169,0.0176,0.0172,0.0168,0.0175],435462144,97056,490,435511296
0ac30fcd9,256,65536,21474836480,100,bucket,-1,lz4,35392,2695,418,435511296,.0078,2048,256,[264.0687,258.3907,255.1630,261.1945,264.1117],[0.0753,0.0746,0.0748,0.0776,0.0746][0.1465,0.1450,0.1394,0.1533,0.1486][0.0128,0.0175,0.0213,0.0200,0.0185][0.0293,0.0285,0.0296,0.0285,0.0288],[33990.1439,33631.9534,33610.1969,33506.1745,33404.3722],[0.0584,0.0590,0.0594,0.0596,0.0600][0.1285,0.1249,0.1243,0.1298,0.1343][0.0104,0.0031,0.0065,0.0124,0.0100][0.0265,0.0244,0.0263,0.0252,0.0253],434651136,86398,472,434700288
0ac30fcd9,256,65536,21474836480,100,bucket,-1,lz4,37120,2924,450,63332352,.0078,32,512,[88.4188,84.3186,89.0646,86.9822,88.6407],[0.0057,0.0062,0.0057,0.0060,0.0058][0.0312,0.0315,0.0324,0.0308,0.0272][0.0026,0.0027,0.0026,0.0027,0.0029][0.0022,0.0027,0.0026,0.0025,0.0026],[11357.3410,10981.0900,11395.7041,11057.4174,11334.1081],[0.0028,0.0029,0.0028,0.0028,0.0028][0.0276,0.0311,0.0288,0.0330,0.0292][0.0005,0.0005,0.0005,0.0005,0.0005][0.0029,0.0031,0.0030,0.0031,0.0029],741138432,115568,571,741179392
0ac30fcd9,256,65536,21474836480,100,bucket,-1,lz4,37120,2924,450,741179392,.0078,64,512,[113.5751,115.6868,118.4976,119.8012,114.2794],[0.0064,0.0062,0.0062,0.0063,0.0064][0.0396,0.0343,0.0347,0.0425,0.0374][0.0028,0.0029,0.0030,0.0029,0.0027][0.0034,0.0035,0.0036,0.0038,0.0037],[14959.3439,15278.3439,15210.7998,15151.0463,15297.5308],[0.0042,0.0041,0.0042,0.0042,0.0041][0.0362,0.0368,0.0354,0.0425,0.0370][0.0005,0.0005,0.0005,0.0005,0.0005][0.0045,0.0045,0.0045,0.0045,0.0045],740278272,113917,544,740319232
0ac30fcd9,256,65536,21474836480,100,bucket,-1,lz4,37120,2924,450,740319232,.0078,128,512,[137.5753,137.7239,144.0804,145.9708,141.5772],[0.0086,0.0083,0.0082,0.0082,0.0082][0.0438,0.0456,0.0457,0.0430,0.0487][0.0028,0.0031,0.0032,0.0033,0.0029][0.0054,0.0058,0.0055,0.0055,0.0054],[17342.9117,18007.1401,18197.8344,17952.8370,18138.0062],[0.0073,0.0070,0.0070,0.0071,0.0070][0.0444,0.0452,0.0424,0.0460,0.0438][0.0007,0.0008,0.0007,0.0007,0.0007][0.0065,0.0068,0.0064,0.0065,0.0064],741466112,114768,543,741507072
0ac30fcd9,256,65536,21474836480,100,bucket,-1,lz4,37120,2924,450,741507072,.0078,256,512,[161.6700,158.7330,161.0843,164.7192,163.8697],[0.0128,0.0139,0.0138,0.0138,0.0135][0.0610,0.0603,0.0618,0.0583,0.0639][0.0038,0.0042,0.0039,0.0041,0.0039][0.0088,0.0102,0.0090,0.0097,0.0093],[20970.4721,20712.4873,20138.1757,20527.6598,20370.4342],[0.0121,0.0122,0.0126,0.0123,0.0124][0.0542,0.0612,0.0561,0.0535,0.0586][0.0014,0.0014,0.0008,0.0014,0.0015][0.0093,0.0097,0.0095,0.0095,0.0097],740032512,116421,1518,740057088
0ac30fcd9,256,65536,21474836480,100,bucket,-1,lz4,37120,2924,450,740057088,.0078,512,512,[174.4895,177.8211,173.7787,179.3878,178.9879],[0.0267,0.0270,0.0260,0.0274,0.0259][0.0839,0.0730,0.0826,0.0781,0.0792][0.0061,0.0057,0.0066,0.0054,0.0057][0.0151,0.0146,0.0140,0.0156,0.0154],[22677.3093,22400.3470,22436.9749,22627.7641,23338.4651],[0.0223,0.0225,0.0225,0.0223,0.0216][0.0782,0.0678,0.0731,0.0694,0.0801][0.0030,0.0028,0.0029,0.0018,0.0028][0.0140,0.0136,0.0132,0.0136,0.0141],739581952,116954,565,739631104
0ac30fcd9,256,65536,21474836480,100,bucket,-1,lz4,37120,2924,450,739631104,.0078,1024,512,[211.6612,211.2971,213.9494,209.9860,201.5063],[0.0463,0.0470,0.0473,0.0445,0.0468][0.1049,0.0989,0.1111,0.1081,0.1088][0.0090,0.0073,0.0125,0.0100,0.0076][0.0216,0.0219,0.0226,0.0212,0.0217],[27503.4650,27083.5731,27120.5269,27273.2680,26875.9842],[0.0366,0.0372,0.0370,0.0369,0.0375][0.0958,0.0910,0.0904,0.0920,0.0937][0.0047,0.0049,0.0051,0.0014,0.0056][0.0189,0.0191,0.0191,0.0190,0.0195],740777984,118968,557,740818944
0ac30fcd9,256,65536,21474836480,100,bucket,-1,lz4,37120,2924,450,740818944,.0078,2048,512,[241.6137,246.8668,247.2540,254.4191,252.9977],[0.0781,0.0818,0.0791,0.0791,0.0774][0.1576,0.1550,0.1510,0.1586,0.1507][0.0171,0.0265,0.0218,0.0261,0.0217][0.0310,0.0314,0.0308,0.0306,0.0298],[31890.2549,31797.1572,31970.7663,32157.8392,31754.2878],[0.0626,0.0630,0.0628,0.0624,0.0632][0.1404,0.1337,0.1327,0.1293,0.1427][0.0085,0.0095,0.0144,0.0078,0.0108][0.0277,0.0268,0.0270,0.0264,0.0264],740139008,114445,1556,740171776
0ac30fcd9,256,65536,21474836480,100,bucket,-1,lz4,40389,3310,523,93257728,.0078,32,1024,[79.7567,86.3130,82.4652,83.7025,81.1085],[0.0063,0.0060,0.0064,0.0061,0.0060][0.0337,0.0341,0.0350,0.0345,0.0364][0.0030,0.0030,0.0031,0.0029,0.0031][0.0025,0.0028,0.0034,0.0026,0.0025],[10393.8434,10595.9785,10510.3340,10578.9969,10747.6374],[0.0030,0.0030,0.0030,0.0030,0.0029][0.0389,0.0360,0.0345,0.0341,0.0362][0.0005,0.0005,0.0005,0.0005,0.0005][0.0035,0.0035,0.0036,0.0034,0.0035],1307590656,164784,713,1307631616
0ac30fcd9,256,65536,21474836480,100,bucket,-1,lz4,40389,3310,523,1307631616,.0078,64,1024,[111.2082,111.4406,113.9182,116.0679,113.3392],[0.0065,0.0064,0.0063,0.0067,0.0067][0.0397,0.0384,0.0364,0.0436,0.0419][0.0030,0.0028,0.0027,0.0030,0.0026][0.0038,0.0037,0.0032,0.0043,0.0042],[14805.9422,14570.9929,14613.4755,14365.0946,14445.1650],[0.0043,0.0043,0.0043,0.0044,0.0044][0.0392,0.0376,0.0403,0.0385,0.0435][0.0005,0.0005,0.0005,0.0005,0.0005][0.0047,0.0048,0.0048,0.0048,0.0048],1306337280,163959,642,1306386432
0ac30fcd9,256,65536,21474836480,100,bucket,-1,lz4,40389,3310,523,1306386432,.0078,128,1024,[133.8573,128.7160,134.7921,129.0646,129.9688],[0.0087,0.0089,0.0087,0.0086,0.0085][0.0511,0.0521,0.0496,0.0521,0.0491][0.0030,0.0034,0.0033,0.0034,0.0034][0.0062,0.0066,0.0061,0.0060,0.0059],[16972.3213,16630.8464,16608.8803,16987.9740,16770.8823],[0.0075,0.0076,0.0076,0.0075,0.0076][0.0537,0.0518,0.0513,0.0519,0.0487][0.0008,0.0008,0.0007,0.0008,0.0007][0.0074,0.0077,0.0076,0.0075,0.0074],1307344896,161961,1652,1307377664
0ac30fcd9,256,65536,21474836480,100,bucket,-1,lz4,40389,3310,523,1307377664,.0078,256,1024,[151.8566,147.6372,156.5573,145.7824,150.8033],[0.0145,0.0148,0.0147,0.0149,0.0144][0.0654,0.0632,0.0667,0.0710,0.0672][0.0037,0.0040,0.0036,0.0041,0.0041][0.0108,0.0109,0.0110,0.0109,0.0106],[19254.0688,18694.9511,19197.5870,19010.3936,19107.8152],[0.0131,0.0135,0.0132,0.0133,0.0132][0.0605,0.0616,0.0608,0.0655,0.0608][0.0016,0.0014,0.0016,0.0017,0.0012][0.0109,0.0112,0.0107,0.0109,0.0108],1306517504,166145,676,1306591232
0ac30fcd9,256,65536,21474836480,100,bucket,-1,lz4,40389,3310,523,1306591232,.0078,512,1024,[170.2127,175.1502,170.5715,170.9161,162.9645],[0.0264,0.0266,0.0268,0.0263,0.0268][0.0767,0.0861,0.0818,0.0837,0.0797][0.0057,0.0064,0.0056,0.0061,0.0063][0.0149,0.0149,0.0163,0.0154,0.0157],[22507.7595,22021.9304,22344.5742,22405.5681,21976.7318],[0.0224,0.0229,0.0226,0.0225,0.0230][0.0692,0.0751,0.0775,0.0691,0.0783][0.0032,0.0024,0.0030,0.0032,0.0030][0.0139,0.0138,0.0148,0.0140,0.0147],1305346048,162114,643,1305403392
0ac30fcd9,256,65536,21474836480,100,bucket,-1,lz4,40389,3310,523,1305403392,.0078,1024,1024,[215.8759,212.8656,205.4638,195.6658,199.6354],[0.0472,0.0456,0.0461,0.0473,0.0481][0.1169,0.1040,0.1038,0.1102,0.1184][0.0099,0.0139,0.0121,0.0141,0.0148][0.0224,0.0215,0.0210,0.0225,0.0229],[26545.7153,26077.1145,26012.1464,25765.1122,25856.0577],[0.0379,0.0383,0.0385,0.0390,0.0389][0.1031,0.1095,0.1008,0.0944,0.0958][0.0065,0.0063,0.0069,0.0061,0.0037][0.0200,0.0203,0.0193,0.0207,0.0205],1306517504,169757,674,1306583040
0ac30fcd9,256,65536,21474836480,100,bucket,-1,lz4,40389,3310,523,1306583040,.0078,2048,1024,[236.3503,231.7099,250.5489,228.6387,239.6093],[0.0824,0.0807,0.0796,0.0800,0.0834][0.1666,0.1607,0.1642,0.1727,0.1644][0.0258,0.0263,0.0219,0.0249,0.0234][0.0324,0.0306,0.0313,0.0319,0.0325],[31470.7890,30852.6282,30269.1326,30677.0542,30503.6785],[0.0637,0.0650,0.0659,0.0654,0.0657][0.1435,0.1358,0.1463,0.1372,0.1398][0.0117,0.0109,0.0127,0.0013,0.0119][0.0275,0.0272,0.0270,0.0276,0.0284],1305788416,163989,1635,1305837568
0ac30fcd9,256,65536,21474836480,100,bucket,-1,lz4,48012,2249,1109,190308352,.0078,32,2048,[66.7697,73.3342,68.2114,72.6044,70.4932],[0.0078,0.0070,0.0075,0.0070,0.0070][0.0531,0.0464,0.0461,0.0466,0.0434][0.0038,0.0035,0.0035,0.0034,0.0032][0.0047,0.0038,0.0042,0.0036,0.0036],[8847.7086,8991.4611,8836.6543,9065.7623,9316.0549],[0.0036,0.0035,0.0036,0.0035,0.0034][0.0522,0.0526,0.0489,0.0445,0.0433][0.0005,0.0005,0.0005,0.0005,0.0005][0.0052,0.0052,0.0053,0.0052,0.0052],3065610240,71458,1362,3065700352
0ac30fcd9,256,65536,21474836480,100,bucket,-1,lz4,48012,2249,1109,3065700352,.0078,64,2048,[96.4227,96.4868,93.0640,91.8685,94.5888],[0.0079,0.0080,0.0079,0.0082,0.0080][0.0555,0.0528,0.0535,0.0503,0.0641][0.0035,0.0037,0.0037,0.0032,0.0035][0.0059,0.0059,0.0047,0.0053,0.0055],[12070.4111,12032.4745,12024.5496,11686.0806,11954.6948],[0.0052,0.0053,0.0053,0.0054,0.0053][0.0524,0.0529,0.0557,0.0499,0.0639][0.0005,0.0005,0.0006,0.0005,0.0005][0.0071,0.0068,0.0069,0.0071,0.0070],3063955456,72891,1298,3063996416
0ac30fcd9,256,65536,21474836480,100,bucket,-1,lz4,48012,2249,1109,3063996416,.0078,128,2048,[104.7013,107.1339,112.6562,107.9726,106.0393],[0.0104,0.0105,0.0108,0.0103,0.0110][0.0668,0.0735,0.0733,0.0705,0.0738][0.0041,0.0041,0.0041,0.0040,0.0043][0.0084,0.0089,0.0087,0.0083,0.0097],[14024.6842,13998.6320,13821.0999,14211.7818,14184.7097],[0.0090,0.0090,0.0092,0.0089,0.0089][0.0695,0.0739,0.0663,0.0693,0.0667][0.0008,0.0009,0.0009,0.0008,0.0008][0.0107,0.0107,0.0102,0.0104,0.0104],3065102336,71934,1267,3065200640
0ac30fcd9,256,65536,21474836480,100,bucket,-1,lz4,48012,2249,1109,3065200640,.0078,256,2048,[123.1999,128.1921,123.5464,124.4259,122.6296],[0.0180,0.0176,0.0176,0.0167,0.0168][0.0806,0.0835,0.0751,0.0904,0.0817][0.0043,0.0047,0.0051,0.0051,0.0047][0.0148,0.0140,0.0138,0.0139,0.0139],[15600.3808,15805.7613,15817.4431,15950.5569,16097.7488],[0.0162,0.0160,0.0160,0.0159,0.0157][0.0769,0.0795,0.0720,0.0810,0.0737][0.0018,0.0014,0.0018,0.0017,0.0017][0.0149,0.0146,0.0147,0.0152,0.0149],3065061376,72100,1274,3065118720
0ac30fcd9,256,65536,21474836480,100,bucket,-1,lz4,48012,2249,1109,3065118720,.0078,512,2048,[141.0732,139.6182,138.5572,141.0002,139.6595],[0.0331,0.0340,0.0329,0.0328,0.0326][0.1033,0.1069,0.1136,0.1006,0.1083][0.0075,0.0080,0.0070,0.0078,0.0073][0.0212,0.0220,0.0222,0.0217,0.0220],[17863.0634,17851.0820,17819.2167,17728.2166,17638.3590],[0.0283,0.0283,0.0284,0.0285,0.0287][0.0954,0.0909,0.1006,0.0921,0.1017][0.0019,0.0019,0.0036,0.0036,0.0022][0.0207,0.0210,0.0209,0.0212,0.0215],3063832576,71775,2263,3063906304
0ac30fcd9,256,65536,21474836480,100,bucket,-1,lz4,48012,2249,1109,3063906304,.0078,1024,2048,[164.1703,163.2530,160.6227,166.1419,163.0669],[0.0575,0.0569,0.0573,0.0579,0.0556][0.1353,0.1438,0.1293,0.1375,0.1370][0.0106,0.0138,0.0134,0.0148,0.0122][0.0337,0.0319,0.0323,0.0323,0.0321],[21166.9212,20736.2473,21096.2090,20888.0566,20819.1157],[0.0476,0.0486,0.0478,0.0482,0.0484][0.1228,0.1270,0.1205,0.1180,0.1289][0.0067,0.0039,0.0071,0.0069,0.0064][0.0310,0.0307,0.0306,0.0309,0.0319],3064627200,72834,2293,3064717312
0ac30fcd9,256,65536,21474836480,100,bucket,-1,lz4,48012,2249,1109,3064717312,.0078,2048,2048,[202.2082,189.0435,186.7293,192.4369,184.3779],[0.1012,0.1039,0.1013,0.0992,0.1040][0.2052,0.1983,0.2087,0.1912,0.2091][0.0319,0.0303,0.0269,0.0312,0.0235][0.0466,0.0453,0.0451,0.0450,0.0486],[24752.8870,24146.6281,24633.5889,24758.0653,24098.4949],[0.0812,0.0833,0.0816,0.0812,0.0835][0.2016,0.1859,0.1891,0.1766,0.1803][0.0157,0.0131,0.0076,0.0168,0.0156][0.0422,0.0415,0.0411,0.0421,0.0417],3063824384,79299,3233,3063930880
0ac30fcd9,256,65536,21474836480,100,bucket,-1,lz4,58560,2414,1615,371425280,.0078,32,4096,[61.5052,59.0301,56.3036,57.5995,60.4275],[0.0078,0.0085,0.0082,0.0080,0.0080][0.0568,0.0755,0.0657,0.0568,0.0593][0.0037,0.0041,0.0039,0.0040,0.0038][0.0049,0.0068,0.0059,0.0044,0.0044],[7946.9693,7242.1474,7526.6512,7486.5268,7395.1468],[0.0040,0.0043,0.0042,0.0042,0.0043][0.0624,0.0740,0.0650,0.0645,0.0622][0.0009,0.0009,0.0009,0.0009,0.0009][0.0068,0.0083,0.0080,0.0078,0.0078],5977735168,75344,2076,5977825280
0ac30fcd9,256,65536,21474836480,100,bucket,-1,lz4,58560,2414,1615,5977825280,.0078,64,4096,[70.5783,71.6387,73.5954,75.5012,73.1078],[0.0101,0.0096,0.0105,0.0093,0.0096][0.0810,0.0795,0.0817,0.0807,0.0803][0.0045,0.0045,0.0045,0.0048,0.0041][0.0104,0.0091,0.0097,0.0072,0.0086],[9428.4734,9467.4635,8841.6049,9234.1104,9409.0483],[0.0067,0.0067,0.0071,0.0068,0.0067][0.0808,0.0786,0.0818,0.0794,0.0820][0.0010,0.0010,0.0010,0.0009,0.0009][0.0116,0.0115,0.0114,0.0113,0.0116],5977841664,75850,1878,5977915392
0ac30fcd9,256,65536,21474836480,100,bucket,-1,lz4,58560,2414,1615,5977915392,.0078,128,4096,[84.4446,83.7716,83.3299,85.7829,86.3176],[0.0124,0.0125,0.0125,0.0120,0.0133][0.0909,0.0973,0.1148,0.1031,0.1112][0.0051,0.0053,0.0045,0.0051,0.0052][0.0118,0.0128,0.0128,0.0109,0.0143],[10932.3924,10931.3224,10837.8261,10869.7040,10784.7968],[0.0116,0.0116,0.0117,0.0117,0.0117][0.1019,0.1004,0.1212,0.1026,0.1066][0.0011,0.0010,0.0010,0.0010,0.0010][0.0170,0.0171,0.0174,0.0169,0.0167],5977300992,75490,1869,5977407488
0ac30fcd9,256,65536,21474836480,100,bucket,-1,lz4,58560,2414,1615,5977407488,.0078,256,4096,[94.7560,96.8415,94.2407,100.9843,93.1503],[0.0211,0.0215,0.0214,0.0227,0.0212][0.1383,0.1204,0.1277,0.1264,0.1257][0.0063,0.0071,0.0067,0.0069,0.0059][0.0222,0.0217,0.0218,0.0234,0.0222],[12397.3635,12008.1244,11972.2583,12014.7104,12123.2089],[0.0204,0.0211,0.0212,0.0211,0.0209][0.1311,0.1156,0.1807,0.1149,0.1242][0.0019,0.0020,0.0017,0.0017,0.0017][0.0254,0.0250,0.0255,0.0247,0.0253],5977497600,75416,1878,5977628672
0ac30fcd9,256,65536,21474836480,100,bucket,-1,lz4,58560,2414,1615,5977628672,.0078,512,4096,[104.4747,101.2512,100.5806,101.8683,99.8031],[0.0431,0.0421,0.0437,0.0420,0.0412][0.1662,0.1529,0.1627,0.1583,0.2058][0.0089,0.0091,0.0084,0.0100,0.0082][0.0371,0.0358,0.0375,0.0356,0.0358],[13212.0135,13064.9799,13202.7830,12915.5070,13083.6468],[0.0383,0.0387,0.0384,0.0391,0.0387][0.1423,0.1514,0.1490,0.1476,0.1958][0.0034,0.0019,0.0027,0.0041,0.0014][0.0359,0.0364,0.0365,0.0371,0.0377],5977915392,77284,2858,5977964544
0ac30fcd9,256,65536,21474836480,100,bucket,-1,lz4,58560,2414,1615,5977964544,.0078,1024,4096,[116.3015,116.6983,117.2011,116.4640,113.0164],[0.0755,0.0744,0.0742,0.0782,0.0747][0.1992,0.2054,0.1954,0.2210,0.2146][0.0147,0.0173,0.0170,0.0156,0.0098][0.0530,0.0508,0.0519,0.0544,0.0542],[15347.6263,14948.6207,14858.4335,15135.4168,14934.0809],[0.0659,0.0676,0.0680,0.0667,0.0677][0.1819,0.1936,0.2011,0.2028,0.1932][0.0066,0.0093,0.0055,0.0090,0.0030][0.0515,0.0505,0.0519,0.0511,0.0524],5976662016,74946,1858,5976801280
0ac30fcd9,256,65536,21474836480,100,bucket,-1,lz4,58560,2414,1615,5976801280,.0078,2048,4096,[136.6492,132.1636,134.9156,137.9670,134.0482],[0.1473,0.1344,0.1451,0.1361,0.1406][0.3393,0.3695,0.3581,0.3553,0.3903][0.0307,0.0228,0.0245,0.0267,0.0216][0.0806,0.0797,0.0807,0.0811,0.0820],[17079.8001,17229.5585,16671.7093,16957.9781,17304.5462],[0.1166,0.1171,0.1195,0.1188,0.1161][0.2987,0.2783,0.3172,0.2835,0.3004][0.0153,0.0196,0.0188,0.0057,0.0182][0.0760,0.0722,0.0738,0.0731,0.0755],5977063424,76516,1875,5977120768
0ac30fcd9,256,65536,21474836480,100,bucket,-1,lz4,61473,2656,2516,575455232,.0078,32,8192,[51.5191,52.2190,49.3051,49.2894,51.0585],[0.0095,0.0096,0.0109,0.0106,0.0103][0.0689,0.0832,0.0722,0.0777,0.0707][0.0049,0.0046,0.0054,0.0052,0.0049][0.0054,0.0057,0.0068,0.0063,0.0054],[6583.2472,6450.7509,6292.1770,6389.5514,6571.3092],[0.0048,0.0049,0.0050,0.0049,0.0048][0.0687,0.0815,0.0807,0.0774,0.0727][0.0009,0.0009,0.0009,0.0009,0.0009][0.0087,0.0088,0.0087,0.0087,0.0079],9224331264,87592,3053,9224429568
0ac30fcd9,256,65536,21474836480,100,bucket,-1,lz4,61473,2656,2516,9224429568,.0078,64,8192,[65.2341,63.6099,62.8610,63.9033,66.5027],[0.0111,0.0112,0.0120,0.0113,0.0111][0.0773,0.0834,0.0755,0.0840,0.0819][0.0054,0.0055,0.0057,0.0053,0.0054][0.0069,0.0080,0.0078,0.0087,0.0078],[8379.0783,8367.0756,7980.7289,8428.1682,8340.8636],[0.0075,0.0076,0.0079,0.0075,0.0076][0.0755,0.0882,0.0847,0.0890,0.0982][0.0010,0.0010,0.0010,0.0010,0.0010][0.0115,0.0120,0.0117,0.0122,0.0119],9316737024,84783,4088,9316950016
0ac30fcd9,256,65536,21474836480,100,bucket,-1,lz4,61473,2656,2516,9316950016,.0078,128,8192,[70.8559,73.1414,75.6383,73.7917,74.2571],[0.0152,0.0155,0.0150,0.0151,0.0152][0.0987,0.1194,0.1082,0.0936,0.1146][0.0067,0.0062,0.0063,0.0068,0.0060][0.0137,0.0148,0.0144,0.0135,0.0154],[9556.1597,9444.1558,9863.5838,9584.6214,9721.9751],[0.0133,0.0134,0.0128,0.0132,0.0130][0.0983,0.1177,0.1105,0.1122,0.1137][0.0013,0.0012,0.0012,0.0012,0.0012][0.0180,0.0188,0.0183,0.0182,0.0188],9226321920,85824,4120,9226477568
0ac30fcd9,256,65536,21474836480,100,bucket,-1,lz4,61473,2656,2516,9226477568,.0078,256,8192,[87.8052,84.1881,86.5767,83.9973,83.9293],[0.0240,0.0257,0.0254,0.0260,0.0275][0.1400,0.1437,0.1559,0.1387,0.1469][0.0076,0.0074,0.0072,0.0080,0.0077][0.0228,0.0248,0.0251,0.0255,0.0277],[11054.6664,10585.6692,10654.6658,10501.3820,10064.4149],[0.0229,0.0239,0.0238,0.0241,0.0251][0.1302,0.1461,0.1551,0.1399,0.1386][0.0016,0.0020,0.0022,0.0017,0.0017][0.0271,0.0272,0.0280,0.0282,0.0293],9338544128,87039,4192,9338667008
0ac30fcd9,256,65536,21474836480,100,bucket,-1,lz4,61473,2656,2516,9338667008,.0078,512,8192,[89.8102,85.5724,86.7281,87.6179,86.9505],[0.0478,0.0500,0.0475,0.0488,0.0520][0.1649,0.1720,0.1823,0.1674,0.1640][0.0118,0.0124,0.0103,0.0108,0.0119][0.0381,0.0369,0.0376,0.0385,0.0412],[11475.6324,11158.4838,11530.6474,11372.6267,11315.7621],[0.0439,0.0454,0.0438,0.0446,0.0447][0.1521,0.1657,0.1661,0.1605,0.1586][0.0040,0.0053,0.0045,0.0053,0.0053][0.0392,0.0377,0.0403,0.0400,0.0395],9342377984,87443,4054,9342476288
0ac30fcd9,256,65536,21474836480,100,bucket,-1,lz4,61473,2656,2516,9342476288,.0078,1024,8192,[98.2100,100.7552,98.5723,92.8862,96.4442],[0.0870,0.0871,0.0863,0.0935,0.0904][0.2376,0.2230,0.2453,0.2477,0.2615][0.0164,0.0206,0.0196,0.0228,0.0130][0.0585,0.0589,0.0617,0.0612,0.0653],[13280.1270,13120.1718,12955.5461,12842.3305,12403.0863],[0.0760,0.0770,0.0781,0.0788,0.0815][0.2289,0.2096,0.2360,0.2092,0.2431][0.0108,0.0079,0.0115,0.0097,0.0100][0.0570,0.0572,0.0597,0.0581,0.0632],9341517824,87154,4123,9341632512
0ac30fcd9,256,65536,21474836480,100,bucket,-1,lz4,61473,2656,2516,9341632512,.0078,2048,8192,[116.5733,112.6320,111.1198,112.3412,104.4208],[0.1627,0.1593,0.1618,0.1656,0.1716][0.3697,0.3836,0.3853,0.3899,0.4005][0.0354,0.0345,0.0319,0.0389,0.0354][0.0813,0.0814,0.0823,0.0831,0.0843],[14626.7266,14287.2172,14487.1360,14149.9064,14060.5015],[0.1379,0.1402,0.1393,0.1421,0.1436][0.3265,0.3142,0.3081,0.3358,0.3767][0.0208,0.0174,0.0196,0.0029,0.0170][0.0737,0.0766,0.0752,0.0786,0.0812],9340739584,88235,4932,9340903424
0ac30fcd9,256,65536,21474836480,100,bucket,-1,lz4,68192,3131,4107,1139138560,.0078,32,16384,[38.5937,38.3599,41.2822,43.4787,42.5919],[0.0127,0.0130,0.0128,0.0125,0.0130][0.1072,0.1048,0.0808,0.0893,0.0910][0.0065,0.0070,0.0073,0.0067,0.0070][0.0090,0.0094,0.0072,0.0066,0.0065],[4922.0260,4851.3627,5217.5918,5334.2140,5348.7804],[0.0064,0.0065,0.0060,0.0059,0.0059][0.1193,0.1518,0.0946,0.1483,0.0959][0.0010,0.0010,0.0010,0.0009,0.0010][0.0136,0.0139,0.0115,0.0108,0.0105],18217033728,150924,5926,18217172992
0ac30fcd9,256,65536,21474836480,100,bucket,-1,lz4,68192,3131,4107,18217172992,.0078,64,16384,[46.8573,49.3978,47.2238,48.2922,46.9873],[0.0150,0.0147,0.0155,0.0150,0.0146][0.1252,0.1208,0.1412,0.1411,0.1213][0.0076,0.0078,0.0074,0.0077,0.0083][0.0131,0.0122,0.0151,0.0125,0.0112],[6234.2751,6168.0497,5980.0399,6049.1987,6197.1554],[0.0101,0.0103,0.0106,0.0105,0.0102][0.1819,0.1203,0.1301,0.1362,0.1382][0.0011,0.0011,0.0010,0.0011,0.0010][0.0189,0.0186,0.0201,0.0192,0.0190],18321563648,150741,5661,18321620992
0ac30fcd9,256,65536,21474836480,100,bucket,-1,lz4,68192,3131,4107,18321620992,.0078,128,16384,[53.5100,52.7861,54.0516,52.7564,55.2719],[0.0227,0.0225,0.0235,0.0209,0.0227][0.1973,0.1887,0.2189,0.2134,0.2598][0.0092,0.0089,0.0091,0.0088,0.0086][0.0267,0.0266,0.0271,0.0240,0.0268],[6873.2667,6824.8068,6809.5746,6807.5641,6985.6850],[0.0184,0.0186,0.0186,0.0186,0.0181][0.1887,0.1809,0.2047,0.2123,0.2519][0.0015,0.0016,0.0015,0.0015,0.0016][0.0305,0.0313,0.0303,0.0327,0.0305],18218778624,157152,8560,18218967040
0ac30fcd9,256,65536,21474836480,100,bucket,-1,lz4,68192,3131,4107,18218967040,.0078,256,16384,[57.4772,56.8842,59.9230,53.3270,53.8916],[0.0364,0.0369,0.0403,0.0383,0.0379][0.2125,0.2043,0.2108,0.2473,0.2968][0.0112,0.0108,0.0114,0.0117,0.0113][0.0402,0.0395,0.0417,0.0419,0.0425],[7450.8717,7467.3233,7256.6071,7231.7206,7283.1976],[0.0340,0.0340,0.0349,0.0351,0.0348][0.2091,0.1931,0.2022,0.2364,0.2996][0.0027,0.0030,0.0024,0.0026,0.0026][0.0451,0.0442,0.0442,0.0467,0.0471],18221088768,159752,10539,18221293568
0ac30fcd9,256,65536,21474836480,100,bucket,-1,lz4,68192,3131,4107,18221293568,.0078,512,16384,[63.0330,60.9916,60.3431,62.5991,60.0061],[0.0704,0.0666,0.0698,0.0710,0.0703][0.2467,0.2310,0.2745,0.2860,0.3205][0.0143,0.0146,0.0151,0.0146,0.0171][0.0611,0.0602,0.0652,0.0662,0.0645],[8085.6914,8065.6872,7496.4579,7561.9332,7608.2910],[0.0626,0.0626,0.0676,0.0670,0.0666][0.2349,0.2155,0.2702,0.2736,0.3760][0.0030,0.0075,0.0029,0.0050,0.0050][0.0620,0.0636,0.0693,0.0693,0.0691],18318508032,160426,5635,18318704640
0ac30fcd9,256,65536,21474836480,100,bucket,-1,lz4,68192,3131,4107,18318704640,.0078,1024,16384,[68.6877,73.5260,64.5101,65.2587,62.4430],[0.1196,0.1240,0.1342,0.1282,0.1297][0.3324,0.3360,0.3644,0.4539,0.3965][0.0301,0.0284,0.0290,0.0290,0.0267][0.0885,0.0897,0.1006,0.0993,0.1007],[9101.1782,8958.3691,8389.5797,8481.3400,8126.2973],[0.1111,0.1130,0.1207,0.1195,0.1237][0.3017,0.3275,0.3475,0.4355,0.3763][0.0019,0.0175,0.0028,0.0170,0.0019][0.0877,0.0885,0.0983,0.0974,0.1021],18321055744,163608,5590,18321326080
0ac30fcd9,256,65536,21474836480,100,bucket,-1,lz4,68192,3131,4107,18321326080,.0078,2048,16384,[70.8057,69.0054,68.2249,71.0551,70.9972],[0.2612,0.2512,0.2646,0.2589,0.2661][0.7188,0.5733,0.5753,0.5580,0.7162][0.0530,0.0512,0.0417,0.0482,0.0555][0.1231,0.1276,0.1321,0.1213,0.1211],[9348.9604,8868.0246,8682.8681,9013.7667,8841.2441],[0.2161,0.2268,0.2330,0.2244,0.2282][0.6535,0.5009,0.5125,0.4968,0.5159][0.0021,0.0143,0.0319,0.0029,0.0247][0.1179,0.1224,0.1260,0.1167,0.1165],18218475520,166120,5958,18218754048
0ac30fcd9,256,65536,21474836480,100,bucket_keys,-1,lz4,35789,1551,392,41918464,.0078,32,256,[95.6884,96.9630,96.3069,94.0591,100.6736],[0.0053,0.0053,0.0056,0.0059,0.0053][0.0204,0.0175,0.0235,0.0216,0.0212][0.0027,0.0025,0.0026,0.0025,0.0026][0.0018,0.0017,0.0019,0.0020,0.0018],[12611.9074,12438.6029,12195.5615,12105.5099,12683.2039],[0.0025,0.0025,0.0026,0.0026,0.0025][0.0230,0.0223,0.0233,0.0190,0.0213][0.0005,0.0005,0.0005,0.0005,0.0004][0.0021,0.0021,0.0022,0.0022,0.0020],433446912,16273,573,433446912
0ac30fcd9,256,65536,21474836480,100,bucket_keys,-1,lz4,35789,1551,392,433446912,.0078,64,256,[136.8135,128.7820,131.6072,130.8871,130.7357],[0.0057,0.0061,0.0059,0.0061,0.0060][0.0220,0.0255,0.0229,0.0243,0.0255][0.0029,0.0028,0.0029,0.0028,0.0025][0.0023,0.0028,0.0026,0.0027,0.0025],[16943.3312,16639.4512,17026.7423,16343.0961,16770.9998],[0.0037,0.0038,0.0037,0.0039,0.0038][0.0219,0.0255,0.0264,0.0244,0.0260][0.0005,0.0005,0.0005,0.0005,0.0005][0.0028,0.0031,0.0029,0.0030,0.0030],455761920,16752,567,455761920
0ac30fcd9,256,65536,21474836480,100,bucket_keys,-1,lz4,35789,1551,392,455761920,.0078,128,256,[166.0498,166.6126,156.6224,161.7889,160.8063],[0.0073,0.0075,0.0079,0.0076,0.0079][0.0302,0.0305,0.0332,0.0334,0.0312][0.0029,0.0029,0.0032,0.0028,0.0027][0.0036,0.0037,0.0040,0.0038,0.0041],[20865.2549,20530.1447,20052.3899,20473.7175,19889.0777],[0.0061,0.0062,0.0063,0.0062,0.0064][0.0287,0.0311,0.0304,0.0298,0.0305][0.0007,0.0007,0.0007,0.0006,0.0006][0.0039,0.0040,0.0042,0.0041,0.0042],450396160,16495,522,450396160
0ac30fcd9,256,65536,21474836480,100,bucket_keys,-1,lz4,35789,1551,392,450396160,.0078,256,256,[185.8918,187.5084,186.8250,195.0913,191.8696],[0.0117,0.0123,0.0116,0.0124,0.0119][0.0413,0.0372,0.0433,0.0402,0.0390][0.0034,0.0039,0.0039,0.0036,0.0039][0.0058,0.0060,0.0058,0.0063,0.0061],[23478.1317,23190.9140,24411.0542,23697.7611,24156.0559],[0.0108,0.0109,0.0104,0.0107,0.0104][0.0374,0.0363,0.0388,0.0367,0.0385][0.0015,0.0007,0.0013,0.0011,0.0013][0.0056,0.0055,0.0055,0.0055,0.0054],434659328,15873,1452,434667520
0ac30fcd9,256,65536,21474836480,100,bucket_keys,-1,lz4,35789,1551,392,434667520,.0078,512,256,[219.7517,204.0077,211.2101,214.9281,212.2161],[0.0226,0.0235,0.0223,0.0225,0.0226][0.0583,0.0597,0.0576,0.0546,0.0588][0.0055,0.0060,0.0050,0.0051,0.0054][0.0097,0.0098,0.0095,0.0094,0.0092],[27541.1348,26957.4734,27358.3047,27074.9495,27166.7484],[0.0183,0.0187,0.0184,0.0186,0.0186][0.0503,0.0565,0.0490,0.0509,0.0532][0.0029,0.0028,0.0029,0.0025,0.0028][0.0078,0.0082,0.0077,0.0080,0.0077],431751168,15780,527,431751168
0ac30fcd9,256,65536,21474836480,100,bucket_keys,-1,lz4,35789,1551,392,431751168,.0078,1024,256,[244.6157,257.5900,245.3323,253.4987,260.3049],[0.0387,0.0403,0.0386,0.0398,0.0392][0.0756,0.0856,0.0815,0.0807,0.0783][0.0089,0.0114,0.0099,0.0129,0.0136][0.0130,0.0136,0.0130,0.0134,0.0130],[32901.7178,32422.1490,31753.1462,32617.2440,32660.9112],[0.0305,0.0310,0.0317,0.0308,0.0308][0.0678,0.0711,0.0639,0.0716,0.0686][0.0029,0.0067,0.0065,0.0032,0.0062][0.0110,0.0109,0.0104,0.0110,0.0107],432775168,15826,556,432775168
0ac30fcd9,256,65536,21474836480,100,bucket_keys,-1,lz4,35789,1551,392,432775168,.0078,2048,256,[309.1636,309.5982,296.6429,314.5679,297.7491],[0.0652,0.0656,0.0668,0.0671,0.0653][0.1187,0.1188,0.1115,0.1136,0.1138][0.0237,0.0240,0.0225,0.0169,0.0215][0.0185,0.0193,0.0194,0.0202,0.0197],[39737.4273,39641.7668,39258.0267,39354.5713,38903.5759],[0.0503,0.0505,0.0509,0.0505,0.0514][0.0939,0.0933,0.1038,0.0956,0.0987][0.0063,0.0080,0.0085,0.0023,0.0087][0.0150,0.0153,0.0156,0.0164,0.0159],432234496,15263,576,432234496
0ac30fcd9,256,65536,21474836480,100,bucket_keys,-1,lz4,36950,1427,445,63340544,.0078,32,512,[90.3167,94.9057,88.0332,91.4510,96.9764],[0.0057,0.0058,0.0059,0.0060,0.0056][0.0239,0.0246,0.0236,0.0259,0.0252][0.0026,0.0027,0.0028,0.0027,0.0028][0.0020,0.0023,0.0021,0.0022,0.0021],[11927.8630,11694.6052,11792.2765,11426.2800,11831.2217],[0.0026,0.0027,0.0027,0.0028,0.0027][0.0236,0.0264,0.0246,0.0261,0.0249][0.0005,0.0005,0.0005,0.0005,0.0005][0.0024,0.0024,0.0024,0.0025,0.0023],736837632,6349,1300,736837632
0ac30fcd9,256,65536,21474836480,100,bucket_keys,-1,lz4,36950,1427,445,736837632,.0078,64,512,[118.4405,125.0202,127.5051,126.4618,129.3460],[0.0065,0.0061,0.0063,0.0061,0.0061][0.0253,0.0293,0.0293,0.0289,0.0275][0.0030,0.0028,0.0029,0.0026,0.0027][0.0026,0.0027,0.0030,0.0025,0.0028],[15558.4815,16027.0708,15760.8197,16014.0087,16161.0093],[0.0041,0.0039,0.0040,0.0039,0.0039][0.0252,0.0287,0.0296,0.0282,0.0274][0.0005,0.0005,0.0005,0.0005,0.0005][0.0033,0.0033,0.0033,0.0032,0.0033],1141686272,4498,2172,1141686272
0ac30fcd9,256,65536,21474836480,100,bucket_keys,-1,lz4,36950,1427,445,1141686272,.0078,128,512,[152.3396,150.9421,143.4871,156.0980,146.9915],[0.0081,0.0081,0.0081,0.0076,0.0078][0.0364,0.0429,0.0364,0.0367,0.0351][0.0031,0.0028,0.0032,0.0033,0.0032][0.0045,0.0048,0.0044,0.0041,0.0043],[19094.2682,19150.6473,19141.6643,19728.8836,19716.3237],[0.0066,0.0066,0.0066,0.0064,0.0064][0.0351,0.0385,0.0347,0.0358,0.0337][0.0007,0.0007,0.0007,0.0008,0.0007][0.0048,0.0050,0.0049,0.0046,0.0048],1628413952,1141,3336,1628413952
0ac30fcd9,256,65536,21474836480,100,bucket_keys,-1,lz4,36950,1427,445,1628413952,.0078,256,512,[174.2502,172.7206,164.8126,174.6758,179.1287],[0.0123,0.0131,0.0130,0.0131,0.0135][0.0517,0.0454,0.0483,0.0509,0.0469][0.0035,0.0039,0.0038,0.0035,0.0040][0.0070,0.0074,0.0069,0.0074,0.0074],[22903.7631,22113.5038,21605.6633,22118.7620,22155.3271],[0.0111,0.0114,0.0117,0.0114,0.0114][0.0468,0.0440,0.0497,0.0444,0.0418][0.0009,0.0015,0.0015,0.0016,0.0016][0.0067,0.0068,0.0068,0.0065,0.0066],2267914240,40436,2647,2268004352
0ac30fcd9,256,65536,21474836480,100,bucket_keys,-1,lz4,36950,1427,445,2268004352,.0078,512,512,[189.9416,199.0832,203.6559,198.9145,195.1431],[0.0233,0.0239,0.0229,0.0236,0.0243][0.0601,0.0624,0.0620,0.0642,0.0694][0.0068,0.0059,0.0056,0.0065,0.0052][0.0103,0.0108,0.0109,0.0101,0.0103],[25826.8571,25619.2882,26242.0656,26005.8105,25344.1623],[0.0195,0.0197,0.0192,0.0194,0.0199][0.0552,0.0560,0.0612,0.0549,0.0543][0.0025,0.0032,0.0028,0.0023,0.0032][0.0092,0.0090,0.0090,0.0087,0.0087],1145503744,25484,1685,1145561088
0ac30fcd9,256,65536,21474836480,100,bucket_keys,-1,lz4,36950,1427,445,1145561088,.0078,1024,512,[244.9842,236.2768,238.6166,230.8275,238.5125],[0.0409,0.0421,0.0411,0.0420,0.0423][0.0868,0.0881,0.0858,0.0823,0.0911][0.0118,0.0085,0.0111,0.0125,0.0098][0.0141,0.0158,0.0148,0.0153,0.0154],[31015.2198,29951.6812,30642.3810,30213.9234,30469.7854],[0.0324,0.0336,0.0328,0.0333,0.0330][0.0709,0.0747,0.0763,0.0703,0.0795][0.0061,0.0043,0.0047,0.0050,0.0051][0.0121,0.0129,0.0128,0.0128,0.0126],755982336,16670,573,756064256
0ac30fcd9,256,65536,21474836480,100,bucket_keys,-1,lz4,36950,1427,445,756064256,.0078,2048,512,[278.2789,297.9257,297.6565,288.3620,297.9256],[0.0677,0.0688,0.0684,0.0690,0.0700][0.1192,0.1310,0.1321,0.1216,0.1264][0.0245,0.0224,0.0212,0.0129,0.0206][0.0221,0.0217,0.0220,0.0225,0.0210],[37661.2030,37130.9457,37404.7170,37232.7879,37202.6795],[0.0531,0.0539,0.0534,0.0538,0.0538][0.1024,0.1012,0.1143,0.1084,0.1039][0.0109,0.0095,0.0100,0.0039,0.0120][0.0173,0.0168,0.0172,0.0170,0.0168],742719488,16310,1565,742727680
0ac30fcd9,256,65536,21474836480,100,bucket_keys,-1,lz4,40361,1527,504,93331456,.0078,32,1024,[87.5442,88.9990,88.4964,86.8321,84.4091],[0.0058,0.0058,0.0060,0.0058,0.0065][0.0286,0.0253,0.0270,0.0253,0.0289][0.0029,0.0029,0.0029,0.0029,0.0030][0.0022,0.0023,0.0025,0.0021,0.0027],[11274.4214,11234.0170,11113.5406,11241.5264,10730.3147],[0.0028,0.0028,0.0028,0.0028,0.0029][0.0284,0.0274,0.0276,0.0290,0.0268][0.0005,0.0005,0.0005,0.0005,0.0005][0.0027,0.0027,0.0028,0.0028,0.0030],1307525120,17403,879,1307525120
0ac30fcd9,256,65536,21474836480,100,bucket_keys,-1,lz4,40361,1527,504,1307525120,.0078,64,1024,[124.2142,116.5546,121.0257,121.1205,121.1131],[0.0062,0.0065,0.0065,0.0062,0.0062][0.0335,0.0292,0.0318,0.0301,0.0315][0.0028,0.0032,0.0028,0.0027,0.0028][0.0028,0.0030,0.0032,0.0026,0.0029],[15412.1959,15259.9099,15276.4664,15507.0650,15648.7343],[0.0041,0.0041,0.0041,0.0041,0.0040][0.0316,0.0292,0.0326,0.0319,0.0309][0.0005,0.0005,0.0005,0.0005,0.0005][0.0036,0.0036,0.0036,0.0036,0.0035],1322827776,17273,1695,1322876928
0ac30fcd9,256,65536,21474836480,100,bucket_keys,-1,lz4,40361,1527,504,1322876928,.0078,128,1024,[141.2916,141.0227,139.0505,146.3635,144.2461],[0.0083,0.0084,0.0081,0.0083,0.0084][0.0368,0.0433,0.0417,0.0421,0.0443][0.0031,0.0026,0.0033,0.0032,0.0032][0.0049,0.0052,0.0047,0.0051,0.0049],[18461.3439,18426.6881,18253.1758,18217.8157,18431.8571],[0.0069,0.0069,0.0069,0.0069,0.0069][0.0384,0.0399,0.0395,0.0413,0.0424][0.0007,0.0008,0.0008,0.0008,0.0007][0.0056,0.0057,0.0057,0.0057,0.0053],1307541504,17250,732,1307607040
0ac30fcd9,256,65536,21474836480,100,bucket_keys,-1,lz4,40361,1527,504,1307607040,.0078,256,1024,[170.6195,173.1107,165.6758,167.1123,164.2075],[0.0132,0.0133,0.0131,0.0135,0.0128][0.0481,0.0489,0.0475,0.0450,0.0451][0.0041,0.0037,0.0045,0.0039,0.0040][0.0077,0.0080,0.0073,0.0078,0.0072],[21549.4116,21343.4561,21647.4891,21270.5118,21772.9386],[0.0117,0.0118,0.0117,0.0119,0.0116][0.0473,0.0477,0.0432,0.0418,0.0452][0.0013,0.0014,0.0011,0.0016,0.0014][0.0071,0.0071,0.0071,0.0070,0.0068],1319895040,17028,807,1319895040
0ac30fcd9,256,65536,21474836480,100,bucket_keys,-1,lz4,40361,1527,504,1319895040,.0078,512,1024,[188.4262,183.6683,193.8070,197.1264,185.2642],[0.0246,0.0254,0.0247,0.0254,0.0248][0.0613,0.0613,0.0636,0.0690,0.0665][0.0058,0.0069,0.0065,0.0070,0.0062][0.0115,0.0107,0.0114,0.0109,0.0114],[24899.0109,24141.2847,23999.3916,24062.3404,24285.0289],[0.0202,0.0209,0.0210,0.0209,0.0208][0.0612,0.0516,0.0612,0.0607,0.0563][0.0019,0.0033,0.0032,0.0033,0.0032][0.0097,0.0093,0.0097,0.0095,0.0098],1350483968,17795,774,1350483968
0ac30fcd9,256,65536,21474836480,100,bucket_keys,-1,lz4,40361,1527,504,1350483968,.0078,1024,1024,[227.9170,227.8492,224.9193,225.7880,226.7221],[0.0421,0.0431,0.0433,0.0442,0.0428][0.0848,0.0860,0.0887,0.0931,0.0918][0.0080,0.0122,0.0151,0.0123,0.0078][0.0155,0.0159,0.0162,0.0164,0.0158],[29347.0701,28845.6684,28827.6228,28806.4426,28877.4124],[0.0343,0.0348,0.0349,0.0348,0.0348][0.0773,0.0763,0.0750,0.0784,0.0772][0.0068,0.0075,0.0068,0.0075,0.0017][0.0132,0.0135,0.0145,0.0136,0.0136],1331159040,17450,785,1331159040
0ac30fcd9,256,65536,21474836480,100,bucket_keys,-1,lz4,40361,1527,504,1331159040,.0078,2048,1024,[289.4010,277.6752,286.9492,271.7506,275.9606],[0.0723,0.0719,0.0721,0.0704,0.0720][0.1316,0.1368,0.1395,0.1291,0.1300][0.0254,0.0199,0.0269,0.0202,0.0261][0.0222,0.0235,0.0216,0.0211,0.0223],[36223.7842,35714.7878,35696.5220,36181.6386,35194.3963],[0.0552,0.0560,0.0560,0.0553,0.0569][0.1145,0.1103,0.1175,0.1115,0.1109][0.0105,0.0153,0.0154,0.0130,0.0113][0.0182,0.0177,0.0182,0.0178,0.0190],1332502528,17405,861,1332502528
0ac30fcd9,256,65536,21474836480,100,bucket_keys,-1,lz4,47755,1713,1071,190308352,.0078,32,2048,[77.7610,73.8433,70.7976,73.5327,77.4662],[0.0068,0.0068,0.0070,0.0068,0.0067][0.0430,0.0406,0.0396,0.0379,0.0417][0.0032,0.0036,0.0035,0.0037,0.0035][0.0033,0.0031,0.0034,0.0029,0.0032],[9440.0868,9485.1511,9509.3677,9640.1519,9587.6503],[0.0033,0.0033,0.0033,0.0033,0.0033][0.0421,0.0400,0.0419,0.0385,0.0423][0.0005,0.0005,0.0005,0.0005,0.0005][0.0044,0.0044,0.0045,0.0043,0.0044],3065765888,24197,3613,3065872384
0ac30fcd9,256,65536,21474836480,100,bucket_keys,-1,lz4,47755,1713,1071,3065872384,.0078,64,2048,[99.5708,102.8441,101.6477,103.4428,97.5345],[0.0075,0.0074,0.0076,0.0076,0.0077][0.0600,0.0432,0.0437,0.0455,0.0441][0.0036,0.0033,0.0038,0.0037,0.0038][0.0049,0.0040,0.0043,0.0044,0.0045],[12798.1254,12841.6156,12612.1470,12604.4319,12985.3670],[0.0049,0.0049,0.0050,0.0050,0.0049][0.0597,0.0431,0.0436,0.0443,0.0525][0.0005,0.0006,0.0005,0.0005,0.0005][0.0061,0.0054,0.0055,0.0055,0.0056],3363373056,24844,3437,3363414016
0ac30fcd9,256,65536,21474836480,100,bucket_keys,-1,lz4,47755,1713,1071,3363414016,.0078,128,2048,[117.7003,114.8618,112.7996,116.4941,119.7573],[0.0098,0.0101,0.0105,0.0099,0.0102][0.0538,0.0641,0.0609,0.0576,0.0588][0.0041,0.0040,0.0044,0.0038,0.0041][0.0070,0.0076,0.0083,0.0069,0.0072],[14971.6790,14968.3779,14967.3133,14856.5857,14915.2655],[0.0085,0.0085,0.0085,0.0085,0.0085][0.0535,0.0640,0.0601,0.0585,0.0586][0.0008,0.0009,0.0010,0.0009,0.0008][0.0087,0.0090,0.0089,0.0088,0.0086],3349553152,24126,2834,3349610496
0ac30fcd9,256,65536,21474836480,100,bucket_keys,-1,lz4,47755,1713,1071,3349610496,.0078,256,2048,[131.2946,128.0173,129.8546,129.9032,130.6911],[0.0161,0.0162,0.0166,0.0164,0.0165][0.0802,0.0696,0.0773,0.0754,0.0765][0.0047,0.0052,0.0050,0.0051,0.0051][0.0129,0.0120,0.0129,0.0128,0.0128],[16886.0417,16443.3837,16788.5298,16939.2511,16919.0349],[0.0150,0.0154,0.0151,0.0149,0.0150][0.0737,0.0694,0.0749,0.0720,0.0723][0.0014,0.0018,0.0019,0.0016,0.0014][0.0134,0.0132,0.0131,0.0132,0.0132],3465936896,25388,3998,3466018816
0ac30fcd9,256,65536,21474836480,100,bucket_keys,-1,lz4,47755,1713,1071,3466018816,.0078,512,2048,[157.3821,150.6189,154.0344,148.9494,148.6490],[0.0311,0.0309,0.0302,0.0304,0.0305][0.0913,0.1615,0.1009,0.1002,0.0978][0.0077,0.0063,0.0066,0.0076,0.0071][0.0189,0.0198,0.0200,0.0201,0.0202],[19021.7961,18686.5002,19147.2601,19307.1150,18968.3222],[0.0266,0.0271,0.0264,0.0261,0.0267][0.0844,0.1660,0.0901,0.0848,0.0889][0.0038,0.0028,0.0035,0.0036,0.0030][0.0184,0.0197,0.0188,0.0188,0.0196],3507240960,24848,3202,3507314688
0ac30fcd9,256,65536,21474836480,100,bucket_keys,-1,lz4,47755,1713,1071,3507314688,.0078,1024,2048,[179.5743,177.2472,169.4135,182.8093,185.3793],[0.0503,0.0523,0.0554,0.0509,0.0527][0.1268,0.1222,0.1312,0.1167,0.1194][0.0100,0.0113,0.0139,0.0123,0.0110][0.0265,0.0264,0.0297,0.0265,0.0266],[23196.4484,23372.4233,23080.8131,23189.4636,23012.0029],[0.0434,0.0430,0.0436,0.0434,0.0437][0.1137,0.1088,0.1154,0.1057,0.1020][0.0058,0.0081,0.0079,0.0073,0.0077][0.0252,0.0247,0.0267,0.0249,0.0246],3572178944,25979,2312,3572178944
0ac30fcd9,256,65536,21474836480,100,bucket_keys,-1,lz4,47755,1713,1071,3572178944,.0078,2048,2048,[210.2591,204.1295,208.9542,191.8924,202.7358],[0.0951,0.0981,0.0966,0.0947,0.0994][0.2090,0.1896,0.1924,0.1891,0.2584][0.0276,0.0334,0.0261,0.0239,0.0239][0.0409,0.0397,0.0411,0.0399,0.0438],[26476.3183,26207.6942,26110.3497,26446.3738,25727.3981],[0.0749,0.0766,0.0761,0.0755,0.0777][0.1767,0.1737,0.1716,0.1666,0.2452][0.0132,0.0161,0.0030,0.0133,0.0150][0.0356,0.0343,0.0364,0.0350,0.0386],3339198464,24942,2767,3339288576
0ac30fcd9,256,65536,21474836480,100,bucket_keys,-1,lz4,59371,1881,1599,371449856,.0078,32,4096,[59.6922,56.5386,58.3626,59.5595,58.6922],[0.0089,0.0086,0.0094,0.0084,0.0084][0.0587,0.0672,0.0604,0.0561,0.0575][0.0045,0.0044,0.0047,0.0043,0.0040][0.0054,0.0057,0.0057,0.0052,0.0050],[7836.0959,7532.5331,7164.7175,7660.3912,7633.5888],[0.0040,0.0042,0.0044,0.0041,0.0041][0.0597,0.0708,0.0594,0.0586,0.0623][0.0009,0.0009,0.0009,0.0009,0.0009][0.0061,0.0074,0.0071,0.0070,0.0071],5978439680,28460,3796,5978505216
0ac30fcd9,256,65536,21474836480,100,bucket_keys,-1,lz4,59371,1881,1599,5978505216,.0078,64,4096,[69.8715,72.7095,73.9280,74.4434,69.5660],[0.0105,0.0109,0.0095,0.0100,0.0106][0.0743,0.0680,0.0753,0.0745,0.0703][0.0046,0.0047,0.0045,0.0045,0.0047][0.0079,0.0088,0.0074,0.0085,0.0080],[9359.4291,9078.7885,9627.8757,9543.5554,9162.6377],[0.0068,0.0069,0.0066,0.0066,0.0069][0.0746,0.0677,0.0710,0.0691,0.0696][0.0010,0.0010,0.0010,0.0010,0.0009][0.0101,0.0102,0.0101,0.0104,0.0102],6327934976,29228,5043,6328008704
0ac30fcd9,256,65536,21474836480,100,bucket_keys,-1,lz4,59371,1881,1599,6328008704,.0078,128,4096,[83.8267,88.7943,86.3723,86.9987,88.0228],[0.0127,0.0122,0.0131,0.0131,0.0121][0.1644,0.0864,0.0927,0.0872,0.0828][0.0053,0.0052,0.0050,0.0054,0.0050][0.0122,0.0109,0.0130,0.0119,0.0105],[11213.3427,11427.6961,11211.2413,10897.5619,11240.3365],[0.0113,0.0111,0.0113,0.0116,0.0113][0.1640,0.0860,0.0920,0.0874,0.0840][0.0011,0.0011,0.0012,0.0010,0.0011][0.0154,0.0146,0.0150,0.0150,0.0148],6883180544,30661,5268,6883213312
0ac30fcd9,256,65536,21474836480,100,bucket_keys,-1,lz4,59371,1881,1599,6883213312,.0078,256,4096,[97.7671,92.5204,98.5493,96.6887,97.3069],[0.0206,0.0208,0.0218,0.0207,0.0208][0.1102,0.1161,0.1151,0.1107,0.1369][0.0064,0.0060,0.0062,0.0070,0.0055][0.0188,0.0196,0.0207,0.0191,0.0201],[12665.1002,12520.5880,12503.1517,12600.0612,12714.2847],[0.0200,0.0202,0.0203,0.0201,0.0199][0.1021,0.1114,0.1144,0.1062,0.1260][0.0021,0.0021,0.0015,0.0020,0.0020][0.0216,0.0224,0.0222,0.0217,0.0227],6979878912,30565,5984,6979936256
0ac30fcd9,256,65536,21474836480,100,bucket_keys,-1,lz4,59371,1881,1599,6979936256,.0078,512,4096,[107.6422,103.7788,106.7039,111.6186,103.4005],[0.0427,0.0434,0.0425,0.0416,0.0424][0.1427,0.1451,0.1467,0.1414,0.1419][0.0067,0.0088,0.0079,0.0106,0.0086][0.0342,0.0340,0.0333,0.0325,0.0328],[13807.8319,13844.1319,13581.4175,13616.5576,13591.2113],[0.0366,0.0366,0.0372,0.0371,0.0372][0.1343,0.1362,0.1352,0.1319,0.1348][0.0036,0.0043,0.0041,0.0040,0.0042][0.0328,0.0323,0.0327,0.0324,0.0316],7256825856,31970,5797,7256907776
0ac30fcd9,256,65536,21474836480,100,bucket_keys,-1,lz4,59371,1881,1599,7256907776,.0078,1024,4096,[140.4257,132.8754,137.2379,136.1935,137.9065],[0.0670,0.0654,0.0656,0.0661,0.0656][0.1779,0.1650,0.1585,0.1706,0.1634][0.0190,0.0167,0.0170,0.0173,0.0184][0.0387,0.0373,0.0372,0.0382,0.0362],[17802.8650,17510.9742,17533.4933,17299.9213,17474.7713],[0.0567,0.0577,0.0572,0.0583,0.0577][0.1472,0.1553,0.1472,0.2446,0.1450][0.0083,0.0094,0.0090,0.0082,0.0041][0.0363,0.0361,0.0365,0.0379,0.0356],7305543680,32378,5046,7305658368
0ac30fcd9,256,65536,21474836480,100,bucket_keys,-1,lz4,59371,1881,1599,7305658368,.0078,2048,4096,[152.1834,155.3707,159.5491,155.5124,157.4012],[0.1190,0.1230,0.1203,0.1243,0.1214][0.2728,0.2413,0.2747,0.2531,0.2424][0.0348,0.0302,0.0290,0.0353,0.0271][0.0553,0.0560,0.0564,0.0557,0.0544],[20560.6779,20889.6392,20341.1538,20394.5556,20464.8380],[0.0975,0.0964,0.0986,0.0974,0.0982][0.2244,0.2078,0.2159,0.2237,0.2088][0.0154,0.0160,0.0137,0.0115,0.0202][0.0516,0.0507,0.0511,0.0520,0.0498],6695518208,28433,7310,6695591936
0ac30fcd9,256,65536,21474836480,100,bucket_keys,-1,lz4,60727,2122,2500,575758336,.0078,32,8192,[50.0619,50.8849,53.3221,50.5803,52.2518],[0.0102,0.0103,0.0100,0.0102,0.0102][0.0628,0.0595,0.0641,0.0619,0.0607][0.0052,0.0053,0.0051,0.0056,0.0058][0.0057,0.0052,0.0063,0.0050,0.0047],[6710.4808,6544.6702,6683.5096,6653.2311,6707.3541],[0.0047,0.0048,0.0047,0.0047,0.0047][0.0652,0.0633,0.0631,0.0653,0.0702][0.0009,0.0009,0.0009,0.0009,0.0009][0.0079,0.0079,0.0079,0.0078,0.0074],9225289728,39660,7078,9225396224
0ac30fcd9,256,65536,21474836480,100,bucket_keys,-1,lz4,60727,2122,2500,9225396224,.0078,64,8192,[65.9770,63.5625,64.2955,66.9851,62.3448],[0.0113,0.0116,0.0120,0.0113,0.0115][0.0812,0.0888,0.0753,0.0768,0.0809][0.0057,0.0054,0.0061,0.0055,0.0052][0.0078,0.0080,0.0070,0.0080,0.0077],[8296.0398,8234.3637,7977.5621,8395.9795,8097.9117],[0.0076,0.0077,0.0079,0.0075,0.0078][0.1485,0.0915,0.0784,0.0782,0.1188][0.0010,0.0010,0.0010,0.0010,0.0010][0.0115,0.0115,0.0108,0.0113,0.0120],10413408256,42355,8141,10413432832
0ac30fcd9,256,65536,21474836480,100,bucket_keys,-1,lz4,60727,2122,2500,10413432832,.0078,128,8192,[72.6248,69.8624,70.6934,76.1413,69.1965],[0.0169,0.0157,0.0165,0.0162,0.0155][0.1361,0.1083,0.1088,0.1127,0.1166][0.0069,0.0063,0.0070,0.0065,0.0066][0.0156,0.0144,0.0152,0.0165,0.0147],[9120.3332,9269.8604,9255.4539,9679.1017,9377.3234],[0.0139,0.0137,0.0137,0.0131,0.0135][0.1357,0.1113,0.1085,0.1266,0.1181][0.0013,0.0012,0.0012,0.0012,0.0013][0.0182,0.0187,0.0186,0.0182,0.0194],10653671424,42317,7746,10653736960
0ac30fcd9,256,65536,21474836480,100,bucket_keys,-1,lz4,60727,2122,2500,10653736960,.0078,256,8192,[80.7414,81.5947,78.9327,83.5234,82.3591],[0.0268,0.0275,0.0263,0.0254,0.0271][0.1775,0.1334,0.1544,0.1618,0.1328][0.0076,0.0071,0.0074,0.0076,0.0084][0.0256,0.0255,0.0248,0.0253,0.0260],[10425.2749,10338.9393,10389.3465,10298.3726,10469.4322],[0.0243,0.0245,0.0244,0.0246,0.0242][0.1756,0.1334,0.1411,0.1577,0.1294][0.0020,0.0016,0.0020,0.0021,0.0022][0.0275,0.0267,0.0278,0.0289,0.0282],10572742656,40242,11242,10572857344
0ac30fcd9,256,65536,21474836480,100,bucket_keys,-1,lz4,60727,2122,2500,10572857344,.0078,512,8192,[93.6379,85.1158,90.9169,89.2367,89.3633],[0.0487,0.0497,0.0519,0.0511,0.0515][0.1873,0.1568,0.1747,0.1784,0.1764][0.0128,0.0095,0.0097,0.0101,0.0115][0.0382,0.0364,0.0398,0.0383,0.0392],[11603.5349,11084.4859,11416.9348,11050.7998,11322.9918],[0.0436,0.0455,0.0443,0.0458,0.0447][0.1708,0.1553,0.1609,0.1617,0.1664][0.0052,0.0051,0.0052,0.0039,0.0053][0.0380,0.0373,0.0388,0.0395,0.0384],11572912128,44281,8543,11572977664
0ac30fcd9,256,65536,21474836480,100,bucket_keys,-1,lz4,60727,2122,2500,11572977664,.0078,1024,8192,[101.2575,102.5164,100.8095,99.8682,100.0343],[0.0872,0.0878,0.0900,0.0879,0.0893][0.2490,0.2077,0.2362,0.2435,0.2409][0.0203,0.0173,0.0173,0.0186,0.0198][0.0570,0.0559,0.0580,0.0566,0.0573],[12903.2357,13089.8621,13092.5493,12885.6574,13280.9765],[0.0778,0.0772,0.0772,0.0784,0.0761][0.2309,0.1861,0.2082,0.1945,0.1992][0.0127,0.0073,0.0035,0.0110,0.0093][0.0559,0.0536,0.0544,0.0549,0.0538],11179089920,43975,9405,11179220992
0ac30fcd9,256,65536,21474836480,100,bucket_keys,-1,lz4,60727,2122,2500,11179220992,.0078,2048,8192,[113.8885,112.6353,113.0014,111.1309,113.4919],[0.1622,0.1621,0.1638,0.1666,0.1658][0.3857,0.4896,0.4203,0.3999,0.3877][0.0340,0.0321,0.0377,0.0353,0.0300][0.0792,0.0825,0.0785,0.0844,0.0801],[14779.4275,14380.1009,14606.6244,14150.9966,14565.0515],[0.1355,0.1401,0.1380,0.1426,0.1385][0.3191,0.3633,0.2996,0.3144,0.3751][0.0026,0.0229,0.0032,0.0028,0.0203][0.0720,0.0746,0.0731,0.0785,0.0734],10811154432,40722,10847,10811252736
0ac30fcd9,256,65536,21474836480,100,bucket_keys,-1,lz4,67485,2686,4076,1139163136,.0078,32,16384,[36.5962,37.3478,39.6254,40.5057,39.1503],[0.0137,0.0134,0.0130,0.0133,0.0131][0.1256,0.1128,0.0992,0.0945,0.1383][0.0068,0.0073,0.0072,0.0071,0.0075][0.0114,0.0101,0.0082,0.0071,0.0086],[4697.7099,4825.6513,5086.5507,5006.9318,5198.3344],[0.0067,0.0065,0.0062,0.0063,0.0061][0.1251,0.1770,0.0975,0.1150,0.1421][0.0010,0.0010,0.0010,0.0010,0.0010][0.0144,0.0140,0.0124,0.0118,0.0119],18219696128,76545,17184,18219786240
0ac30fcd9,256,65536,21474836480,100,bucket_keys,-1,lz4,67485,2686,4076,18219786240,.0078,64,16384,[49.4922,46.2587,47.6266,47.6480,47.5284],[0.0151,0.0147,0.0155,0.0149,0.0164][0.1161,0.1234,0.1205,0.1387,0.1185][0.0079,0.0072,0.0079,0.0081,0.0082][0.0128,0.0122,0.0132,0.0120,0.0133],[6156.4113,6121.5709,5954.4526,6144.3933,5991.6322],[0.0103,0.0103,0.0106,0.0103,0.0105][0.1261,0.1519,0.1348,0.1375,0.1285][0.0010,0.0010,0.0010,0.0010,0.0011][0.0190,0.0196,0.0191,0.0191,0.0179],20407746560,82820,15817,20407861248
0ac30fcd9,256,65536,21474836480,100,bucket_keys,-1,lz4,67485,2686,4076,20407861248,.0078,128,16384,[54.4561,53.5403,53.3353,51.7607,54.3819],[0.0239,0.0227,0.0220,0.0234,0.0216][0.1937,0.1924,0.1754,0.1700,0.2257][0.0090,0.0098,0.0087,0.0099,0.0099][0.0271,0.0258,0.0253,0.0260,0.0241],[6856.1301,6689.5115,6877.8101,6781.2684,6696.8989],[0.0185,0.0189,0.0184,0.0187,0.0189][0.1896,0.1880,0.1975,0.2135,0.2217][0.0014,0.0015,0.0015,0.0016,0.0012][0.0306,0.0306,0.0318,0.0311,0.0322],20573175808,85521,20226,20573208576
0ac30fcd9,256,65536,21474836480,100,bucket_keys,-1,lz4,67485,2686,4076,20573208576,.0078,256,16384,[55.8772,56.7618,58.4602,57.1227,53.6737],[0.0385,0.0369,0.0391,0.0384,0.0397][0.3121,0.2085,0.2695,0.2038,0.2697][0.0117,0.0117,0.0117,0.0118,0.0112][0.0403,0.0390,0.0426,0.0402,0.0460],[7214.9211,7300.4557,7040.4454,7275.5602,6693.5722],[0.0351,0.0347,0.0360,0.0348,0.0372][0.3036,0.2656,0.2586,0.1960,0.2631][0.0021,0.0022,0.0033,0.0033,0.0021][0.0436,0.0458,0.0467,0.0435,0.0512],21496373248,89642,21916,21496553472
0ac30fcd9,256,65536,21474836480,100,bucket_keys,-1,lz4,67485,2686,4076,21496553472,.0078,512,16384,[195.6331,205.1512,199.4201,193.1467,191.2745],[0.0392,0.0386,0.0390,0.0394,0.0388][0.0690,0.0693,0.0625,0.0670,0.0603][0.0118,0.0100,0.0140,0.0142,0.0153][0.0073,0.0072,0.0070,0.0071,0.0072],[0,0,0,0,0],[,,,,][,,,,][,,,,][,,,,],5176483840,518,14476,5176549376
0ac30fcd9,256,65536,21474836480,100,bucket_keys,-1,lz4,67485,2686,4076,5176549376,.0078,1024,16384,[191.5930,196.5783,196.5003,199.1289,198.6180],[0.0705,0.0705,0.0705,0.0716,0.0686][0.1138,0.1283,0.1324,0.1270,0.1191][0.0203,0.0217,0.0255,0.0232,0.0222][0.0147,0.0159,0.0152,0.0148,0.0153],[0,0,0,0,0],[,,,,][,,,,][,,,,][,,,,],5176483840,519,13372,5176483840
0ac30fcd9,256,65536,21474836480,100,bucket_keys,-1,lz4,67485,2686,4076,5176483840,.0078,2048,16384,[205.1645,199.4625,204.9934,208.5490,208.6232],[0.1314,0.1273,0.1237,0.1257,0.1299][0.2352,0.2414,0.2085,0.2237,0.2392][0.0483,0.0413,0.0450,0.0489,0.0401][0.0311,0.0321,0.0285,0.0293,0.0317],[0,0,0,0,0],[,,,,][,,,,][,,,,][,,,,],5176483840,515,13447,5176483840
0ac30fcd9,256,65536,21474836480,100,lbr_now_norm,-1,lz4,35929,644,600,120070144,.0078,32,256,[139.2166,135.6387,139.6787,139.6449,138.9337],[0.0015,0.0015,0.0015,0.0015,0.0015][0.0233,0.0219,0.0238,0.0214,0.0184][0.0008,0.0008,0.0008,0.0008,0.0007][0.0016,0.0016,0.0016,0.0014,0.0015],[17483.0354,17548.5735,17552.3626,17570.5101,17684.4433],[0.0018,0.0018,0.0018,0.0018,0.0018][0.0252,0.0229,0.0241,0.0245,0.0225][0.0005,0.0005,0.0005,0.0005,0.0005][0.0021,0.0021,0.0021,0.0021,0.0020],550248448,2690,777,550248448
0ac30fcd9,256,65536,21474836480,100,lbr_now_norm,-1,lz4,35929,644,600,550248448,.0078,64,256,[209.6966,220.2008,219.6615,218.0265,220.4046],[0.0018,0.0019,0.0017,0.0017,0.0017][0.0382,0.0306,0.0310,0.0322,0.0361][0.0008,0.0008,0.0008,0.0008,0.0007][0.0028,0.0030,0.0022,0.0024,0.0023],[27111.4818,27477.4746,27816.0210,27914.1563,27607.2776],[0.0023,0.0023,0.0023,0.0023,0.0023][0.0378,0.0344,0.0335,0.0329,0.0365][0.0006,0.0006,0.0005,0.0005,0.0006][0.0034,0.0034,0.0034,0.0034,0.0034],550223872,2585,763,550223872
0ac30fcd9,256,65536,21474836480,100,lbr_now_norm,-1,lz4,35929,644,600,550223872,.0078,128,256,[284.1115,291.2855,288.0935,290.4032,265.4638],[0.0028,0.0027,0.0025,0.0025,0.0023][0.0435,0.0464,0.0461,0.0460,0.0456][0.0009,0.0009,0.0007,0.0008,0.0008][0.0049,0.0045,0.0040,0.0037,0.0028],[35427.7196,35911.6926,36153.1994,36397.5837,36072.2948],[0.0036,0.0035,0.0035,0.0035,0.0035][0.0459,0.0478,0.0477,0.0492,0.0476][0.0006,0.0007,0.0007,0.0008,0.0008][0.0057,0.0058,0.0058,0.0057,0.0059],550232064,2582,761,550232064
0ac30fcd9,256,65536,21474836480,100,lbr_now_norm,-1,lz4,35929,644,600,550232064,.0078,256,256,[312.4848,347.7333,348.2170,343.7207,333.3437],[0.0045,0.0046,0.0044,0.0045,0.0045][0.0548,0.0568,0.0540,0.0543,0.0577][0.0009,0.0010,0.0011,0.0010,0.0010][0.0066,0.0072,0.0067,0.0069,0.0069],[41182.7514,42290.7707,42877.9539,43078.6312,43668.5362],[0.0061,0.0060,0.0059,0.0059,0.0058][0.0616,0.0598,0.0579,0.0571,0.0591][0.0011,0.0013,0.0011,0.0007,0.0013][0.0086,0.0085,0.0080,0.0078,0.0080],550125568,2599,755,550125568
0ac30fcd9,256,65536,21474836480,100,lbr_now_norm,-1,lz4,35929,644,600,550125568,.0078,512,256,[352.4262,370.6151,371.4029,363.3470,336.2005],[0.0087,0.0090,0.0092,0.0088,0.0086][0.0688,0.0702,0.0653,0.0718,0.0623][0.0010,0.0013,0.0011,0.0011,0.0011][0.0104,0.0111,0.0114,0.0112,0.0105],[45286.0849,45432.3387,45872.1850,46479.7426,46280.8024],[0.0111,0.0111,0.0110,0.0108,0.0109][0.0691,0.0658,0.0660,0.0716,0.0617][0.0008,0.0011,0.0008,0.0016,0.0018][0.0115,0.0113,0.0113,0.0114,0.0111],550182912,2577,775,550182912
0ac30fcd9,256,65536,21474836480,100,lbr_now_norm,-1,lz4,35929,644,600,550182912,.0078,1024,256,[371.7024,377.7459,361.6733,356.3105,355.4109],[0.0180,0.0179,0.0175,0.0168,0.0178][0.0795,0.0861,0.0884,0.0846,0.0906][0.0024,0.0026,0.0017,0.0026,0.0024][0.0160,0.0161,0.0152,0.0150,0.0161],[47666.6198,46453.1077,47335.0502,47549.0557,46949.7718],[0.0209,0.0215,0.0211,0.0210,0.0214][0.0802,0.0824,0.0795,0.0819,0.0894][0.0010,0.0015,0.0032,0.0011,0.0014][0.0156,0.0156,0.0153,0.0157,0.0159],550215680,2628,755,550215680
0ac30fcd9,256,65536,21474836480,100,lbr_now_norm,-1,lz4,35929,644,600,550215680,.0078,2048,256,[367.1422,372.2458,354.1529,370.0471,377.1073],[0.0398,0.0362,0.0377,0.0372,0.0367][0.1131,0.1052,0.1123,0.1206,0.1281][0.0047,0.0061,0.0022,0.0026,0.0033][0.0226,0.0214,0.0243,0.0229,0.0219],[48186.2581,47842.3959,47664.1074,47871.8874,47799.1880],[0.0416,0.0417,0.0421,0.0420,0.0417][0.1122,0.1165,0.1197,0.1238,0.1116][0.0009,0.0026,0.0023,0.0015,0.0027][0.0201,0.0204,0.0212,0.0212,0.0204],550240256,2632,772,550248448
0ac30fcd9,256,65536,21474836480,100,lbr_now_norm,-1,lz4,37830,602,631,141320192,.0078,32,512,[129.9610,126.4315,128.5604,130.3160,135.0528],[0.0016,0.0016,0.0017,0.0016,0.0016][0.0244,0.0255,0.0245,0.0227,0.0226][0.0009,0.0009,0.0008,0.0009,0.0009][0.0017,0.0017,0.0020,0.0017,0.0018],[16542.3154,16652.7453,16643.3534,16771.8854,16767.6396],[0.0019,0.0019,0.0019,0.0019,0.0019][0.0261,0.0259,0.0300,0.0303,0.0289][0.0005,0.0005,0.0005,0.0005,0.0005][0.0023,0.0024,0.0024,0.0023,0.0023],853622784,3170,1799,853622784
0ac30fcd9,256,65536,21474836480,100,lbr_now_norm,-1,lz4,37830,602,631,853622784,.0078,64,512,[202.1822,210.8857,207.4289,198.9736,205.1147],[0.0018,0.0018,0.0018,0.0019,0.0018][0.0358,0.0365,0.0333,0.0417,0.0358][0.0009,0.0009,0.0009,0.0008,0.0008][0.0025,0.0026,0.0024,0.0028,0.0023],[25261.3413,25969.6626,26015.5986,25674.7323,26277.9206],[0.0025,0.0024,0.0024,0.0025,0.0024][0.0391,0.0388,0.0378,0.0425,0.0398][0.0006,0.0006,0.0006,0.0005,0.0006][0.0042,0.0040,0.0041,0.0041,0.0041],858087424,3100,862,858087424
0ac30fcd9,256,65536,21474836480,100,lbr_now_norm,-1,lz4,37830,602,631,858087424,.0078,128,512,[279.3726,267.8465,265.4775,267.6745,270.9066],[0.0030,0.0029,0.0028,0.0027,0.0028][0.0508,0.0493,0.0620,0.0478,0.0522][0.0009,0.0010,0.0009,0.0009,0.0009][0.0053,0.0051,0.0050,0.0046,0.0052],[33297.7870,33295.6734,33724.3273,34471.6651,34910.3340],[0.0038,0.0038,0.0038,0.0037,0.0036][0.0522,0.0568,0.0622,0.0623,0.0519][0.0008,0.0008,0.0007,0.0008,0.0009][0.0065,0.0065,0.0066,0.0063,0.0064],853532672,3131,867,853532672
0ac30fcd9,256,65536,21474836480,100,lbr_now_norm,-1,lz4,37830,602,631,853532672,.0078,256,512,[299.6853,314.6393,311.2496,307.8622,312.2131],[0.0046,0.0048,0.0047,0.0050,0.0044][0.0622,0.0656,0.0673,0.0654,0.0645][0.0010,0.0010,0.0011,0.0009,0.0010][0.0068,0.0079,0.0072,0.0085,0.0065],[39001.8569,39382.1717,39537.1901,40145.3405,40708.4372],[0.0065,0.0064,0.0064,0.0063,0.0062][0.0669,0.0689,0.0698,0.0646,0.0640][0.0014,0.0014,0.0014,0.0011,0.0010][0.0097,0.0098,0.0096,0.0094,0.0094],858169344,3096,874,858169344
0ac30fcd9,256,65536,21474836480,100,lbr_now_norm,-1,lz4,37830,602,631,858169344,.0078,512,512,[322.8954,335.8986,330.1587,349.6942,341.5454],[0.0095,0.0097,0.0098,0.0096,0.0085][0.0721,0.0749,0.0722,0.0785,0.0712][0.0012,0.0014,0.0010,0.0011,0.0012][0.0128,0.0130,0.0130,0.0127,0.0103],[42331.2189,42473.0252,43215.6484,44444.9340,44414.3648],[0.0119,0.0118,0.0117,0.0113,0.0113][0.0791,0.0813,0.0740,0.0784,0.0720][0.0019,0.0011,0.0018,0.0009,0.0014][0.0137,0.0139,0.0132,0.0129,0.0126],853639168,3158,835,853639168
0ac30fcd9,256,65536,21474836480,100,lbr_now_norm,-1,lz4,37830,602,631,853639168,.0078,1024,512,[350.8588,356.5199,356.8090,348.2584,362.6071],[0.0194,0.0183,0.0193,0.0193,0.0193][0.0951,0.0864,0.0898,0.0869,0.0892][0.0014,0.0022,0.0020,0.0021,0.0018][0.0182,0.0157,0.0169,0.0171,0.0177],[45083.5957,44843.0654,44937.5417,44629.7341,44831.2594],[0.0222,0.0223,0.0221,0.0225,0.0223][0.0868,0.0980,0.0944,0.0864,0.0875][0.0019,0.0020,0.0009,0.0017,0.0014][0.0173,0.0167,0.0165,0.0168,0.0170],858062848,3095,878,858062848
0ac30fcd9,256,65536,21474836480,100,lbr_now_norm,-1,lz4,37830,602,631,858062848,.0078,2048,512,[366.2523,343.2742,360.8910,348.1121,349.4616],[0.0402,0.0412,0.0414,0.0400,0.0394][0.1280,0.1256,0.1277,0.1093,0.1255][0.0054,0.0059,0.0057,0.0044,0.0045][0.0247,0.0244,0.0241,0.0228,0.0249],[45780.8390,45795.8155,45637.8444,46128.6663,45274.3309],[0.0438,0.0437,0.0439,0.0434,0.0441][0.1184,0.1161,0.1231,0.1113,0.1337][0.0099,0.0089,0.0045,0.0020,0.0034][0.0218,0.0223,0.0217,0.0218,0.0235],853655552,3186,826,853655552
0ac30fcd9,256,65536,21474836480,100,lbr_now_norm,-1,lz4,41157,618,688,171212800,.0078,32,1024,[124.8605,123.0008,129.9669,122.4443,128.6485],[0.0018,0.0017,0.0017,0.0017,0.0017][0.0314,0.0263,0.0271,0.0244,0.0217][0.0010,0.0009,0.0009,0.0010,0.0010][0.0021,0.0016,0.0018,0.0015,0.0015],[15862.3244,15851.0441,15806.9151,15893.7733,15952.3727],[0.0020,0.0020,0.0020,0.0020,0.0020][0.0316,0.0314,0.0350,0.0266,0.0324][0.0005,0.0005,0.0005,0.0005,0.0005][0.0026,0.0027,0.0029,0.0026,0.0027],1424023552,4131,957,1424031744
0ac30fcd9,256,65536,21474836480,100,lbr_now_norm,-1,lz4,41157,618,688,1424031744,.0078,64,1024,[182.0756,188.1617,180.1669,181.9002,191.1993],[0.0022,0.0021,0.0022,0.0021,0.0021][0.0437,0.0413,0.0424,0.0436,0.0397][0.0009,0.0009,0.0010,0.0010,0.0010][0.0038,0.0033,0.0038,0.0032,0.0034],[23479.0958,23629.5675,23825.8394,23752.1645,24196.1550],[0.0027,0.0027,0.0027,0.0027,0.0026][0.0461,0.0438,0.0450,0.0437,0.0427][0.0007,0.0007,0.0006,0.0006,0.0006][0.0048,0.0048,0.0048,0.0046,0.0046],1424138240,3728,943,1424138240
0ac30fcd9,256,65536,21474836480,100,lbr_now_norm,-1,lz4,41157,618,688,1424138240,.0078,128,1024,[241.2084,241.7472,241.5372,247.7488,246.2507],[0.0032,0.0032,0.0029,0.0030,0.0032][0.0581,0.0598,0.0539,0.0573,0.0596][0.0010,0.0010,0.0010,0.0008,0.0009][0.0060,0.0061,0.0047,0.0056,0.0060],[29776.7081,30593.0308,30883.8337,31432.2322,31162.6254],[0.0043,0.0041,0.0041,0.0040,0.0041][0.0643,0.0619,0.0590,0.0611,0.0638][0.0008,0.0009,0.0009,0.0007,0.0009][0.0079,0.0076,0.0075,0.0075,0.0074],1423958016,3633,958,1423958016
0ac30fcd9,256,65536,21474836480,100,lbr_now_norm,-1,lz4,41157,618,688,1423958016,.0078,256,1024,[268.7747,267.5634,287.3673,285.1742,286.6629],[0.0056,0.0058,0.0055,0.0052,0.0051][0.0709,0.0773,0.0748,0.0701,0.0839][0.0012,0.0010,0.0011,0.0011,0.0010][0.0101,0.0107,0.0100,0.0091,0.0085],[34861.2688,35285.4221,35786.6338,36040.5040,36320.9580],[0.0073,0.0072,0.0071,0.0070,0.0070][0.0744,0.0788,0.0755,0.0717,0.0843][0.0013,0.0014,0.0009,0.0010,0.0011][0.0120,0.0121,0.0118,0.0115,0.0112],1424089088,3551,990,1424089088
0ac30fcd9,256,65536,21474836480,100,lbr_now_norm,-1,lz4,41157,618,688,1424089088,.0078,512,1024,[289.5302,298.4809,301.9773,324.1518,297.1101],[0.0105,0.0104,0.0096,0.0104,0.0110][0.0845,0.0843,0.0894,0.0817,0.0895][0.0015,0.0010,0.0014,0.0015,0.0016][0.0139,0.0150,0.0122,0.0137,0.0151],[38515.7278,38610.7581,38559.3485,38746.2656,38511.0095],[0.0131,0.0130,0.0130,0.0130,0.0131][0.0845,0.0840,0.0884,0.0870,0.0900][0.0013,0.0013,0.0014,0.0018,0.0020][0.0159,0.0159,0.0156,0.0154,0.0157],1424015360,3767,955,1424015360
0ac30fcd9,256,65536,21474836480,100,lbr_now_norm,-1,lz4,41157,618,688,1424015360,.0078,1024,1024,[306.6077,322.7400,322.4063,321.8538,330.0164],[0.0205,0.0213,0.0211,0.0206,0.0207][0.0972,0.0970,0.0989,0.0997,0.0963][0.0026,0.0022,0.0023,0.0031,0.0015][0.0188,0.0209,0.0199,0.0195,0.0200],[41165.8836,41091.3697,41024.1991,40326.1839,41456.9034],[0.0244,0.0244,0.0244,0.0249,0.0241][0.0919,0.0991,0.0932,0.1111,0.0956][0.0014,0.0028,0.0033,0.0017,0.0013][0.0197,0.0198,0.0199,0.0207,0.0194],1424056320,4262,973,1424056320
0ac30fcd9,256,65536,21474836480,100,lbr_now_norm,-1,lz4,41157,618,688,1424056320,.0078,2048,1024,[336.6598,324.3351,323.7213,331.5998,325.5210],[0.0456,0.0458,0.0433,0.0444,0.0431][0.1387,0.1409,0.1526,0.1417,0.1362][0.0047,0.0056,0.0056,0.0048,0.0046][0.0268,0.0295,0.0297,0.0299,0.0267],[41926.6625,41764.8874,40864.2737,42070.9603,42336.9609],[0.0476,0.0479,0.0486,0.0477,0.0474][0.1312,0.1366,0.1296,0.1412,0.1393][0.0027,0.0112,0.0039,0.0030,0.0096][0.0257,0.0267,0.0265,0.0263,0.0259],1423990784,4259,966,1423990784
0ac30fcd9,256,65536,21474836480,100,lbr_now_norm,-1,lz4,48582,628,1377,285941760,.0078,32,2048,[103.9610,96.7240,104.2118,100.4558,105.8748],[0.0025,0.0024,0.0024,0.0024,0.0023][0.0493,0.0494,0.0466,0.0502,0.0454][0.0013,0.0014,0.0014,0.0012,0.0013][0.0040,0.0030,0.0034,0.0034,0.0033],[13022.3902,12895.0294,13120.5657,13056.7700,13211.6857],[0.0024,0.0025,0.0024,0.0024,0.0024][0.0519,0.0495,0.0498,0.0519,0.0458][0.0006,0.0006,0.0006,0.0006,0.0006][0.0050,0.0051,0.0052,0.0052,0.0050],3224641536,8841,1737,3224641536
0ac30fcd9,256,65536,21474836480,100,lbr_now_norm,-1,lz4,48582,628,1377,3224641536,.0078,64,2048,[145.5173,148.6107,155.1904,155.7161,154.9707],[0.0030,0.0026,0.0030,0.0028,0.0028][0.0621,0.0597,0.0642,0.0655,0.0598][0.0012,0.0013,0.0013,0.0014,0.0013][0.0063,0.0040,0.0062,0.0053,0.0053],[19321.5487,19560.7710,19340.6397,19655.2726,19763.4493],[0.0033,0.0032,0.0033,0.0032,0.0032][0.0688,0.0651,0.0774,0.0647,0.0598][0.0007,0.0006,0.0007,0.0008,0.0007][0.0075,0.0075,0.0076,0.0073,0.0072],3224715264,8106,1603,3224715264
0ac30fcd9,256,65536,21474836480,100,lbr_now_norm,-1,lz4,48582,628,1377,3224715264,.0078,128,2048,[188.4910,187.6777,178.5751,180.0817,181.5475],[0.0041,0.0042,0.0040,0.0044,0.0039][0.0858,0.0851,0.0926,0.1658,0.0994][0.0013,0.0014,0.0013,0.0014,0.0013][0.0091,0.0092,0.0089,0.0111,0.0096],[23960.8808,24280.4593,23662.0371,22892.0117,23581.0440],[0.0053,0.0052,0.0054,0.0055,0.0054][0.0928,0.0870,0.1051,0.1683,0.1000][0.0009,0.0010,0.0009,0.0010,0.0011][0.0125,0.0121,0.0129,0.0145,0.0135],3224870912,8489,1603,3224870912
0ac30fcd9,256,65536,21474836480,100,lbr_now_norm,-1,lz4,48582,628,1377,3224870912,.0078,256,2048,[193.3742,197.7294,198.5510,212.4075,197.8365],[0.0085,0.0084,0.0081,0.0077,0.0078][0.1273,0.1308,0.1294,0.1200,0.1914][0.0014,0.0015,0.0017,0.0015,0.0015][0.0204,0.0201,0.0194,0.0176,0.0183],[24869.7470,25314.5188,25823.2592,26453.9993,25730.2199],[0.0102,0.0100,0.0098,0.0096,0.0099][0.1286,0.1305,0.1281,0.1248,0.1896][0.0014,0.0014,0.0014,0.0014,0.0016][0.0236,0.0231,0.0225,0.0215,0.0220],3224600576,8746,1589,3224649728
0ac30fcd9,256,65536,21474836480,100,lbr_now_norm,-1,lz4,48582,628,1377,3224649728,.0078,512,2048,[198.9456,206.1361,218.1297,221.8321,209.6339],[0.0168,0.0140,0.0156,0.0141,0.0143][0.1596,0.1442,0.1507,0.1473,0.1495][0.0018,0.0023,0.0019,0.0021,0.0021][0.0300,0.0250,0.0280,0.0261,0.0260],[26828.8584,26543.7632,27078.4712,27212.5148,27426.2683],[0.0188,0.0189,0.0186,0.0185,0.0184][0.1657,0.1499,0.1497,0.1497,0.1527][0.0012,0.0017,0.0013,0.0016,0.0011][0.0319,0.0317,0.0314,0.0318,0.0318],3224567808,12170,1618,3224649728
0ac30fcd9,256,65536,21474836480,100,lbr_now_norm,-1,lz4,48582,628,1377,3224649728,.0078,1024,2048,[214.9266,208.2856,208.8824,209.7645,219.8607],[0.0330,0.0316,0.0326,0.0322,0.0339][0.1889,0.1834,0.1805,0.1669,0.1769][0.0029,0.0032,0.0028,0.0027,0.0032][0.0421,0.0394,0.0413,0.0410,0.0425],[27672.1766,27669.7825,27376.6879,27659.6769,28197.0916],[0.0363,0.0363,0.0368,0.0364,0.0357][0.1861,0.1845,0.1789,0.1658,0.1687][0.0031,0.0006,0.0030,0.0034,0.0042][0.0434,0.0426,0.0429,0.0429,0.0422],3224977408,11212,2652,3225026560
0ac30fcd9,256,65536,21474836480,100,lbr_now_norm,-1,lz4,48582,628,1377,3225026560,.0078,2048,2048,[218.1009,214.8671,223.3035,217.0241,224.9400],[0.0753,0.0751,0.0762,0.0761,0.0785][0.2240,0.2096,0.2492,0.2359,0.2282][0.0070,0.0088,0.0057,0.0064,0.0061][0.0581,0.0561,0.0608,0.0604,0.0604],[28886.9401,28063.0408,28744.4052,28138.6253,28146.2708],[0.0695,0.0711,0.0700,0.0714,0.0714][0.2118,0.1978,0.2252,0.2238,0.2115][0.0023,0.0080,0.0136,0.0062,0.0016][0.0523,0.0519,0.0527,0.0543,0.0524],3224772608,11534,2624,3224821760
0ac30fcd9,256,65536,21474836480,100,lbr_now_norm,-1,lz4,60729,630,1852,465985536,.0078,32,4096,[83.8095,86.5184,82.8390,88.3835,89.1265],[0.0032,0.0031,0.0032,0.0030,0.0031][0.0570,0.0583,0.0596,0.0652,0.0574][0.0018,0.0017,0.0017,0.0017,0.0018][0.0048,0.0044,0.0048,0.0048,0.0047],[10994.7534,10851.2119,10932.9538,11279.2438,11286.2639],[0.0029,0.0029,0.0029,0.0028,0.0028][0.0609,0.0610,0.0779,0.0640,0.0603][0.0010,0.0010,0.0010,0.0010,0.0010][0.0067,0.0070,0.0069,0.0069,0.0067],6137749504,14113,3369,6137765888
0ac30fcd9,256,65536,21474836480,100,lbr_now_norm,-1,lz4,60729,630,1852,6137765888,.0078,64,4096,[119.9429,119.6484,118.5173,122.8459,120.4203],[0.0039,0.0035,0.0037,0.0038,0.0040][0.0840,0.0817,0.0794,0.0797,0.0797][0.0018,0.0016,0.0017,0.0018,0.0017][0.0077,0.0059,0.0068,0.0070,0.0084],[15416.6410,15209.9080,15465.4231,15656.8718,15467.5116],[0.0041,0.0042,0.0041,0.0041,0.0041][0.0850,0.0833,0.0841,0.0780,0.0818][0.0012,0.0010,0.0011,0.0011,0.0011][0.0107,0.0109,0.0105,0.0103,0.0105],6137659392,13646,2289,6137790464
0ac30fcd9,256,65536,21474836480,100,lbr_now_norm,-1,lz4,60729,630,1852,6137790464,.0078,128,4096,[133.9339,144.8182,141.6752,126.1425,133.5836],[0.0061,0.0056,0.0051,0.0055,0.0052][0.1264,0.1218,0.1464,0.1428,0.1463][0.0018,0.0018,0.0017,0.0017,0.0018][0.0149,0.0133,0.0121,0.0138,0.0127],[18250.5103,18735.9261,17905.9477,16416.8693,17169.4762],[0.0070,0.0068,0.0071,0.0077,0.0074][0.1294,0.1330,0.1465,0.1641,0.1469][0.0013,0.0015,0.0015,0.0012,0.0013][0.0183,0.0178,0.0193,0.0217,0.0212],6138273792,12560,2258,6138339328
0ac30fcd9,256,65536,21474836480,100,lbr_now_norm,-1,lz4,60729,630,1852,6138339328,.0078,256,4096,[140.6968,157.3407,171.1109,172.0019,160.8356],[0.0126,0.0087,0.0101,0.0095,0.0105][0.1843,0.1756,0.1428,0.1536,0.1668][0.0021,0.0019,0.0021,0.0020,0.0019][0.0307,0.0171,0.0215,0.0193,0.0231],[18655.7091,19496.9817,21556.4972,21367.5209,20780.1565],[0.0136,0.0130,0.0118,0.0119,0.0122][0.1851,0.1770,0.1462,0.1548,0.1679][0.0012,0.0018,0.0018,0.0017,0.0014][0.0329,0.0287,0.0254,0.0255,0.0269],6137257984,14096,2203,6137257984
0ac30fcd9,256,65536,21474836480,100,lbr_now_norm,-1,lz4,60729,630,1852,6137257984,.0078,512,4096,[174.2861,170.5496,177.2716,175.0890,172.0021],[0.0202,0.0212,0.0199,0.0207,0.0188][0.1825,0.3069,0.1735,0.1654,0.2444][0.0028,0.0029,0.0033,0.0025,0.0022][0.0376,0.0401,0.0359,0.0359,0.0343],[22153.5885,21720.8942,22635.6639,22725.3385,22294.5842],[0.0228,0.0232,0.0223,0.0222,0.0227][0.1797,0.3014,0.1678,0.1696,0.2437][0.0016,0.0019,0.0016,0.0018,0.0018][0.0412,0.0417,0.0396,0.0393,0.0406],6137618432,16834,2229,6137618432
0ac30fcd9,256,65536,21474836480,100,lbr_now_norm,-1,lz4,60729,630,1852,6137618432,.0078,1024,4096,[164.1312,170.5369,174.6290,171.8054,175.4280],[0.0481,0.0490,0.0462,0.0467,0.0446][0.2116,0.2211,0.2224,0.1930,0.2040][0.0049,0.0053,0.0037,0.0055,0.0040][0.0563,0.0592,0.0564,0.0541,0.0522],[22011.6271,21702.6768,22397.8859,22731.5752,22781.1110],[0.0457,0.0464,0.0450,0.0441,0.0442][0.2105,0.2141,0.2121,0.1957,0.1944][0.0016,0.0030,0.0033,0.0022,0.0028][0.0562,0.0574,0.0561,0.0528,0.0524],6138265600,16624,3238,6138306560
0ac30fcd9,256,65536,21474836480,100,lbr_now_norm,-1,lz4,60729,630,1852,6138306560,.0078,2048,4096,[175.8708,178.3102,178.7693,177.9918,185.6111],[0.1001,0.0951,0.0910,0.0990,0.1007][0.2483,0.2608,0.2563,0.2744,0.2852][0.0110,0.0087,0.0122,0.0110,0.0110][0.0748,0.0730,0.0735,0.0762,0.0769],[23125.1089,23214.3376,23320.0914,22928.3220,22920.2946],[0.0870,0.0868,0.0864,0.0871,0.0876][0.2364,0.2259,0.2230,0.2490,0.2082][0.0113,0.0039,0.0058,0.0033,0.0128][0.0642,0.0636,0.0649,0.0640,0.0640],6137749504,16196,3296,6137815040
0ac30fcd9,256,65536,21474836480,100,lbr_now_norm,-1,lz4,62797,631,2760,664723456,.0078,32,8192,[65.8983,64.7689,65.4793,68.7488,68.2932],[0.0043,0.0047,0.0043,0.0045,0.0044][0.0789,0.0887,0.0838,0.0880,0.0909][0.0027,0.0025,0.0026,0.0024,0.0024][0.0050,0.0080,0.0055,0.0070,0.0066],[8431.6052,8319.5444,8394.2645,8568.0098,8676.0141],[0.0038,0.0038,0.0038,0.0037,0.0037][0.0832,0.0882,0.0844,0.0869,0.0888][0.0011,0.0010,0.0010,0.0011,0.0011][0.0102,0.0106,0.0102,0.0101,0.0099],9375408128,33105,3542,9375555584
0ac30fcd9,256,65536,21474836480,100,lbr_now_norm,-1,lz4,62797,631,2760,9375555584,.0078,64,8192,[89.5619,84.0499,87.7478,85.8890,89.3534],[0.0055,0.0061,0.0054,0.0052,0.0059][0.1084,0.1200,0.1128,0.1115,0.1176][0.0024,0.0027,0.0025,0.0024,0.0026][0.0100,0.0128,0.0100,0.0089,0.0121],[11254.4996,11167.4960,11227.1643,11297.6509,11093.7203],[0.0056,0.0057,0.0057,0.0056,0.0057][0.1216,0.1250,0.1200,0.1200,0.1258][0.0011,0.0012,0.0012,0.0011,0.0012][0.0159,0.0160,0.0159,0.0157,0.0164],9346375680,25551,3813,9346531328
0ac30fcd9,256,65536,21474836480,100,lbr_now_norm,-1,lz4,62797,631,2760,9346531328,.0078,128,8192,[103.9393,97.8559,104.5702,101.1937,95.7480],[0.0087,0.0090,0.0079,0.0086,0.0082][0.1905,0.1707,0.1684,0.1668,0.2188][0.0026,0.0027,0.0025,0.0026,0.0027][0.0215,0.0221,0.0184,0.0212,0.0202],[12904.3556,12957.9048,13293.1812,13364.2779,12721.7904],[0.0098,0.0098,0.0096,0.0095,0.0100][0.1937,0.1804,0.1805,0.1718,0.2176][0.0013,0.0013,0.0014,0.0015,0.0014][0.0279,0.0277,0.0267,0.0272,0.0293],9347031040,26562,3757,9347227648
0ac30fcd9,256,65536,21474836480,100,lbr_now_norm,-1,lz4,62797,631,2760,9347227648,.0078,256,8192,[114.5921,106.7348,107.2271,111.9862,112.7241],[0.0155,0.0143,0.0159,0.0150,0.0168][0.2095,0.2408,0.2273,0.2125,0.2296][0.0031,0.0034,0.0034,0.0031,0.0030][0.0327,0.0325,0.0360,0.0334,0.0374],[14854.3289,13736.6136,14510.7789,14859.0447,14709.2287],[0.0171,0.0185,0.0175,0.0171,0.0172][0.2436,0.2385,0.2272,0.2310,0.2247][0.0014,0.0015,0.0020,0.0018,0.0017][0.0399,0.0448,0.0414,0.0410,0.0402],9347719168,26534,5003,9347833856
0ac30fcd9,256,65536,21474836480,100,lbr_now_norm,-1,lz4,62797,631,2760,9347833856,.0078,512,8192,[121.2187,116.6895,118.8524,118.2955,117.1967],[0.0316,0.0345,0.0360,0.0359,0.0360][0.2883,0.2368,0.2395,0.2601,0.2875][0.0044,0.0047,0.0046,0.0050,0.0040][0.0510,0.0538,0.0553,0.0578,0.0586],[15001.8060,15236.1223,15285.5612,14695.4572,14660.9311],[0.0334,0.0332,0.0331,0.0344,0.0345][0.2849,0.2336,0.2333,0.2643,0.2638][0.0022,0.0021,0.0018,0.0017,0.0018][0.0558,0.0556,0.0542,0.0596,0.0593],9463545856,32076,3750,9463644160
0ac30fcd9,256,65536,21474836480,100,lbr_now_norm,-1,lz4,62797,631,2760,9463644160,.0078,1024,8192,[113.0142,132.1441,119.9955,124.1492,115.9140],[0.0814,0.0767,0.0725,0.0739,0.0835][0.3677,0.2630,0.2694,0.2462,0.2795][0.0069,0.0070,0.0098,0.0103,0.0098][0.0862,0.0785,0.0744,0.0749,0.0867],[14963.4831,16250.8307,16006.1374,16132.7618,15063.8045],[0.0675,0.0621,0.0626,0.0626,0.0670][0.3429,0.2431,0.2537,0.2398,0.2746][0.0029,0.0023,0.0073,0.0098,0.0072][0.0775,0.0682,0.0681,0.0668,0.0759],9465241600,29521,4663,9465405440
0ac30fcd9,256,65536,21474836480,100,lbr_now_norm,-1,lz4,62797,631,2760,9465405440,.0078,2048,8192,[117.9612,119.5248,119.9548,122.4617,115.9878],[0.1581,0.1559,0.1615,0.1629,0.1658][0.3829,0.3681,0.4136,0.4402,0.3837][0.0155,0.0174,0.0231,0.0181,0.0220][0.1025,0.1049,0.1015,0.1025,0.1068],[15328.6298,15318.9186,15545.8298,15326.5905,14895.1971],[0.1315,0.1316,0.1298,0.1314,0.1350][0.3115,0.3218,0.3358,0.3337,0.3669][0.0047,0.0036,0.0117,0.0123,0.0115][0.0883,0.0893,0.0883,0.0856,0.0946],9346326528,37931,4708,9346514944
0ac30fcd9,256,65536,21474836480,100,lbr_now_norm,-1,lz4,68362,659,4511,1224253440,.0078,32,16384,[47.6256,49.0616,50.0348,46.2105,53.3927],[0.0073,0.0070,0.0069,0.0075,0.0067][0.1087,0.1180,0.1051,0.3105,0.1036][0.0038,0.0040,0.0039,0.0039,0.0035][0.0108,0.0104,0.0088,0.0147,0.0083],[6141.5285,6087.4384,6295.5238,5955.1485,6534.2162],[0.0052,0.0052,0.0050,0.0053,0.0048][0.1343,0.1651,0.1776,0.5002,0.1232][0.0011,0.0011,0.0010,0.0011,0.0011][0.0150,0.0154,0.0141,0.0198,0.0132],18376908800,72816,5838,18377097216
0ac30fcd9,256,65536,21474836480,100,lbr_now_norm,-1,lz4,68362,659,4511,18377097216,.0078,64,16384,[64.4269,58.4416,58.4211,58.0914,65.1150],[0.0085,0.0079,0.0095,0.0089,0.0088][0.1559,0.1512,0.2624,0.1769,0.1869][0.0040,0.0041,0.0038,0.0041,0.0042][0.0156,0.0122,0.0209,0.0173,0.0174],[7933.9149,7963.7022,7669.1987,7718.4668,7919.5317],[0.0080,0.0080,0.0083,0.0082,0.0080][0.1582,0.1633,0.2613,0.1797,0.2023][0.0012,0.0012,0.0012,0.0012,0.0013][0.0235,0.0238,0.0254,0.0248,0.0242],18481291264,62543,5112,18481389568
0ac30fcd9,256,65536,21474836480,100,lbr_now_norm,-1,lz4,68362,659,4511,18481389568,.0078,128,16384,[72.2055,70.0444,64.6605,70.1871,57.3028],[0.0140,0.0149,0.0140,0.0149,0.0157][0.2217,0.2205,0.3177,0.2681,0.9059][0.0041,0.0051,0.0046,0.0048,0.0047][0.0314,0.0329,0.0327,0.0339,0.0429],[9202.6157,9014.6620,8219.7396,8962.6483,7336.5304],[0.0138,0.0141,0.0154,0.0141,0.0173][0.2222,0.2307,0.3177,0.3270,0.9082][0.0013,0.0015,0.0017,0.0016,0.0014][0.0397,0.0397,0.0460,0.0413,0.0641],18468143104,67000,5943,18468487168
0ac30fcd9,256,65536,21474836480,100,lbr_now_norm,-1,lz4,68362,659,4511,18468487168,.0078,256,16384,[71.5713,72.0246,69.8974,68.2831,63.9526],[0.0338,0.0323,0.0310,0.0343,0.0333][0.2481,0.3182,0.3157,0.2929,0.4186][0.0063,0.0058,0.0060,0.0047,0.0055][0.0579,0.0560,0.0559,0.0615,0.0630],[9145.4235,9185.4504,8700.0555,8759.2966,8268.5251],[0.0277,0.0276,0.0291,0.0289,0.0307][0.2449,0.3106,0.3195,0.2880,0.4139][0.0029,0.0024,0.0026,0.0019,0.0026][0.0557,0.0564,0.0605,0.0606,0.0653],18378596352,83230,5556,18378858496
0ac30fcd9,256,65536,21474836480,100,lbr_now_norm,-1,lz4,68362,659,4511,18378858496,.0078,512,16384,[79.0983,70.5428,70.0174,71.3447,66.7839],[0.0686,0.0718,0.0743,0.0732,0.0796][0.2607,0.3565,0.4578,0.3898,0.3500][0.0086,0.0083,0.0068,0.0081,0.0082][0.0789,0.0835,0.0931,0.0880,0.0953],[9673.5948,9241.6780,8654.5461,9063.3203,8772.5077],[0.0523,0.0547,0.0585,0.0558,0.0577][0.2460,0.3443,0.4468,0.3674,0.3267][0.0028,0.0026,0.0031,0.0028,0.0026][0.0713,0.0761,0.0859,0.0795,0.0830],18479382528,304752,5697,18479529984
0ac30fcd9,256,65536,21474836480,100,lbr_now_norm,-1,lz4,68362,659,4511,18479529984,.0078,1024,16384,[75.6500,73.6933,72.9725,72.1417,70.6992],[0.1406,0.1426,0.1486,0.1510,0.1508][0.3451,0.4229,0.4627,0.4776,0.3980][0.0119,0.0158,0.0118,0.0149,0.0157][0.1054,0.1127,0.1223,0.1235,0.1252],[10009.9922,9325.1260,9042.2350,9164.1088,8923.3396],[0.1009,0.1084,0.1118,0.1102,0.1132][0.2787,0.3778,0.4305,0.4623,0.3685][0.0022,0.0063,0.0058,0.0024,0.0026][0.0909,0.0998,0.1065,0.1064,0.1081],18479595520,276634,5680,18479726592
0ac30fcd9,256,65536,21474836480,100,lbr_now_norm,-1,lz4,68362,659,4511,18479726592,.0078,2048,16384,[81.5286,73.6618,70.3009,70.3399,71.0995],[0.2257,0.2670,0.2870,0.2750,0.2515][0.5837,0.5513,0.6724,0.6885,0.6745][0.0349,0.0359,0.0371,0.0426,0.0383][0.1209,0.1295,0.1346,0.1289,0.1366],[10152.5454,9604.2392,9252.1051,9504.6761,9601.2323],[0.1979,0.2102,0.2184,0.2125,0.2106][0.4689,0.4955,0.5292,0.4620,0.4778][0.0028,0.0109,0.0026,0.0263,0.0024][0.1141,0.1238,0.1341,0.1243,0.1292],18382454784,322818,6577,18382733312
0ac30fcd9,256,65536,21474836480,100,lbr_now_nifs,-1,lz4,36356,670,676,137756672,.0078,32,256,[138.1960,132.9727,136.5984,131.9473,135.9826],[0.0013,0.0013,0.0013,0.0012,0.0013][0.0245,0.0235,0.0206,0.0228,0.0194][0.0005,0.0006,0.0006,0.0006,0.0006][0.0013,0.0016,0.0014,0.0008,0.0012],[17556.5444,17584.8754,17364.7178,17496.2280,17320.0259],[0.0018,0.0018,0.0018,0.0018,0.0018][0.0266,0.0242,0.0255,0.0242,0.0218][0.0005,0.0004,0.0005,0.0005,0.0005][0.0021,0.0021,0.0022,0.0021,0.0021],568016896,2520,831,568016896
0ac30fcd9,256,65536,21474836480,100,lbr_now_nifs,-1,lz4,36356,670,676,568016896,.0078,64,256,[198.9170,211.1950,208.2233,204.3852,206.5564],[0.0016,0.0016,0.0015,0.0014,0.0014][0.0368,0.0348,0.0330,0.0357,0.0362][0.0006,0.0006,0.0007,0.0006,0.0006][0.0027,0.0029,0.0025,0.0020,0.0019],[26536.7274,26969.3663,27225.0294,27137.7645,27297.3252],[0.0024,0.0024,0.0023,0.0023,0.0023][0.0394,0.0391,0.0357,0.0357,0.0367][0.0006,0.0005,0.0005,0.0006,0.0007][0.0039,0.0038,0.0038,0.0038,0.0039],568016896,2644,818,568016896
0ac30fcd9,256,65536,21474836480,100,lbr_now_nifs,-1,lz4,36356,670,676,568016896,.0078,128,256,[270.6655,257.4236,269.1575,287.4311,291.0618],[0.0027,0.0024,0.0025,0.0024,0.0022][0.0506,0.0522,0.0487,0.0486,0.0430][0.0005,0.0006,0.0006,0.0006,0.0006][0.0056,0.0051,0.0052,0.0048,0.0040],[34562.1557,34787.9753,35473.3888,36372.6906,36527.2127],[0.0037,0.0037,0.0036,0.0035,0.0035][0.0513,0.0525,0.0506,0.0492,0.0468][0.0008,0.0008,0.0007,0.0007,0.0008][0.0065,0.0065,0.0065,0.0064,0.0062],567943168,2628,795,567943168
0ac30fcd9,256,65536,21474836480,100,lbr_now_nifs,-1,lz4,36356,670,676,567943168,.0078,256,256,[328.0006,320.1778,318.3436,329.2380,333.0957],[0.0045,0.0043,0.0041,0.0045,0.0039][0.0593,0.0599,0.0648,0.0655,0.0574][0.0006,0.0008,0.0008,0.0008,0.0007][0.0078,0.0077,0.0071,0.0081,0.0062],[40821.8978,41310.8614,42066.3711,42622.7841,42951.1319],[0.0062,0.0061,0.0060,0.0059,0.0059][0.0618,0.0613,0.0663,0.0677,0.0628][0.0010,0.0008,0.0011,0.0011,0.0012][0.0091,0.0090,0.0087,0.0088,0.0085],567894016,2614,800,567894016
0ac30fcd9,256,65536,21474836480,100,lbr_now_nifs,-1,lz4,36356,670,676,567894016,.0078,512,256,[351.8009,357.0011,356.1903,352.6107,350.0429],[0.0092,0.0084,0.0091,0.0084,0.0081][0.0743,0.0726,0.0715,0.0699,0.0729][0.0011,0.0009,0.0008,0.0011,0.0009][0.0126,0.0110,0.0127,0.0115,0.0110],[43559.4675,44148.3138,45480.0302,45223.3203,45015.2682],[0.0115,0.0114,0.0111,0.0111,0.0112][0.0771,0.0759,0.0742,0.0746,0.0726][0.0012,0.0007,0.0013,0.0009,0.0010][0.0132,0.0129,0.0127,0.0127,0.0130],567869440,2682,809,567869440
0ac30fcd9,256,65536,21474836480,100,lbr_now_nifs,-1,lz4,36356,670,676,567869440,.0078,1024,256,[359.5888,364.8607,354.1345,379.8158,343.7929],[0.0185,0.0168,0.0173,0.0178,0.0177][0.0910,0.0908,0.1001,0.0833,0.0976][0.0015,0.0017,0.0021,0.0011,0.0016][0.0183,0.0164,0.0166,0.0173,0.0175],[46471.2030,46183.5535,45320.9469,46231.6564,45782.4350],[0.0215,0.0217,0.0221,0.0217,0.0219][0.0986,0.0841,0.1001,0.0933,0.0889][0.0024,0.0018,0.0025,0.0019,0.0020][0.0169,0.0176,0.0177,0.0170,0.0177],567869440,2663,822,567869440
0ac30fcd9,256,65536,21474836480,100,lbr_now_nifs,-1,lz4,36356,670,676,567869440,.0078,2048,256,[350.9306,365.2970,363.5522,353.6816,375.4043],[0.0374,0.0401,0.0353,0.0400,0.0378][0.1203,0.1097,0.1404,0.1311,0.1228][0.0049,0.0044,0.0020,0.0033,0.0029][0.0233,0.0245,0.0242,0.0256,0.0251],[46153.6793,47164.8358,45947.9481,46268.4756,46394.9357],[0.0435,0.0426,0.0433,0.0433,0.0432][0.1137,0.1091,0.1211,0.1162,0.1221][0.0012,0.0094,0.0030,0.0075,0.0097][0.0225,0.0210,0.0229,0.0227,0.0222],567926784,2586,805,567926784
0ac30fcd9,256,65536,21474836480,100,lbr_now_nifs,-1,lz4,37659,686,728,180297728,.0078,32,512,[128.6485,130.7774,132.2605,133.7742,131.5922],[0.0014,0.0013,0.0014,0.0014,0.0014][0.0269,0.0208,0.0254,0.0276,0.0264][0.0006,0.0007,0.0006,0.0007,0.0006][0.0016,0.0011,0.0020,0.0016,0.0017],[16557.2028,16581.9868,16684.0354,16608.6040,16557.2740],[0.0019,0.0019,0.0019,0.0019,0.0019][0.0298,0.0297,0.0313,0.0314,0.0297][0.0004,0.0005,0.0005,0.0005,0.0005][0.0025,0.0025,0.0026,0.0025,0.0024],892583936,3184,1925,892583936
0ac30fcd9,256,65536,21474836480,100,lbr_now_nifs,-1,lz4,37659,686,728,892583936,.0078,64,512,[199.7426,202.3705,192.4079,203.1949,204.9564],[0.0017,0.0017,0.0016,0.0018,0.0016][0.0385,0.0377,0.0392,0.0425,0.0382][0.0006,0.0007,0.0006,0.0006,0.0006][0.0035,0.0029,0.0029,0.0036,0.0026],[25375.2559,25576.6214,25582.1092,25680.3844,26189.6839],[0.0025,0.0025,0.0025,0.0025,0.0024][0.0440,0.0406,0.0418,0.0440,0.0409][0.0006,0.0006,0.0006,0.0006,0.0007][0.0045,0.0044,0.0046,0.0044,0.0044],897179648,3152,920,897179648
0ac30fcd9,256,65536,21474836480,100,lbr_now_nifs,-1,lz4,37659,686,728,897179648,.0078,128,512,[268.2981,248.0065,247.3203,259.0671,251.9992],[0.0029,0.0025,0.0026,0.0025,0.0027][0.0567,0.0579,0.0571,0.0580,0.0554][0.0006,0.0006,0.0007,0.0006,0.0007][0.0065,0.0053,0.0053,0.0053,0.0060],[32934.5287,33128.5440,33127.7247,34053.8192,33986.6220],[0.0039,0.0038,0.0038,0.0037,0.0037][0.0584,0.0635,0.0611,0.0592,0.0576][0.0008,0.0009,0.0008,0.0008,0.0009][0.0071,0.0074,0.0073,0.0070,0.0070],892788736,3161,922,892788736
0ac30fcd9,256,65536,21474836480,100,lbr_now_nifs,-1,lz4,37659,686,728,892788736,.0078,256,512,[298.2674,286.4385,306.4970,311.6802,315.9386],[0.0046,0.0045,0.0051,0.0045,0.0047][0.0739,0.0744,0.0746,0.0723,0.0697][0.0008,0.0007,0.0008,0.0008,0.0007][0.0085,0.0087,0.0097,0.0087,0.0089],[37888.1293,37978.9905,38657.0179,39237.1060,39222.8219],[0.0067,0.0067,0.0066,0.0065,0.0064][0.0751,0.0751,0.0756,0.0766,0.0761][0.0011,0.0009,0.0011,0.0015,0.0008][0.0111,0.0113,0.0109,0.0106,0.0107],897097728,3111,915,897097728
0ac30fcd9,256,65536,21474836480,100,lbr_now_nifs,-1,lz4,37659,686,728,897097728,.0078,512,512,[308.8175,325.3875,334.1706,328.8717,340.6984],[0.0088,0.0092,0.0090,0.0095,0.0093][0.0826,0.0839,0.0864,0.0872,0.0810][0.0011,0.0011,0.0011,0.0009,0.0012][0.0125,0.0142,0.0138,0.0143,0.0135],[41219.0772,42256.9876,42065.4975,41397.5948,42643.3197],[0.0121,0.0119,0.0120,0.0122,0.0118][0.0839,0.0844,0.0871,0.0854,0.0825][0.0011,0.0015,0.0011,0.0011,0.0014][0.0151,0.0151,0.0152,0.0154,0.0146],892600320,3138,923,892600320
0ac30fcd9,256,65536,21474836480,100,lbr_now_nifs,-1,lz4,37659,686,728,892600320,.0078,1024,512,[341.1803,343.1214,330.3519,336.4118,334.7331],[0.0205,0.0184,0.0183,0.0199,0.0188][0.0992,0.1038,0.0999,0.0916,0.1004][0.0019,0.0013,0.0021,0.0024,0.0017][0.0215,0.0186,0.0186,0.0192,0.0191],[43328.6453,43320.4954,43410.7994,42888.1494,43897.2737],[0.0231,0.0232,0.0231,0.0233,0.0228][0.1102,0.1014,0.1018,0.1011,0.1086][0.0010,0.0037,0.0017,0.0029,0.0018][0.0202,0.0200,0.0201,0.0198,0.0200],897163264,3147,937,897163264
0ac30fcd9,256,65536,21474836480,100,lbr_now_nifs,-1,lz4,37659,686,728,897163264,.0078,2048,512,[350.9725,362.8684,336.9571,339.2425,336.9642],[0.0405,0.0456,0.0414,0.0424,0.0416][0.1325,0.1387,0.1286,0.1404,0.1401][0.0038,0.0032,0.0020,0.0025,0.0053][0.0269,0.0320,0.0277,0.0294,0.0290],[44007.5219,44459.7936,44204.5628,43625.6176,44113.0127],[0.0455,0.0451,0.0454,0.0459,0.0450][0.1348,0.1392,0.1268,0.1427,0.1299][0.0015,0.0022,0.0049,0.0053,0.0097][0.0265,0.0267,0.0262,0.0269,0.0263],892542976,3139,927,892542976
0ac30fcd9,256,65536,21474836480,100,lbr_now_nifs,-1,lz4,41316,707,837,240066560,.0078,32,1024,[116.9980,119.9096,123.6927,123.2386,124.1825],[0.0016,0.0016,0.0015,0.0015,0.0016][0.0311,0.0317,0.0326,0.0340,0.0351][0.0007,0.0007,0.0007,0.0007,0.0007][0.0022,0.0023,0.0020,0.0020,0.0026],[15348.6591,15352.2831,15583.2625,15585.8988,15447.2425],[0.0021,0.0021,0.0020,0.0020,0.0021][0.0349,0.0360,0.0372,0.0342,0.0376][0.0005,0.0005,0.0005,0.0005,0.0005][0.0031,0.0032,0.0032,0.0033,0.0033],1492942848,4133,1092,1492942848
0ac30fcd9,256,65536,21474836480,100,lbr_now_nifs,-1,lz4,41316,707,837,1492942848,.0078,64,1024,[177.4943,174.2776,174.0835,178.2790,172.5818],[0.0019,0.0019,0.0018,0.0019,0.0020][0.0457,0.0521,0.0488,0.0444,0.0456][0.0008,0.0007,0.0007,0.0007,0.0007][0.0038,0.0039,0.0029,0.0039,0.0042],[22842.6443,22832.4567,23083.0612,23560.2997,23582.2778],[0.0028,0.0028,0.0028,0.0027,0.0027][0.0488,0.0512,0.0546,0.0469,0.0462][0.0007,0.0006,0.0007,0.0006,0.0005][0.0055,0.0056,0.0055,0.0054,0.0052],1493245952,4203,2103,1493245952
0ac30fcd9,256,65536,21474836480,100,lbr_now_nifs,-1,lz4,41316,707,837,1493245952,.0078,128,1024,[223.9255,228.3259,239.7963,233.1623,234.9453],[0.0028,0.0032,0.0031,0.0027,0.0032][0.0698,0.0671,0.0620,0.0627,0.0624][0.0009,0.0007,0.0008,0.0007,0.0007][0.0058,0.0076,0.0069,0.0057,0.0070],[29142.3329,29597.3851,29941.2823,30106.4713,29962.4657],[0.0044,0.0043,0.0042,0.0042,0.0042][0.0702,0.0714,0.0666,0.0665,0.0677][0.0008,0.0008,0.0008,0.0009,0.0009][0.0087,0.0088,0.0083,0.0085,0.0083],1492951040,4266,1133,1492951040
0ac30fcd9,256,65536,21474836480,100,lbr_now_nifs,-1,lz4,41316,707,837,1492951040,.0078,256,1024,[262.5691,273.7962,253.4744,271.5347,280.2343],[0.0060,0.0054,0.0057,0.0056,0.0051][0.0759,0.0831,0.0789,0.0765,0.0766][0.0009,0.0009,0.0009,0.0008,0.0009][0.0124,0.0112,0.0117,0.0114,0.0102],[33812.2007,34272.2840,34418.8591,34921.8319,35077.4171],[0.0075,0.0074,0.0073,0.0073,0.0072][0.0798,0.0841,0.0854,0.1015,0.0787][0.0012,0.0016,0.0015,0.0013,0.0013][0.0133,0.0131,0.0131,0.0130,0.0127],1493024768,4276,1110,1493024768
0ac30fcd9,256,65536,21474836480,100,lbr_now_nifs,-1,lz4,41316,707,837,1493024768,.0078,512,1024,[285.9699,295.0001,285.5428,290.5076,299.3767],[0.0105,0.0110,0.0105,0.0100,0.0100][0.0920,0.0940,0.0908,0.0931,0.0904][0.0013,0.0009,0.0012,0.0012,0.0013][0.0165,0.0165,0.0168,0.0159,0.0147],[36418.8824,37090.6910,37527.4264,37703.7426,37880.1929],[0.0138,0.0136,0.0134,0.0134,0.0133][0.0942,0.0928,0.0975,0.0945,0.0905][0.0015,0.0013,0.0014,0.0015,0.0014][0.0182,0.0175,0.0178,0.0178,0.0173],1492926464,4220,1087,1492926464
0ac30fcd9,256,65536,21474836480,100,lbr_now_nifs,-1,lz4,41316,707,837,1492926464,.0078,1024,1024,[312.6752,301.0589,302.8039,290.1574,310.0594],[0.0207,0.0218,0.0217,0.0219,0.0208][0.1158,0.1035,0.1040,0.1095,0.1160][0.0018,0.0016,0.0023,0.0017,0.0025][0.0222,0.0230,0.0228,0.0237,0.0219],[38087.6899,38709.5638,38184.9544,39091.8927,39605.5375],[0.0263,0.0259,0.0262,0.0256,0.0252][0.1134,0.1105,0.1092,0.1110,0.1167][0.0010,0.0007,0.0018,0.0025,0.0018][0.0238,0.0236,0.0236,0.0237,0.0218],1492910080,4179,1085,1492910080
0ac30fcd9,256,65536,21474836480,100,lbr_now_nifs,-1,lz4,41316,707,837,1492910080,.0078,2048,1024,[336.1513,318.9471,310.5618,330.5558,312.8242],[0.0479,0.0472,0.0448,0.0461,0.0442][0.1586,0.1590,0.1452,0.1585,0.1555][0.0066,0.0058,0.0028,0.0043,0.0044][0.0331,0.0316,0.0306,0.0306,0.0319],[41185.8667,40518.3692,39762.4683,40828.3998,40641.1492],[0.0486,0.0492,0.0503,0.0490,0.0494][0.1581,0.1435,0.1525,0.1382,0.1426][0.0033,0.0074,0.0065,0.0118,0.0037][0.0287,0.0293,0.0280,0.0272,0.0276],1492828160,4102,1921,1492852736
0ac30fcd9,256,65536,21474836480,100,lbr_now_nifs,-1,lz4,48922,668,2123,469622784,.0078,32,2048,[95.6618,101.8533,97.2113,101.6729,96.3837],[0.0020,0.0020,0.0019,0.0020,0.0021][0.0524,0.0522,0.0512,0.0517,0.0492][0.0011,0.0010,0.0011,0.0010,0.0011][0.0026,0.0036,0.0029,0.0036,0.0041],[12866.5994,12790.9273,12890.2200,12842.0117,12963.7071],[0.0025,0.0025,0.0025,0.0025,0.0025][0.0553,0.0548,0.0531,0.0536,0.0515][0.0005,0.0006,0.0006,0.0006,0.0006][0.0054,0.0056,0.0055,0.0057,0.0055],3410567168,8784,2489,3410567168
0ac30fcd9,256,65536,21474836480,100,lbr_now_nifs,-1,lz4,48922,668,2123,3410567168,.0078,64,2048,[139.0297,143.7053,140.6171,149.0251,149.2765],[0.0026,0.0026,0.0028,0.0028,0.0024][0.0763,0.0819,0.0796,0.0738,0.0741][0.0010,0.0011,0.0011,0.0010,0.0010][0.0061,0.0062,0.0075,0.0071,0.0055],[18166.2509,18327.2574,18003.3800,18679.1243,18627.4412],[0.0035,0.0035,0.0035,0.0034,0.0034][0.0786,0.0820,0.0811,0.0741,0.0750][0.0007,0.0007,0.0007,0.0007,0.0008][0.0092,0.0089,0.0094,0.0088,0.0088],3409354752,8334,2349,3409354752
0ac30fcd9,256,65536,21474836480,100,lbr_now_nifs,-1,lz4,48922,668,2123,3409354752,.0078,128,2048,[174.7081,180.0813,173.6933,174.8357,177.9186],[0.0044,0.0040,0.0037,0.0043,0.0033][0.0992,0.1029,0.0989,0.1049,0.0967][0.0011,0.0011,0.0011,0.0012,0.0010][0.0121,0.0099,0.0093,0.0115,0.0077],[22737.1910,22862.0805,22412.2632,22769.2123,23231.5564],[0.0056,0.0056,0.0057,0.0056,0.0055][0.1025,0.1074,0.1066,0.1056,0.1034][0.0012,0.0008,0.0010,0.0010,0.0010][0.0143,0.0140,0.0144,0.0141,0.0140],3409494016,8499,2318,3409494016
0ac30fcd9,256,65536,21474836480,100,lbr_now_nifs,-1,lz4,48922,668,2123,3409494016,.0078,256,2048,[193.2197,201.1629,202.6344,199.1637,197.6704],[0.0072,0.0081,0.0077,0.0070,0.0073][0.1350,0.1271,0.1276,0.1292,0.1213][0.0014,0.0013,0.0014,0.0013,0.0012][0.0182,0.0200,0.0192,0.0174,0.0175],[25279.0533,25422.9107,25691.4597,26022.0437,26070.0634],[0.0100,0.0100,0.0099,0.0097,0.0097][0.1345,0.1306,0.1382,0.1303,0.1275][0.0014,0.0010,0.0011,0.0016,0.0015][0.0233,0.0228,0.0229,0.0225,0.0223],3409133568,8698,2322,3409133568
0ac30fcd9,256,65536,21474836480,100,lbr_now_nifs,-1,lz4,48922,668,2123,3409133568,.0078,512,2048,[216.5308,208.2799,222.3499,216.3548,227.4648],[0.0159,0.0166,0.0141,0.0157,0.0151][0.1481,0.1532,0.1491,0.1492,0.1419][0.0016,0.0016,0.0019,0.0018,0.0017][0.0295,0.0299,0.0265,0.0289,0.0274],[27137.7879,27320.9459,27777.8051,27203.9433,27834.6148],[0.0186,0.0184,0.0182,0.0186,0.0181][0.1463,0.1484,0.1506,0.1551,0.1420][0.0014,0.0013,0.0013,0.0015,0.0019][0.0318,0.0310,0.0311,0.0314,0.0302],3408445440,11545,3319,3408502784
0ac30fcd9,256,65536,21474836480,100,lbr_now_nifs,-1,lz4,48922,668,2123,3408502784,.0078,1024,2048,[226.7640,212.0193,218.3587,220.6043,221.4133],[0.0297,0.0336,0.0300,0.0308,0.0319][0.1614,0.1656,0.1649,0.1647,0.1653][0.0024,0.0024,0.0027,0.0033,0.0033][0.0392,0.0414,0.0384,0.0393,0.0408],[28146.8084,28629.0824,28299.7714,28991.0909,28104.4967],[0.0358,0.0351,0.0356,0.0347,0.0355][0.1640,0.1637,0.1567,0.1862,0.1630][0.0021,0.0012,0.0032,0.0019,0.0014][0.0417,0.0413,0.0408,0.0407,0.0420],3409084416,11990,3297,3409166336
0ac30fcd9,256,65536,21474836480,100,lbr_now_nifs,-1,lz4,48922,668,2123,3409166336,.0078,2048,2048,[232.2681,215.3084,223.2343,239.0972,224.8218],[0.0741,0.0733,0.0724,0.0663,0.0785][0.2173,0.2047,0.2013,0.2061,0.2179][0.0068,0.0051,0.0081,0.0037,0.0065][0.0552,0.0586,0.0547,0.0530,0.0582],[29097.7449,28459.3277,28491.2550,29319.1706,28437.8285],[0.0690,0.0703,0.0706,0.0686,0.0698][0.1910,0.1948,0.2013,0.1947,0.2148][0.0036,0.0063,0.0040,0.0051,0.0030][0.0499,0.0524,0.0511,0.0504,0.0501],3408617472,11310,4372,3408691200
0ac30fcd9,256,65536,21474836480,100,lbr_now_nifs,-1,lz4,60615,657,2979,830160896,.0078,32,4096,[82.1998,80.1444,82.9101,77.8727,88.4062],[0.0029,0.0030,0.0028,0.0031,0.0026][0.0655,0.0677,0.0646,0.0676,0.0605][0.0013,0.0016,0.0015,0.0015,0.0015][0.0048,0.0052,0.0047,0.0060,0.0043],[10517.3451,10355.2964,10438.5988,10640.9661,10976.1644],[0.0030,0.0031,0.0030,0.0030,0.0029][0.1358,0.0717,0.0757,0.0690,0.0637][0.0009,0.0010,0.0010,0.0010,0.0010][0.0077,0.0081,0.0080,0.0077,0.0076],6505693184,14067,4451,6505750528
0ac30fcd9,256,65536,21474836480,100,lbr_now_nifs,-1,lz4,60615,657,2979,6505750528,.0078,64,4096,[112.8930,109.9026,115.2120,112.7124,114.4648],[0.0036,0.0034,0.0033,0.0035,0.0039][0.0975,0.0960,0.0950,0.0916,0.0917][0.0014,0.0016,0.0015,0.0015,0.0015][0.0083,0.0071,0.0073,0.0088,0.0097],[14491.5473,14331.7880,14627.0862,14985.8774,14374.6468],[0.0044,0.0044,0.0043,0.0042,0.0044][0.1004,0.0964,0.0959,0.0933,0.0951][0.0011,0.0012,0.0012,0.0011,0.0012][0.0127,0.0126,0.0122,0.0120,0.0122],6504259584,13940,4372,6504366080
0ac30fcd9,256,65536,21474836480,100,lbr_now_nifs,-1,lz4,60615,657,2979,6504366080,.0078,128,4096,[133.7532,139.0444,130.9734,136.7107,137.9110],[0.0059,0.0054,0.0054,0.0045,0.0055][0.1316,0.1390,0.1362,0.1260,0.1304][0.0017,0.0016,0.0016,0.0016,0.0016][0.0164,0.0150,0.0141,0.0107,0.0147],[17511.2666,17607.1929,16856.4222,17698.4341,17948.1894],[0.0073,0.0072,0.0075,0.0072,0.0071][0.1468,0.1399,0.1510,0.1387,0.1367][0.0014,0.0014,0.0013,0.0014,0.0013][0.0202,0.0202,0.0208,0.0198,0.0195],6503841792,12465,3374,6503874560
0ac30fcd9,256,65536,21474836480,100,lbr_now_nifs,-1,lz4,60615,657,2979,6503874560,.0078,256,4096,[144.8537,144.5715,150.3283,151.0388,150.5379],[0.0112,0.0102,0.0100,0.0101,0.0120][0.1869,0.1900,0.1658,0.1771,0.1758][0.0020,0.0017,0.0019,0.0017,0.0016][0.0287,0.0255,0.0239,0.0253,0.0294],[18989.7133,18827.0206,19258.0377,19553.4031,18760.2811],[0.0134,0.0135,0.0132,0.0130,0.0135][0.1871,0.1891,0.1772,0.1801,0.1769][0.0018,0.0017,0.0015,0.0017,0.0013][0.0320,0.0318,0.0314,0.0317,0.0318],6503620608,13862,5266,6503694336
0ac30fcd9,256,65536,21474836480,100,lbr_now_nifs,-1,lz4,60615,657,2979,6503694336,.0078,512,4096,[167.3450,169.8462,170.5872,159.4712,162.0768],[0.0211,0.0194,0.0212,0.0218,0.0219][0.2128,0.2011,0.1968,0.2254,0.1994][0.0018,0.0021,0.0019,0.0026,0.0025][0.0408,0.0375,0.0402,0.0418,0.0413],[20973.5085,21314.3718,21070.9260,20562.9390,21246.2310],[0.0241,0.0237,0.0240,0.0246,0.0238][0.2071,0.2028,0.1929,0.2283,0.1978][0.0014,0.0016,0.0016,0.0021,0.0018][0.0454,0.0441,0.0447,0.0460,0.0443],6502400000,16297,5351,6502481920
0ac30fcd9,256,65536,21474836480,100,lbr_now_nifs,-1,lz4,60615,657,2979,6502481920,.0078,1024,4096,[169.8728,170.6302,163.5429,168.0741,159.6324],[0.0557,0.0476,0.0488,0.0512,0.0520][0.2384,0.2186,0.2651,0.2302,0.2234][0.0046,0.0032,0.0031,0.0037,0.0050][0.0650,0.0604,0.0624,0.0636,0.0639],[20901.5118,21659.1203,20934.5391,21184.4250,21437.8858],[0.0475,0.0465,0.0481,0.0476,0.0470][0.2160,0.2083,0.2637,0.2227,0.2126][0.0019,0.0020,0.0019,0.0025,0.0020][0.0595,0.0592,0.0608,0.0609,0.0606],6502678528,17628,5323,6502785024
0ac30fcd9,256,65536,21474836480,100,lbr_now_nifs,-1,lz4,60615,657,2979,6502785024,.0078,2048,4096,[162.1594,166.5966,164.8770,167.7354,166.2352],[0.1098,0.1102,0.1130,0.1073,0.1070][0.2957,0.2791,0.2874,0.2951,0.2874][0.0098,0.0118,0.0072,0.0097,0.0081][0.0886,0.0883,0.0874,0.0868,0.0859],[20514.1779,21760.1185,21061.4291,20725.7089,21192.4425],[0.0969,0.0926,0.0955,0.0971,0.0950][0.2691,0.2454,0.2557,0.2621,0.2504][0.0066,0.0150,0.0035,0.0023,0.0036][0.0775,0.0740,0.0744,0.0775,0.0754],6502555648,16377,4320,6502612992
0ac30fcd9,256,65536,21474836480,100,lbr_now_nifs,-1,lz4,63874,669,4587,1227726848,.0078,32,8192,[61.7812,62.3892,63.0260,65.0902,67.6387],[0.0044,0.0043,0.0043,0.0043,0.0042][0.0905,0.0883,0.0878,0.0869,0.0870][0.0022,0.0018,0.0022,0.0024,0.0024][0.0075,0.0072,0.0071,0.0075,0.0073],[8029.9126,7993.0039,8111.5295,8328.2028,8376.6402],[0.0039,0.0040,0.0039,0.0038,0.0038][0.1399,0.0944,0.1433,0.0961,0.0942][0.0011,0.0011,0.0011,0.0011,0.0009][0.0114,0.0114,0.0114,0.0111,0.0109],10073284608,31451,5947,10073415680
0ac30fcd9,256,65536,21474836480,100,lbr_now_nifs,-1,lz4,63874,669,4587,10073415680,.0078,64,8192,[84.9342,82.9265,83.8175,81.2639,85.8401],[0.0052,0.0053,0.0057,0.0056,0.0054][0.1313,0.1175,0.1152,0.1233,0.1303][0.0022,0.0022,0.0025,0.0024,0.0023][0.0108,0.0117,0.0126,0.0122,0.0123],[10769.1817,10981.1920,11174.3155,10696.4473,10821.2997],[0.0059,0.0058,0.0057,0.0059,0.0059][0.1307,0.1195,0.1182,0.1277,0.1357][0.0011,0.0010,0.0011,0.0011,0.0011][0.0171,0.0166,0.0162,0.0171,0.0172],10150330368,24853,6258,10150486016
0ac30fcd9,256,65536,21474836480,100,lbr_now_nifs,-1,lz4,63874,669,4587,10150486016,.0078,128,8192,[97.4709,96.1460,101.2276,100.3045,92.7932],[0.0077,0.0075,0.0076,0.0081,0.0088][0.1779,0.1721,0.1802,0.1784,0.1999][0.0024,0.0025,0.0024,0.0026,0.0023][0.0198,0.0183,0.0189,0.0214,0.0245],[12660.2623,13092.3537,12934.8565,12943.0285,11989.4734],[0.0100,0.0097,0.0098,0.0098,0.0106][0.1852,0.1749,0.1773,0.1863,0.1996][0.0013,0.0013,0.0012,0.0015,0.0015][0.0288,0.0280,0.0280,0.0290,0.0317],10149257216,24660,6134,10149429248
0ac30fcd9,256,65536,21474836480,100,lbr_now_nifs,-1,lz4,63874,669,4587,10149429248,.0078,256,8192,[107.4386,109.0627,107.3771,115.7405,107.0410],[0.0178,0.0160,0.0166,0.0159,0.0180][0.2418,0.2423,0.2425,0.2350,0.2861][0.0029,0.0028,0.0028,0.0029,0.0027][0.0423,0.0394,0.0390,0.0378,0.0432],[13918.1456,13739.8466,14105.0537,14315.3571,13519.5019],[0.0182,0.0185,0.0180,0.0177,0.0187][0.2420,0.2487,0.2423,0.2342,0.3081][0.0018,0.0018,0.0019,0.0021,0.0016][0.0449,0.0465,0.0438,0.0436,0.0478],10029039616,27040,7039,10029252608
0ac30fcd9,256,65536,21474836480,100,lbr_now_nifs,-1,lz4,63874,669,4587,10029252608,.0078,512,8192,[109.5241,114.5901,108.1745,111.3709,114.8616],[0.0378,0.0339,0.0362,0.0363,0.0372][0.2902,0.2837,0.2680,0.2791,0.2617][0.0049,0.0043,0.0050,0.0038,0.0041][0.0632,0.0587,0.0613,0.0616,0.0611],[13948.9517,14057.4836,14218.7029,14323.3731,14322.7619],[0.0363,0.0360,0.0356,0.0354,0.0353][0.2835,0.2792,0.2665,0.2701,0.2563][0.0029,0.0016,0.0021,0.0015,0.0021][0.0625,0.0635,0.0625,0.0615,0.0615],10028679168,30978,6372,10028834816
0ac30fcd9,256,65536,21474836480,100,lbr_now_nifs,-1,lz4,63874,669,4587,10028834816,.0078,1024,8192,[116.1491,115.2079,113.9847,116.6884,104.2236],[0.0771,0.0805,0.0871,0.0819,0.0910][0.2867,0.2873,0.3076,0.2974,0.3487][0.0071,0.0087,0.0081,0.0074,0.0084][0.0844,0.0867,0.0933,0.0873,0.1003],[14520.0558,14807.2105,14349.3388,14812.7522,13634.7015],[0.0696,0.0682,0.0704,0.0682,0.0741][0.2725,0.2740,0.2876,0.2834,0.3368][0.0049,0.0012,0.0087,0.0060,0.0064][0.0796,0.0792,0.0815,0.0794,0.0888],10147061760,29074,6400,10147110912
0ac30fcd9,256,65536,21474836480,100,lbr_now_nifs,-1,lz4,63874,669,4587,10147110912,.0078,2048,8192,[115.0990,120.5974,113.6101,120.8323,103.0576],[0.1673,0.1626,0.1660,0.1717,0.1834][0.4189,0.4007,0.4481,0.4580,0.5193][0.0235,0.0117,0.0198,0.0258,0.0198][0.1104,0.1054,0.1116,0.1132,0.1362],[15044.6825,15208.7204,14850.8565,14691.8853,13150.1037],[0.1341,0.1319,0.1359,0.1371,0.1535][0.3505,0.3371,0.3480,0.3713,0.4772][0.0081,0.0072,0.0030,0.0144,0.0021][0.0943,0.0919,0.0988,0.0970,0.1183],10146996224,29378,6447,10147086336
0ac30fcd9,256,65536,21474836480,100,lbr_now_nifs,-1,lz4,71624,636,8067,2346926080,.0078,32,16384,[40.0172,45.8126,46.5220,44.2274,45.7773],[0.0074,0.0067,0.0076,0.0073,0.0068][0.1406,0.1431,0.1575,0.3616,0.1306][0.0036,0.0036,0.0037,0.0035,0.0036][0.0146,0.0117,0.0146,0.0159,0.0111],[5487.2212,5558.1655,5668.7094,5550.6336,5899.3192],[0.0058,0.0057,0.0056,0.0057,0.0054][0.1488,0.1763,0.2591,0.5308,0.1503][0.0011,0.0010,0.0011,0.0011,0.0011][0.0189,0.0186,0.0180,0.0202,0.0168],19616079872,80755,9486,19616219136
0ac30fcd9,256,65536,21474836480,100,lbr_now_nifs,-1,lz4,71624,636,8067,19616219136,.0078,64,16384,[56.7125,56.6965,55.2969,53.0498,57.0042],[0.0084,0.0089,0.0089,0.0091,0.0091][0.1806,0.1930,0.1953,0.2785,0.2430][0.0037,0.0037,0.0040,0.0039,0.0039][0.0177,0.0195,0.0197,0.0218,0.0212],[7459.7813,7335.2535,7116.7957,6805.3191,7037.4741],[0.0085,0.0087,0.0089,0.0093,0.0090][0.1885,0.2072,0.2004,0.2769,0.2440][0.0012,0.0012,0.0012,0.0011,0.0012][0.0273,0.0275,0.0289,0.0312,0.0292],19714383872,64021,8897,19714588672
0ac30fcd9,256,65536,21474836480,100,lbr_now_nifs,-1,lz4,71624,636,8067,19714588672,.0078,128,16384,[63.6216,64.6452,56.0576,64.7395,56.6563],[0.0139,0.0122,0.0162,0.0148,0.0167][0.2514,0.2784,0.3490,0.3858,0.3645][0.0043,0.0041,0.0044,0.0043,0.0045][0.0332,0.0292,0.0438,0.0374,0.0460],[8329.6851,7975.7887,7383.5614,8017.4639,7344.4577],[0.0152,0.0158,0.0172,0.0158,0.0173][0.2630,0.3784,0.3848,0.3888,0.5851][0.0015,0.0015,0.0014,0.0014,0.0014][0.0455,0.0485,0.0550,0.0478,0.0564],19710271488,62117,8618,19710353408
0ac30fcd9,256,65536,21474836480,100,lbr_now_nifs,-1,lz4,71624,636,8067,19710353408,.0078,256,16384,[63.3798,58.4378,58.7459,61.4680,62.5827],[0.0344,0.0357,0.0420,0.0318,0.0327][0.3416,0.4776,0.3933,0.3336,0.3705][0.0060,0.0054,0.0057,0.0049,0.0051][0.0657,0.0752,0.0836,0.0627,0.0656],[8130.3171,7385.7280,7358.5928,8015.6782,8091.3097],[0.0312,0.0343,0.0344,0.0317,0.0314][0.3295,0.4678,0.3882,0.3260,0.3587][0.0026,0.0026,0.0029,0.0027,0.0015][0.0670,0.0787,0.0787,0.0676,0.0678],19608969216,89989,9668,19609206784
0ac30fcd9,256,65536,21474836480,100,lbr_now_nifs,-1,lz4,71624,636,8067,19609206784,.0078,512,16384,[64.0571,62.2811,63.3452,56.7087,39.2474],[0.0772,0.0812,0.0782,0.0933,0.1341][0.3134,0.3975,0.5128,0.9669,0.9429][0.0065,0.0058,0.0078,0.0075,0.0062][0.0947,0.1042,0.1023,0.1356,0.2260],[8380.9344,7984.0805,8041.9551,7336.6825,4903.6284],[0.0604,0.0634,0.0628,0.0690,0.1033][0.2992,0.3905,0.5062,0.9661,0.9319][0.0014,0.0040,0.0045,0.0029,0.0024][0.0866,0.0939,0.0950,0.1176,0.2041],19609018368,307224,9955,19609444352
0ac30fcd9,256,65536,21474836480,100,lbr_now_nifs,-1,lz4,71624,636,8067,19609444352,.0078,1024,16384,[72.4515,61.1285,68.6654,66.4756,66.2985],[0.1597,0.1741,0.1723,0.1617,0.1646][0.4041,0.5255,0.4344,0.4477,0.4853][0.0151,0.0134,0.0156,0.0124,0.0152][0.1259,0.1498,0.1362,0.1346,0.1374],[8876.9646,7934.3255,8519.2412,8412.0054,8298.8549],[0.1137,0.1266,0.1185,0.1201,0.1218][0.3760,0.4893,0.4162,0.4052,0.4647][0.0036,0.0036,0.0024,0.0039,0.0031][0.1113,0.1303,0.1167,0.1181,0.1211],19707969536,271964,9190,19708076032
0ac30fcd9,256,65536,21474836480,100,lbr_now_nifs,-1,lz4,71624,636,8067,19708076032,.0078,2048,16384,[68.5987,68.7013,65.7238,67.3441,67.1293],[0.2787,0.2821,0.2881,0.2710,0.2917][0.6760,0.7112,0.7291,0.6784,0.7100][0.0421,0.0371,0.0390,0.0341,0.0385][0.1418,0.1563,0.1635,0.1545,0.1442],[9046.6593,8475.0450,8284.3946,8570.8152,8689.4042],[0.2225,0.2385,0.2441,0.2321,0.2325][0.5805,0.5684,0.5715,0.6253,0.5416][0.0027,0.0293,0.0024,0.0040,0.0273][0.1345,0.1484,0.1542,0.1440,0.1444],19709509632,272392,9168,19709714432
0ac30fcd9,256,65536,21474836480,100,lbr_kid_now_norm,-1,lz4,41798,624,640,130490368,.0078,32,256,[139.7134,132.4503,143.6181,136.4929,136.7771],[0.0015,0.0014,0.0015,0.0015,0.0015][0.0217,0.0188,0.0209,0.0185,0.0204][0.0007,0.0008,0.0008,0.0008,0.0008][0.0013,0.0009,0.0015,0.0013,0.0015],[17590.3762,17658.0113,17697.1008,17894.2112,17626.1836],[0.0018,0.0018,0.0018,0.0018,0.0018][0.0227,0.0226,0.0227,0.0215,0.0214][0.0004,0.0004,0.0004,0.0005,0.0005][0.0019,0.0019,0.0019,0.0018,0.0019],482271232,2738,810,482271232
0ac30fcd9,256,65536,21474836480,100,lbr_kid_now_norm,-1,lz4,41798,624,640,482271232,.0078,64,256,[205.8487,221.4751,214.9214,216.1259,217.1321],[0.0018,0.0017,0.0018,0.0017,0.0016][0.0286,0.0289,0.0280,0.0257,0.0286][0.0008,0.0008,0.0007,0.0008,0.0009][0.0025,0.0018,0.0025,0.0021,0.0017],[27610.6680,28154.2614,28138.0882,28332.9648,28259.1392],[0.0023,0.0023,0.0023,0.0022,0.0022][0.0373,0.0298,0.0293,0.0316,0.0311][0.0006,0.0005,0.0006,0.0006,0.0006][0.0033,0.0031,0.0032,0.0031,0.0031],482230272,2683,822,482230272
0ac30fcd9,256,65536,21474836480,100,lbr_kid_now_norm,-1,lz4,41798,624,640,482230272,.0078,128,256,[266.3475,282.0828,291.3545,272.8458,290.8620],[0.0026,0.0025,0.0024,0.0026,0.0025][0.0430,0.0422,0.0415,0.0445,0.0431][0.0008,0.0008,0.0008,0.0008,0.0009][0.0043,0.0039,0.0038,0.0046,0.0042],[36342.0263,36979.6065,37276.2523,37410.8027,37408.7786],[0.0035,0.0034,0.0034,0.0034,0.0034][0.0441,0.0447,0.0441,0.0476,0.0441][0.0007,0.0008,0.0008,0.0006,0.0008][0.0053,0.0054,0.0056,0.0056,0.0053],482254848,2668,795,482254848
0ac30fcd9,256,65536,21474836480,100,lbr_kid_now_norm,-1,lz4,41798,624,640,482254848,.0078,256,256,[333.1823,346.5710,336.0284,362.1231,345.5689],[0.0047,0.0049,0.0043,0.0047,0.0043][0.0533,0.0528,0.0538,0.0514,0.0543][0.0010,0.0009,0.0009,0.0010,0.0009][0.0068,0.0075,0.0061,0.0070,0.0062],[42081.3874,43022.9216,43556.2158,43474.5345,44296.1561],[0.0060,0.0059,0.0058,0.0058,0.0057][0.0526,0.0547,0.0562,0.0552,0.0549][0.0010,0.0009,0.0012,0.0008,0.0012][0.0079,0.0077,0.0076,0.0076,0.0076],482074624,2697,804,482074624
0ac30fcd9,256,65536,21474836480,100,lbr_kid_now_norm,-1,lz4,41798,624,640,482074624,.0078,512,256,[368.8522,381.4073,374.4180,391.1652,388.0186],[0.0084,0.0081,0.0085,0.0085,0.0083][0.0673,0.0560,0.0668,0.0608,0.0632][0.0013,0.0013,0.0011,0.0015,0.0011][0.0098,0.0093,0.0102,0.0099,0.0097],[46075.6983,46814.9764,47345.3748,47184.5815,47750.1001],[0.0109,0.0107,0.0106,0.0106,0.0105][0.0665,0.0631,0.0691,0.0616,0.0648][0.0014,0.0015,0.0014,0.0010,0.0014][0.0112,0.0106,0.0105,0.0103,0.0104],482058240,2714,792,482058240
0ac30fcd9,256,65536,21474836480,100,lbr_kid_now_norm,-1,lz4,41798,624,640,482058240,.0078,1024,256,[378.1744,372.7320,376.9512,370.0843,396.4121],[0.0174,0.0179,0.0173,0.0173,0.0166][0.0741,0.0736,0.0750,0.0809,0.0755][0.0018,0.0014,0.0021,0.0031,0.0026][0.0144,0.0149,0.0145,0.0147,0.0143],[48489.2479,48461.0375,48619.6678,49055.2260,48644.1525],[0.0207,0.0204,0.0206,0.0204,0.0206][0.0772,0.0782,0.0756,0.0796,0.0821][0.0020,0.0017,0.0021,0.0024,0.0017][0.0145,0.0137,0.0143,0.0143,0.0146],482131968,2701,814,482131968
0ac30fcd9,256,65536,21474836480,100,lbr_kid_now_norm,-1,lz4,41798,624,640,482131968,.0078,2048,256,[387.8950,387.2186,395.0966,382.3456,383.3406],[0.0344,0.0386,0.0355,0.0356,0.0349][0.0994,0.1054,0.1098,0.1064,0.1106][0.0029,0.0051,0.0047,0.0066,0.0043][0.0192,0.0213,0.0206,0.0204,0.0218],[50238.0916,49954.0795,48378.3186,48840.1380,49099.4574],[0.0399,0.0401,0.0414,0.0410,0.0406][0.1008,0.0957,0.1078,0.1076,0.1068][0.0052,0.0084,0.0084,0.0064,0.0057][0.0185,0.0178,0.0194,0.0192,0.0193],482156544,2739,803,482156544
0ac30fcd9,256,65536,21474836480,100,lbr_kid_now_norm,-1,lz4,39830,613,697,148586496,.0078,32,512,[128.3345,134.2837,132.6933,132.9839,129.3473],[0.0016,0.0016,0.0015,0.0015,0.0016][0.0209,0.0230,0.0209,0.0216,0.0243][0.0009,0.0008,0.0008,0.0009,0.0008][0.0013,0.0014,0.0011,0.0013,0.0014],[16847.0774,16895.7909,16922.9767,17193.8807,17104.9854],[0.0019,0.0019,0.0019,0.0018,0.0019][0.0566,0.0283,0.0289,0.0284,0.0262][0.0005,0.0005,0.0005,0.0005,0.0005][0.0023,0.0023,0.0024,0.0021,0.0021],787890176,3263,1375,787898368
0ac30fcd9,256,65536,21474836480,100,lbr_kid_now_norm,-1,lz4,39830,613,697,787898368,.0078,64,512,[193.6142,215.8467,216.9806,209.0562,198.3272],[0.0020,0.0019,0.0019,0.0018,0.0018][0.0390,0.0352,0.0347,0.0321,0.0312][0.0008,0.0009,0.0009,0.0008,0.0009][0.0030,0.0029,0.0028,0.0021,0.0023],[25847.1043,26235.6049,26211.4946,26388.2420,26729.2006],[0.0025,0.0024,0.0024,0.0024,0.0024][0.0394,0.0364,0.0374,0.0385,0.0333][0.0006,0.0006,0.0006,0.0006,0.0006][0.0040,0.0039,0.0039,0.0039,0.0037],787709952,3201,866,787709952
0ac30fcd9,256,65536,21474836480,100,lbr_kid_now_norm,-1,lz4,39830,613,697,787709952,.0078,128,512,[250.2032,281.2164,258.7612,280.4351,286.9907],[0.0030,0.0028,0.0028,0.0027,0.0027][0.0507,0.0519,0.0489,0.0455,0.0466][0.0009,0.0008,0.0009,0.0008,0.0009][0.0057,0.0051,0.0048,0.0043,0.0045],[33401.1755,34179.1673,34334.3265,35284.2723,35495.2320],[0.0038,0.0037,0.0037,0.0036,0.0036][0.0519,0.0556,0.0539,0.0510,0.0500][0.0008,0.0009,0.0009,0.0008,0.0008][0.0064,0.0063,0.0064,0.0060,0.0058],787767296,3162,892,787767296
0ac30fcd9,256,65536,21474836480,100,lbr_kid_now_norm,-1,lz4,39830,613,697,787767296,.0078,256,512,[303.7036,312.3413,325.9399,303.2220,319.7498],[0.0055,0.0049,0.0045,0.0048,0.0046][0.0630,0.0600,0.0656,0.0582,0.0600][0.0011,0.0011,0.0009,0.0010,0.0010][0.0095,0.0078,0.0069,0.0076,0.0075],[40321.5977,40327.6469,40799.5001,40948.5144,41858.6786],[0.0063,0.0063,0.0062,0.0062,0.0060][0.0641,0.0615,0.0665,0.0626,0.0624][0.0013,0.0012,0.0009,0.0009,0.0012][0.0092,0.0090,0.0091,0.0089,0.0089],787808256,3177,881,787808256
0ac30fcd9,256,65536,21474836480,100,lbr_kid_now_norm,-1,lz4,39830,613,697,787808256,.0078,512,512,[331.5969,350.2949,342.1433,373.2475,350.1773],[0.0095,0.0089,0.0093,0.0089,0.0086][0.0767,0.0691,0.0714,0.0624,0.0673][0.0009,0.0012,0.0011,0.0010,0.0014][0.0125,0.0109,0.0116,0.0103,0.0103],[43492.5350,44066.1812,44401.2024,45384.6674,45057.9554],[0.0116,0.0114,0.0113,0.0111,0.0112][0.0743,0.0703,0.0724,0.0626,0.0710][0.0015,0.0008,0.0020,0.0010,0.0018][0.0133,0.0124,0.0122,0.0112,0.0119],787718144,3187,913,787718144
0ac30fcd9,256,65536,21474836480,100,lbr_kid_now_norm,-1,lz4,39830,613,697,787718144,.0078,1024,512,[341.8179,372.6694,364.4469,363.2521,343.8756],[0.0200,0.0187,0.0186,0.0188,0.0182][0.0954,0.0819,0.0895,0.0818,0.0815][0.0025,0.0023,0.0023,0.0024,0.0029][0.0183,0.0160,0.0167,0.0158,0.0160],[45989.7562,46017.4314,45866.9900,45173.2849,46453.7135],[0.0218,0.0218,0.0218,0.0222,0.0216][0.0839,0.0790,0.0873,0.0872,0.0861][0.0021,0.0015,0.0015,0.0016,0.0015][0.0166,0.0155,0.0166,0.0160,0.0160],787726336,3187,899,787726336
0ac30fcd9,256,65536,21474836480,100,lbr_kid_now_norm,-1,lz4,39830,613,697,787726336,.0078,2048,512,[358.6111,355.8990,364.2179,364.2075,367.7605],[0.0416,0.0406,0.0415,0.0404,0.0392][0.1335,0.1372,0.1166,0.1277,0.1182][0.0073,0.0043,0.0032,0.0042,0.0065][0.0246,0.0262,0.0255,0.0249,0.0226],[46085.7457,46134.8389,45649.4035,45992.9364,46955.0842],[0.0435,0.0434,0.0439,0.0436,0.0427][0.1243,0.1327,0.1260,0.1297,0.1198][0.0075,0.0063,0.0095,0.0091,0.0071][0.0220,0.0228,0.0217,0.0224,0.0213],787734528,3216,883,787734528
0ac30fcd9,256,65536,21474836480,100,lbr_kid_now_norm,-1,lz4,42947,616,740,184147968,.0078,32,1024,[121.6948,120.8901,122.0796,128.7275,122.8037],[0.0017,0.0017,0.0017,0.0018,0.0016][0.0227,0.0253,0.0226,0.0256,0.0231][0.0009,0.0009,0.0009,0.0010,0.0009][0.0013,0.0015,0.0016,0.0021,0.0012],[16018.1811,16095.0888,16058.0687,16259.1846,16088.8521],[0.0020,0.0020,0.0020,0.0020,0.0020][0.0497,0.0303,0.0295,0.0291,0.0322][0.0005,0.0005,0.0005,0.0005,0.0005][0.0025,0.0025,0.0026,0.0025,0.0025],1359536128,4143,1028,1359536128
0ac30fcd9,256,65536,21474836480,100,lbr_kid_now_norm,-1,lz4,42947,616,740,1359536128,.0078,64,1024,[185.8596,188.1583,180.1194,197.9718,191.0530],[0.0021,0.0021,0.0019,0.0021,0.0020][0.0398,0.0407,0.0405,0.0387,0.0402][0.0009,0.0009,0.0010,0.0009,0.0010][0.0035,0.0036,0.0027,0.0034,0.0031],[24252.7757,24375.0824,24225.6088,24625.7930,24963.2231],[0.0026,0.0026,0.0026,0.0026,0.0025][0.0406,0.0413,0.0436,0.0464,0.0396][0.0006,0.0006,0.0007,0.0006,0.0007][0.0044,0.0045,0.0045,0.0043,0.0041],1359372288,3783,990,1359372288
0ac30fcd9,256,65536,21474836480,100,lbr_kid_now_norm,-1,lz4,42947,616,740,1359372288,.0078,128,1024,[247.1372,246.3791,254.9300,258.5781,252.8755],[0.0030,0.0027,0.0029,0.0028,0.0030][0.0545,0.0516,0.0470,0.0469,0.0491][0.0010,0.0010,0.0010,0.0010,0.0009][0.0051,0.0041,0.0047,0.0041,0.0050],[31681.0081,32170.2313,32489.5990,33170.3013,33106.7360],[0.0040,0.0039,0.0039,0.0038,0.0038][0.0554,0.0547,0.0536,0.0553,0.0579][0.0008,0.0008,0.0008,0.0007,0.0009][0.0070,0.0066,0.0066,0.0062,0.0065],1359323136,3707,996,1359323136
0ac30fcd9,256,65536,21474836480,100,lbr_kid_now_norm,-1,lz4,42947,616,740,1359323136,.0078,256,1024,[296.1054,279.7541,307.8391,302.8649,293.0157],[0.0053,0.0056,0.0048,0.0051,0.0052][0.0630,0.0626,0.0657,0.0677,0.0702][0.0012,0.0012,0.0011,0.0011,0.0012][0.0090,0.0095,0.0074,0.0083,0.0088],[37183.5631,36869.0988,37882.2927,38275.9546,37587.5936],[0.0068,0.0069,0.0067,0.0066,0.0067][0.0644,0.0657,0.0706,0.0694,0.0724][0.0013,0.0014,0.0009,0.0014,0.0011][0.0108,0.0106,0.0105,0.0103,0.0109],1359167488,4140,1005,1359192064
0ac30fcd9,256,65536,21474836480,100,lbr_kid_now_norm,-1,lz4,42947,616,740,1359192064,.0078,512,1024,[299.7083,315.6758,319.9538,339.5091,310.9488],[0.0103,0.0103,0.0104,0.0103,0.0094][0.0804,0.0797,0.0791,0.0742,0.0805][0.0014,0.0014,0.0017,0.0013,0.0016][0.0136,0.0139,0.0136,0.0130,0.0119],[39497.8043,39837.7683,40173.6116,40537.8520,40838.1269],[0.0127,0.0126,0.0125,0.0124,0.0123][0.0828,0.0838,0.0808,0.0769,0.0845][0.0017,0.0016,0.0014,0.0016,0.0013][0.0153,0.0151,0.0144,0.0141,0.0144],1359101952,4299,1053,1359101952
0ac30fcd9,256,65536,21474836480,100,lbr_kid_now_norm,-1,lz4,42947,616,740,1359101952,.0078,1024,1024,[329.0007,334.7547,321.5264,336.1703,338.2567],[0.0200,0.0200,0.0210,0.0212,0.0206][0.0918,0.0928,0.0937,0.0958,0.0966][0.0020,0.0022,0.0024,0.0031,0.0030][0.0172,0.0183,0.0199,0.0189,0.0189],[42271.2016,42760.5613,42578.0581,41565.6375,43010.0690],[0.0236,0.0234,0.0235,0.0240,0.0233][0.0926,0.0948,0.0968,0.1017,0.0879][0.0024,0.0015,0.0015,0.0015,0.0032][0.0181,0.0184,0.0187,0.0185,0.0185],1359208448,4385,1013,1359208448
0ac30fcd9,256,65536,21474836480,100,lbr_kid_now_norm,-1,lz4,42947,616,740,1359208448,.0078,2048,1024,[338.6116,332.1882,325.0651,321.9489,338.4212],[0.0452,0.0460,0.0423,0.0455,0.0442][0.1681,0.1239,0.1406,0.1332,0.1458][0.0032,0.0066,0.0030,0.0067,0.0071][0.0309,0.0260,0.0275,0.0273,0.0266],[42958.6659,42833.5357,43865.7821,42976.7078,44123.9687],[0.0466,0.0466,0.0456,0.0464,0.0454][0.1485,0.1322,0.1203,0.1304,0.1233][0.0117,0.0040,0.0128,0.0073,0.0038][0.0256,0.0253,0.0247,0.0238,0.0232],1359405056,4375,995,1359405056
0ac30fcd9,256,65536,21474836480,100,lbr_kid_now_norm,-1,lz4,55021,627,1371,295845888,.0078,32,2048,[101.7341,102.4324,100.8298,103.6348,108.7227],[0.0023,0.0026,0.0023,0.0024,0.0024][0.0440,0.0471,0.0469,0.0477,0.0428][0.0013,0.0014,0.0013,0.0013,0.0012][0.0026,0.0041,0.0029,0.0033,0.0035],[13231.6379,13304.9058,13361.0524,13514.5668,13592.8884],[0.0024,0.0024,0.0024,0.0023,0.0023][0.0659,0.0475,0.0493,0.0470,0.0433][0.0006,0.0006,0.0006,0.0006,0.0006][0.0048,0.0048,0.0049,0.0048,0.0047],3156615168,9014,1711,3156615168
0ac30fcd9,256,65536,21474836480,100,lbr_kid_now_norm,-1,lz4,55021,627,1371,3156615168,.0078,64,2048,[152.2135,152.1787,148.2967,150.7515,149.2553],[0.0029,0.0026,0.0026,0.0026,0.0029][0.0640,0.0631,0.0653,0.0596,0.0655][0.0012,0.0013,0.0013,0.0013,0.0013][0.0059,0.0042,0.0046,0.0044,0.0059],[19274.8727,19332.8441,19300.0016,19632.6579,19684.8531],[0.0033,0.0033,0.0033,0.0032,0.0032][0.0649,0.0641,0.0654,0.0654,0.0646][0.0006,0.0007,0.0007,0.0007,0.0007][0.0077,0.0076,0.0076,0.0074,0.0074],3156508672,8657,1689,3156508672
0ac30fcd9,256,65536,21474836480,100,lbr_kid_now_norm,-1,lz4,55021,627,1371,3156508672,.0078,128,2048,[186.1970,191.0782,188.0747,190.0045,195.7323],[0.0041,0.0041,0.0044,0.0037,0.0036][0.0877,0.0824,0.0893,0.0822,0.0838][0.0013,0.0013,0.0014,0.0013,0.0015][0.0090,0.0091,0.0101,0.0067,0.0072],[24248.6366,24671.9219,24491.8408,24859.2645,25026.2282],[0.0052,0.0051,0.0052,0.0051,0.0051][0.0885,0.0887,0.0915,0.0838,0.0848][0.0012,0.0008,0.0009,0.0009,0.0008][0.0121,0.0119,0.0120,0.0114,0.0114],3156574208,8608,1690,3156574208
0ac30fcd9,256,65536,21474836480,100,lbr_kid_now_norm,-1,lz4,55021,627,1371,3156574208,.0078,256,2048,[207.3327,213.7388,216.7998,214.9518,210.7342],[0.0073,0.0078,0.0074,0.0081,0.0074][0.1205,0.1124,0.1152,0.1178,0.1143][0.0017,0.0017,0.0015,0.0016,0.0016][0.0163,0.0172,0.0163,0.0176,0.0163],[26752.5096,27275.1943,27937.0604,26552.0447,26944.0013],[0.0095,0.0093,0.0091,0.0095,0.0094][0.1217,0.1137,0.1173,0.1352,0.1205][0.0017,0.0016,0.0015,0.0013,0.0014][0.0206,0.0198,0.0193,0.0199,0.0204],3156131840,8266,1642,3156131840
0ac30fcd9,256,65536,21474836480,100,lbr_kid_now_norm,-1,lz4,55021,627,1371,3156131840,.0078,512,2048,[224.2451,233.4826,229.5560,236.2468,220.3211],[0.0137,0.0141,0.0142,0.0151,0.0157][0.1282,0.1342,0.1239,0.1237,0.1268][0.0019,0.0017,0.0019,0.0022,0.0021][0.0229,0.0230,0.0233,0.0250,0.0262],[29104.4917,29580.9582,29521.4453,29607.8115,29934.8215],[0.0174,0.0171,0.0171,0.0170,0.0168][0.1296,0.1352,0.1288,0.1278,0.1322][0.0021,0.0017,0.0013,0.0014,0.0014][0.0275,0.0267,0.0264,0.0271,0.0266],3156410368,11506,1673,3156492288
0ac30fcd9,256,65536,21474836480,100,lbr_kid_now_norm,-1,lz4,55021,627,1371,3156492288,.0078,1024,2048,[236.1108,235.4816,243.7331,243.7044,234.5517],[0.0316,0.0289,0.0315,0.0302,0.0314][0.1474,0.1451,0.1476,0.1493,0.1488][0.0036,0.0034,0.0031,0.0047,0.0036][0.0369,0.0335,0.0357,0.0349,0.0372],[30163.0351,30498.2302,30140.5783,30754.3031,30316.8978],[0.0330,0.0330,0.0333,0.0327,0.0331][0.1475,0.1491,0.1500,0.1641,0.1421][0.0021,0.0022,0.0022,0.0015,0.0037][0.0363,0.0357,0.0357,0.0353,0.0361],3156058112,11333,2654,3156107264
0ac30fcd9,256,65536,21474836480,100,lbr_kid_now_norm,-1,lz4,55021,627,1371,3156107264,.0078,2048,2048,[247.4911,242.6186,236.8281,243.7769,225.6455],[0.0717,0.0740,0.0676,0.0764,0.0743][0.2200,0.2258,0.2260,0.1955,0.2335][0.0043,0.0063,0.0065,0.0051,0.0070][0.0528,0.0548,0.0509,0.0509,0.0533],[30654.8103,30434.2374,30788.3239,30234.7664,30108.4202],[0.0655,0.0658,0.0652,0.0664,0.0666][0.1920,0.1916,0.1860,0.1941,0.2072][0.0056,0.0096,0.0029,0.0021,0.0012][0.0458,0.0460,0.0445,0.0455,0.0463],3156058112,11859,1655,3156058112
0ac30fcd9,256,65536,21474836480,100,lbr_kid_now_norm,-1,lz4,76975,626,1943,475217920,.0078,32,4096,[85.8547,84.7107,83.7123,86.6833,85.8627],[0.0031,0.0031,0.0030,0.0031,0.0030][0.0678,0.0603,0.0599,0.0668,0.0556][0.0018,0.0018,0.0018,0.0017,0.0018][0.0044,0.0042,0.0036,0.0048,0.0042],[10914.0581,10859.8061,11085.3562,11091.0309,11393.0745],[0.0029,0.0029,0.0029,0.0029,0.0028][0.0779,0.0621,0.0621,0.0672,0.0561][0.0010,0.0010,0.0010,0.0010,0.0010][0.0070,0.0071,0.0071,0.0069,0.0067],6069862400,13829,2545,6069968896
0ac30fcd9,256,65536,21474836480,100,lbr_kid_now_norm,-1,lz4,76975,626,1943,6069968896,.0078,64,4096,[115.2047,125.5336,127.3525,117.5876,123.8196],[0.0035,0.0036,0.0037,0.0044,0.0041][0.0866,0.0804,0.0863,0.0833,0.0825][0.0017,0.0018,0.0017,0.0018,0.0018][0.0056,0.0063,0.0068,0.0093,0.0090],[15003.4574,15585.6209,15556.3348,15354.3398,15490.1605],[0.0042,0.0041,0.0041,0.0041,0.0041][0.0880,0.0831,0.0862,0.0872,0.0824][0.0011,0.0012,0.0011,0.0012,0.0012][0.0113,0.0105,0.0107,0.0106,0.0108],6068674560,12425,2318,6068748288
0ac30fcd9,256,65536,21474836480,100,lbr_kid_now_norm,-1,lz4,76975,626,1943,6068748288,.0078,128,4096,[139.9493,147.9692,151.2349,149.1802,141.6260],[0.0057,0.0051,0.0052,0.0060,0.0053][0.1205,0.1212,0.1148,0.1215,0.1152][0.0019,0.0018,0.0018,0.0018,0.0018][0.0135,0.0108,0.0123,0.0148,0.0112],[18298.5706,18267.0397,18979.9694,19000.4585,18666.2983],[0.0069,0.0070,0.0067,0.0067,0.0068][0.1234,0.1228,0.1181,0.1190,0.1205][0.0013,0.0013,0.0011,0.0015,0.0015][0.0183,0.0176,0.0174,0.0172,0.0169],6069133312,13610,2262,6069133312
0ac30fcd9,256,65536,21474836480,100,lbr_kid_now_norm,-1,lz4,76975,626,1943,6069133312,.0078,256,4096,[158.0125,156.0020,161.4304,160.4449,167.0441],[0.0108,0.0108,0.0099,0.0107,0.0094][0.1554,0.1546,0.1545,0.1589,0.1454][0.0022,0.0020,0.0021,0.0019,0.0023][0.0244,0.0243,0.0223,0.0224,0.0191],[20138.0417,20726.0697,20734.4578,20756.6831,21971.9745],[0.0125,0.0122,0.0122,0.0122,0.0115][0.1585,0.1568,0.1568,0.1583,0.1438][0.0020,0.0019,0.0013,0.0016,0.0013][0.0281,0.0272,0.0276,0.0258,0.0244],6069837824,13357,3270,6069837824
0ac30fcd9,256,65536,21474836480,100,lbr_kid_now_norm,-1,lz4,76975,626,1943,6069837824,.0078,512,4096,[175.3152,179.6061,173.0766,168.3126,191.3262],[0.0201,0.0188,0.0191,0.0195,0.0198][0.1757,0.1612,0.1633,0.1615,0.1585][0.0028,0.0031,0.0024,0.0029,0.0026][0.0345,0.0326,0.0332,0.0324,0.0333],[23027.6042,23528.5163,23500.7804,22683.0361,23470.1863],[0.0219,0.0214,0.0215,0.0223,0.0215][0.1730,0.1621,0.1597,0.1696,0.1532][0.0017,0.0015,0.0015,0.0014,0.0020][0.0377,0.0366,0.0372,0.0365,0.0361],6070099968,16050,3279,6070149120
0ac30fcd9,256,65536,21474836480,100,lbr_kid_now_norm,-1,lz4,76975,626,1943,6070149120,.0078,1024,4096,[180.2514,184.0381,172.4551,179.7764,188.7172],[0.0457,0.0437,0.0465,0.0473,0.0447][0.1921,0.1981,0.1987,0.1905,0.1908][0.0055,0.0051,0.0049,0.0059,0.0036][0.0525,0.0506,0.0522,0.0530,0.0509],[23392.7137,23345.2079,23758.0496,23658.1502,23955.3661],[0.0426,0.0425,0.0424,0.0426,0.0420][0.1892,0.1848,0.1935,0.1837,0.1775][0.0020,0.0026,0.0029,0.0022,0.0014][0.0498,0.0487,0.0491,0.0497,0.0500],6069944320,15764,3306,6070001664
0ac30fcd9,256,65536,21474836480,100,lbr_kid_now_norm,-1,lz4,76975,626,1943,6070001664,.0078,2048,4096,[185.3865,185.2268,175.6765,182.1242,178.7444],[0.1014,0.1004,0.0990,0.0980,0.0993][0.2630,0.2474,0.2633,0.2512,0.2457][0.0165,0.0115,0.0096,0.0051,0.0146][0.0720,0.0716,0.0737,0.0724,0.0745],[23152.6950,23658.3509,23115.0245,23444.2787,23564.7842],[0.0860,0.0849,0.0871,0.0853,0.0854][0.2322,0.2108,0.2507,0.2028,0.2310][0.0055,0.0130,0.0039,0.0027,0.0048][0.0612,0.0625,0.0629,0.0625,0.0631],6069469184,17203,3293,6069551104
0ac30fcd9,256,65536,21474836480,100,lbr_kid_now_norm,-1,lz4,79674,652,2766,673947648,.0078,32,8192,[66.7082,64.1290,65.2795,68.5259,70.8767],[0.0043,0.0045,0.0045,0.0045,0.0042][0.1028,0.0767,0.0929,0.0753,0.0756][0.0025,0.0026,0.0025,0.0026,0.0025][0.0052,0.0066,0.0072,0.0067,0.0050],[8485.6051,8318.6702,8632.8255,8796.3874,8883.8404],[0.0037,0.0038,0.0037,0.0036,0.0036][0.1077,0.0936,0.0925,0.0770,0.0822][0.0011,0.0011,0.0010,0.0011,0.0010][0.0103,0.0105,0.0100,0.0095,0.0095],9278103552,33980,3732,9278242816
0ac30fcd9,256,65536,21474836480,100,lbr_kid_now_norm,-1,lz4,79674,652,2766,9278242816,.0078,64,8192,[88.4314,88.6600,89.9531,87.9814,80.4267],[0.0061,0.0058,0.0052,0.0052,0.0059][0.1096,0.1132,0.1063,0.1103,0.1174][0.0026,0.0023,0.0024,0.0025,0.0027][0.0128,0.0116,0.0089,0.0092,0.0121],[11373.7524,11263.3838,11630.1795,11177.2085,11105.4241],[0.0056,0.0056,0.0055,0.0057,0.0057][0.1135,0.1107,0.1092,0.1165,0.1301][0.0012,0.0012,0.0011,0.0011,0.0011][0.0156,0.0152,0.0152,0.0157,0.0162],9397051392,23418,3713,9397166080
0ac30fcd9,256,65536,21474836480,100,lbr_kid_now_norm,-1,lz4,79674,652,2766,9397166080,.0078,128,8192,[102.9066,103.8164,100.5739,106.1998,103.0348],[0.0078,0.0096,0.0080,0.0080,0.0081][0.1728,0.1622,0.1643,0.1663,0.1701][0.0026,0.0027,0.0029,0.0028,0.0026][0.0177,0.0230,0.0174,0.0181,0.0193],[13313.4092,13583.1239,13255.6998,13473.8878,13165.8904],[0.0095,0.0093,0.0096,0.0094,0.0096][0.1777,0.1623,0.1606,0.1694,0.1713][0.0013,0.0014,0.0013,0.0015,0.0013][0.0263,0.0259,0.0259,0.0263,0.0270],9396690944,25075,3752,9396854784
0ac30fcd9,256,65536,21474836480,100,lbr_kid_now_norm,-1,lz4,79674,652,2766,9396854784,.0078,256,8192,[114.3684,120.6660,117.3891,116.6180,120.0113],[0.0158,0.0151,0.0150,0.0150,0.0131][0.2182,0.2085,0.2111,0.2115,0.2403][0.0033,0.0033,0.0031,0.0031,0.0029][0.0357,0.0333,0.0328,0.0309,0.0284],[15093.6881,15018.9686,15157.5406,15126.7547,14778.6662],[0.0168,0.0169,0.0167,0.0168,0.0172][0.2160,0.2089,0.2125,0.2081,0.2831][0.0016,0.0020,0.0013,0.0017,0.0018][0.0396,0.0397,0.0399,0.0385,0.0413],9277636608,26583,4876,9277825024
0ac30fcd9,256,65536,21474836480,100,lbr_kid_now_norm,-1,lz4,79674,652,2766,9277825024,.0078,512,8192,[116.5181,129.6373,118.7752,116.3613,119.5386],[0.0341,0.0331,0.0311,0.0326,0.0324][0.2604,0.2231,0.2501,0.2293,0.2955][0.0046,0.0037,0.0048,0.0047,0.0044][0.0535,0.0519,0.0493,0.0514,0.0529],[15366.5505,15795.5021,15426.6337,15407.8250,14877.7540],[0.0329,0.0320,0.0328,0.0329,0.0340][0.2439,0.2202,0.2405,0.2287,0.2882][0.0023,0.0021,0.0025,0.0017,0.0026][0.0534,0.0532,0.0534,0.0550,0.0572],9396051968,28914,3622,9396117504
0ac30fcd9,256,65536,21474836480,100,lbr_kid_now_norm,-1,lz4,79674,652,2766,9396117504,.0078,1024,8192,[124.1306,123.4831,122.9234,125.3654,117.6267],[0.0757,0.0774,0.0791,0.0738,0.0748][0.2917,0.2519,0.2624,0.2701,0.2814][0.0087,0.0081,0.0082,0.0067,0.0081][0.0790,0.0784,0.0804,0.0763,0.0803],[15626.2830,15932.0197,15584.1350,15986.1601,15226.2609],[0.0646,0.0634,0.0648,0.0631,0.0663][0.2752,0.2395,0.2550,0.2663,0.2764][0.0018,0.0062,0.0033,0.0039,0.0026][0.0702,0.0697,0.0706,0.0706,0.0747],9395838976,28237,3512,9395838976
0ac30fcd9,256,65536,21474836480,100,lbr_kid_now_norm,-1,lz4,79674,652,2766,9395838976,.0078,2048,8192,[125.0385,119.2037,120.2702,121.5019,120.8876],[0.1590,0.1503,0.1582,0.1579,0.1576][0.4352,0.4218,0.6323,0.4379,0.4165][0.0161,0.0160,0.0202,0.0208,0.0175][0.1036,0.1038,0.1058,0.1057,0.0999],[15490.7701,15686.0180,15249.1230,15332.9661,15473.2098],[0.1300,0.1287,0.1300,0.1314,0.1297][0.3224,0.3422,0.5301,0.3361,0.3230][0.0026,0.0207,0.0172,0.0050,0.0165][0.0861,0.0889,0.0942,0.0904,0.0866],9277456384,30719,4782,9277612032
0ac30fcd9,256,65536,21474836480,100,lbr_kid_now_norm,-1,lz4,85109,602,5446,1233420288,.0078,32,16384,[48.3178,46.9264,48.8648,50.6957,50.4265],[0.0073,0.0071,0.0065,0.0071,0.0073][0.1246,0.1301,0.1117,0.1364,0.1456][0.0038,0.0038,0.0039,0.0039,0.0037][0.0125,0.0111,0.0076,0.0103,0.0109],[5980.0938,5938.5752,6401.8700,6370.5387,6344.8151],[0.0053,0.0053,0.0049,0.0050,0.0050][0.1449,0.1320,0.1161,0.1403,0.1493][0.0011,0.0011,0.0011,0.0011,0.0011][0.0160,0.0161,0.0138,0.0140,0.0146],18309144576,94656,6217,18309259264
0ac30fcd9,256,65536,21474836480,100,lbr_kid_now_norm,-1,lz4,85109,602,5446,18309259264,.0078,64,16384,[65.0546,66.0771,61.7412,61.7592,60.2424],[0.0095,0.0084,0.0089,0.0085,0.0094][0.1590,0.1571,0.1940,0.1746,0.1904][0.0040,0.0040,0.0041,0.0041,0.0043][0.0195,0.0155,0.0177,0.0166,0.0181],[8133.2378,8091.5630,7684.9254,7810.5816,7773.5829],[0.0078,0.0078,0.0083,0.0081,0.0082][0.1581,0.1611,0.2082,0.2232,0.1899][0.0011,0.0013,0.0011,0.0012,0.0013][0.0233,0.0234,0.0254,0.0252,0.0242],18409463808,61825,5332,18409644032
0ac30fcd9,256,65536,21474836480,100,lbr_kid_now_norm,-1,lz4,85109,602,5446,18409644032,.0078,128,16384,[74.5210,69.0571,69.8904,69.2891,67.8493],[0.0128,0.0142,0.0142,0.0160,0.0139][0.2145,0.2789,0.2753,0.3435,0.2623][0.0044,0.0043,0.0045,0.0045,0.0042][0.0266,0.0311,0.0321,0.0375,0.0317],[9252.0656,8829.9324,8660.9168,8591.7034,8686.8727],[0.0137,0.0143,0.0147,0.0148,0.0146][0.2268,0.2993,0.2917,0.3481,0.3270][0.0016,0.0016,0.0014,0.0014,0.0015][0.0391,0.0416,0.0432,0.0436,0.0434],18409578496,61961,5250,18409701376
0ac30fcd9,256,65536,21474836480,100,lbr_kid_now_norm,-1,lz4,85109,602,5446,18409701376,.0078,256,16384,[71.6295,70.7396,66.7899,69.2751,66.1698],[0.0322,0.0287,0.0357,0.0346,0.0322][0.2525,0.3442,0.4337,0.5492,0.4783][0.0060,0.0058,0.0061,0.0060,0.0055][0.0557,0.0532,0.0651,0.0644,0.0611],[9206.5154,8651.6886,8430.4685,8738.6099,8623.0768],[0.0275,0.0293,0.0301,0.0290,0.0294][0.2476,0.3427,0.4388,0.5430,0.4781][0.0024,0.0026,0.0022,0.0029,0.0015][0.0559,0.0619,0.0639,0.0622,0.0636],18410733568,63589,5235,18410848256
0ac30fcd9,256,65536,21474836480,100,lbr_kid_now_norm,-1,lz4,85109,602,5446,18410848256,.0078,512,16384,[72.2524,66.3740,64.6895,69.6360,64.0215],[0.0791,0.0783,0.0832,0.0735,0.0871][0.2750,0.3486,0.3745,0.3608,0.4635][0.0069,0.0084,0.0084,0.0087,0.0084][0.0870,0.0917,0.1004,0.0864,0.1051],[9541.8670,8800.8835,8282.0567,8997.1790,8212.5285],[0.0530,0.0575,0.0611,0.0563,0.0616][0.2504,0.3276,0.3557,0.3555,0.4278][0.0045,0.0058,0.0034,0.0021,0.0042][0.0733,0.0811,0.0888,0.0790,0.0900],18414198784,291193,5652,18414280704
0ac30fcd9,256,65536,21474836480,100,lbr_kid_now_norm,-1,lz4,85109,602,5446,18414280704,.0078,1024,16384,[76.5266,75.4485,70.5487,71.8470,73.4256],[0.1444,0.1409,0.1552,0.1457,0.1508][0.3624,0.5206,0.4666,0.4899,0.4039][0.0157,0.0133,0.0175,0.0177,0.0155][0.1096,0.1153,0.1253,0.1204,0.1211],[10038.5543,9665.1254,9014.3047,9331.4847,9255.8573],[0.1006,0.1045,0.1121,0.1084,0.1092][0.3068,0.5073,0.4778,0.4658,0.3662][0.0022,0.0026,0.0035,0.0101,0.0024][0.0926,0.0987,0.1093,0.1049,0.1047],18412732416,286904,5756,18412863488
0ac30fcd9,256,65536,21474836480,100,lbr_kid_now_norm,-1,lz4,85109,602,5446,18412863488,.0078,2048,16384,[79.0651,72.5432,75.2287,73.7207,67.1114],[0.2354,0.2603,0.2494,0.2617,0.2711][0.5263,0.7223,0.6201,0.6767,0.6628][0.0373,0.0394,0.0298,0.0345,0.0329][0.1164,0.1413,0.1318,0.1407,0.1349],[10453.8168,9415.8416,9815.1832,9418.7513,9068.5856],[0.1930,0.2145,0.2060,0.2145,0.2199][0.4121,0.4946,0.5141,0.4927,0.4950][0.0032,0.0029,0.0205,0.0029,0.0021][0.1109,0.1342,0.1216,0.1286,0.1298],18415198208,283312,5678,18415443968
0ac30fcd9,256,65536,21474836480,100,lbr_kid_now_nifs,-1,lz4,41663,631,699,148086784,.0078,32,256,[129.8379,133.6320,138.7459,136.0191,138.3646],[0.0013,0.0013,0.0013,0.0012,0.0013][0.0235,0.0195,0.0202,0.0244,0.0217][0.0005,0.0006,0.0005,0.0005,0.0006][0.0012,0.0013,0.0013,0.0011,0.0016],[17487.1766,17660.1610,17513.4004,17867.7631,17842.6207],[0.0018,0.0018,0.0018,0.0018,0.0018][0.0509,0.0236,0.0270,0.0250,0.0230][0.0005,0.0005,0.0005,0.0005,0.0005][0.0022,0.0021,0.0021,0.0021,0.0020],499990528,2580,1412,500023296
0ac30fcd9,256,65536,21474836480,100,lbr_kid_now_nifs,-1,lz4,41663,631,699,500023296,.0078,64,256,[214.8685,216.6697,215.4843,215.6177,223.7307],[0.0016,0.0015,0.0015,0.0015,0.0014][0.0341,0.0304,0.0316,0.0303,0.0326][0.0006,0.0006,0.0006,0.0006,0.0006][0.0029,0.0021,0.0019,0.0020,0.0020],[27260.7608,27685.9710,27642.1494,27731.9391,28042.7025],[0.0023,0.0023,0.0023,0.0023,0.0023][0.0374,0.0330,0.0338,0.0378,0.0385][0.0006,0.0006,0.0006,0.0006,0.0006][0.0037,0.0036,0.0036,0.0036,0.0035],499859456,2653,853,499859456
0ac30fcd9,256,65536,21474836480,100,lbr_kid_now_nifs,-1,lz4,41663,631,699,499859456,.0078,128,256,[276.7548,281.4683,284.0490,276.4421,271.1479],[0.0026,0.0025,0.0024,0.0024,0.0023][0.0467,0.0459,0.0495,0.0445,0.0464][0.0006,0.0006,0.0006,0.0006,0.0006][0.0052,0.0048,0.0047,0.0048,0.0044],[34953.9417,35482.3819,35398.1670,36263.0986,36444.2094],[0.0036,0.0036,0.0036,0.0035,0.0035][0.0530,0.0485,0.0518,0.0523,0.0489][0.0006,0.0008,0.0007,0.0008,0.0007][0.0061,0.0060,0.0063,0.0060,0.0061],499884032,2697,839,499884032
0ac30fcd9,256,65536,21474836480,100,lbr_kid_now_nifs,-1,lz4,41663,631,699,499884032,.0078,256,256,[335.8184,336.4538,334.2390,335.0586,337.5836],[0.0043,0.0040,0.0043,0.0041,0.0039][0.0599,0.0637,0.0597,0.0577,0.0546][0.0006,0.0006,0.0007,0.0007,0.0007][0.0072,0.0061,0.0074,0.0066,0.0062],[41928.0397,42221.9875,42295.7350,42508.0383,43785.7320],[0.0060,0.0060,0.0060,0.0060,0.0058][0.0605,0.0658,0.0641,0.0616,0.0587][0.0011,0.0009,0.0012,0.0008,0.0011][0.0087,0.0087,0.0088,0.0085,0.0084],499802112,2693,862,499802112
0ac30fcd9,256,65536,21474836480,100,lbr_kid_now_nifs,-1,lz4,41663,631,699,499802112,.0078,512,256,[352.6560,356.3512,358.2867,370.5868,363.6413],[0.0085,0.0083,0.0081,0.0084,0.0078][0.0697,0.0733,0.0642,0.0700,0.0681][0.0011,0.0010,0.0008,0.0008,0.0010][0.0112,0.0108,0.0103,0.0105,0.0101],[45675.9443,46186.4256,45567.1811,46174.4578,46731.0574],[0.0110,0.0109,0.0110,0.0109,0.0108][0.0737,0.0705,0.0701,0.0694,0.0675][0.0014,0.0017,0.0007,0.0016,0.0006][0.0120,0.0120,0.0119,0.0117,0.0118],499867648,2696,841,499867648
0ac30fcd9,256,65536,21474836480,100,lbr_kid_now_nifs,-1,lz4,41663,631,699,499867648,.0078,1024,256,[357.5372,372.6188,351.5866,361.5218,383.4278],[0.0183,0.0171,0.0175,0.0162,0.0173][0.0849,0.0808,0.0848,0.0837,0.0836][0.0013,0.0016,0.0016,0.0015,0.0015][0.0172,0.0163,0.0165,0.0151,0.0165],[46760.3596,46742.6098,46603.4563,46997.1129,47741.6668],[0.0214,0.0213,0.0215,0.0213,0.0210][0.0848,0.0866,0.0930,0.0854,0.0970][0.0017,0.0021,0.0017,0.0033,0.0008][0.0166,0.0166,0.0162,0.0163,0.0162],499834880,2733,840,499834880
0ac30fcd9,256,65536,21474836480,100,lbr_kid_now_nifs,-1,lz4,41663,631,699,499834880,.0078,2048,256,[357.7856,377.8550,374.0080,371.8382,379.3035],[0.0379,0.0362,0.0366,0.0364,0.0368][0.1172,0.1141,0.1193,0.1151,0.1199][0.0045,0.0027,0.0033,0.0049,0.0025][0.0234,0.0216,0.0232,0.0231,0.0245],[47533.3661,47532.5708,47695.2413,47852.8624,47720.3870],[0.0422,0.0422,0.0416,0.0419,0.0421][0.1142,0.1214,0.1449,0.1149,0.1186][0.0074,0.0039,0.0048,0.0066,0.0069][0.0216,0.0206,0.0209,0.0214,0.0219],499834880,2774,848,499834880
0ac30fcd9,256,65536,21474836480,100,lbr_kid_now_nifs,-1,lz4,40112,660,751,187596800,.0078,32,512,[129.9098,132.8926,133.8335,129.7271,131.7839],[0.0015,0.0014,0.0014,0.0015,0.0014][0.0245,0.0237,0.0248,0.0276,0.0249][0.0006,0.0007,0.0007,0.0007,0.0007][0.0019,0.0017,0.0017,0.0020,0.0018],[16493.1189,16468.2672,16491.4499,16674.2260,16518.0829],[0.0019,0.0019,0.0019,0.0019,0.0019][0.0293,0.0303,0.0275,0.0285,0.0314][0.0005,0.0005,0.0005,0.0005,0.0005][0.0023,0.0023,0.0024,0.0023,0.0024],826761216,3196,961,826769408
0ac30fcd9,256,65536,21474836480,100,lbr_kid_now_nifs,-1,lz4,40112,660,751,826769408,.0078,64,512,[191.6957,194.4400,200.0622,202.4081,201.1399],[0.0018,0.0017,0.0017,0.0017,0.0017][0.0403,0.0424,0.0386,0.0416,0.0361][0.0006,0.0007,0.0006,0.0007,0.0007][0.0035,0.0030,0.0033,0.0032,0.0032],[25080.6319,25204.9735,25697.8917,25647.5155,25903.6196],[0.0025,0.0025,0.0025,0.0025,0.0025][0.0454,0.0428,0.0394,0.0450,0.0403][0.0006,0.0007,0.0005,0.0006,0.0005][0.0045,0.0043,0.0044,0.0044,0.0043],826793984,3251,986,826793984
0ac30fcd9,256,65536,21474836480,100,lbr_kid_now_nifs,-1,lz4,40112,660,751,826793984,.0078,128,512,[251.8736,252.9494,249.4971,266.8009,263.9799],[0.0027,0.0027,0.0024,0.0027,0.0024][0.0555,0.0576,0.0544,0.0520,0.0516][0.0007,0.0006,0.0007,0.0007,0.0006][0.0056,0.0056,0.0045,0.0055,0.0046],[32521.3386,32832.0912,33105.3366,33567.4282,33773.7719],[0.0039,0.0039,0.0038,0.0038,0.0038][0.0560,0.0587,0.0586,0.0547,0.0544][0.0008,0.0007,0.0009,0.0008,0.0008][0.0072,0.0071,0.0070,0.0067,0.0070],826834944,3181,956,826834944
0ac30fcd9,256,65536,21474836480,100,lbr_kid_now_nifs,-1,lz4,40112,660,751,826834944,.0078,256,512,[301.7637,308.3351,307.4228,308.3277,300.0373],[0.0048,0.0049,0.0051,0.0048,0.0048][0.0696,0.0712,0.0662,0.0666,0.0670][0.0008,0.0007,0.0007,0.0008,0.0008][0.0091,0.0093,0.0098,0.0090,0.0092],[38159.1967,38204.7941,39253.8324,39142.9859,39676.4346],[0.0066,0.0066,0.0064,0.0065,0.0064][0.0732,0.0762,0.0704,0.0707,0.0690][0.0006,0.0012,0.0009,0.0014,0.0011][0.0108,0.0107,0.0102,0.0101,0.0101],826687488,3177,953,826687488
0ac30fcd9,256,65536,21474836480,100,lbr_kid_now_nifs,-1,lz4,40112,660,751,826687488,.0078,512,512,[314.5380,323.4129,315.5005,330.9625,344.9881],[0.0093,0.0092,0.0091,0.0090,0.0098][0.0766,0.0780,0.0835,0.0796,0.0807][0.0011,0.0010,0.0011,0.0011,0.0010][0.0130,0.0125,0.0131,0.0122,0.0144],[41312.1416,41751.5127,42485.2694,42253.2017,42850.4223],[0.0122,0.0121,0.0119,0.0119,0.0117][0.0811,0.0811,0.0837,0.0815,0.0778][0.0011,0.0017,0.0013,0.0007,0.0013][0.0145,0.0142,0.0141,0.0143,0.0139],826777600,3146,953,826777600
0ac30fcd9,256,65536,21474836480,100,lbr_kid_now_nifs,-1,lz4,40112,660,751,826777600,.0078,1024,512,[346.6439,357.9711,349.8126,334.8259,352.6674],[0.0192,0.0193,0.0186,0.0178,0.0190][0.0968,0.0964,0.0915,0.0915,0.1002][0.0021,0.0016,0.0021,0.0018,0.0013][0.0191,0.0187,0.0180,0.0166,0.0190],[43518.4322,43439.8709,43662.5163,43849.1766,44129.1843],[0.0230,0.0231,0.0230,0.0228,0.0225][0.0968,0.0909,0.0930,0.0930,0.0984][0.0019,0.0006,0.0022,0.0027,0.0021][0.0192,0.0187,0.0187,0.0185,0.0188],826613760,3195,957,826613760
0ac30fcd9,256,65536,21474836480,100,lbr_kid_now_nifs,-1,lz4,40112,660,751,826613760,.0078,2048,512,[331.7509,378.6749,342.9551,330.6200,359.4106],[0.0379,0.0405,0.0397,0.0394,0.0413][0.1218,0.1406,0.1349,0.1297,0.1264][0.0038,0.0063,0.0042,0.0041,0.0036][0.0251,0.0269,0.0256,0.0257,0.0256],[44734.2403,44990.8160,44696.5298,44461.2194,44340.5330],[0.0450,0.0446,0.0446,0.0452,0.0449][0.1120,0.1309,0.1193,0.1236,0.1193][0.0045,0.0027,0.0028,0.0039,0.0045][0.0241,0.0234,0.0237,0.0241,0.0230],826720256,3186,945,826720256
0ac30fcd9,256,65536,21474836480,100,lbr_kid_now_nifs,-1,lz4,47649,715,905,253796352,.0078,32,1024,[124.9298,116.0237,122.6066,124.9751,122.3668],[0.0016,0.0015,0.0014,0.0015,0.0015][0.0279,0.0328,0.0285,0.0298,0.0317][0.0007,0.0007,0.0007,0.0008,0.0007][0.0020,0.0020,0.0015,0.0019,0.0021],[15639.0115,15594.6723,15769.3663,15664.5924,15810.7233],[0.0020,0.0020,0.0020,0.0020,0.0020][0.0315,0.0332,0.0378,0.0336,0.0352][0.0005,0.0005,0.0005,0.0005,0.0005][0.0028,0.0028,0.0029,0.0030,0.0028],1428250624,4394,1148,1428250624
0ac30fcd9,256,65536,21474836480,100,lbr_kid_now_nifs,-1,lz4,47649,715,905,1428250624,.0078,64,1024,[184.8461,182.5456,182.3651,180.8546,182.3731],[0.0019,0.0018,0.0020,0.0019,0.0018][0.0488,0.0479,0.0457,0.0412,0.0422][0.0007,0.0007,0.0008,0.0008,0.0008][0.0034,0.0034,0.0042,0.0034,0.0032],[23124.2057,23086.3026,23501.2978,23836.8777,23876.7129],[0.0027,0.0028,0.0027,0.0027,0.0027][0.0498,0.0509,0.0495,0.0454,0.0471][0.0006,0.0006,0.0007,0.0006,0.0007][0.0052,0.0053,0.0051,0.0050,0.0050],1428185088,4262,1248,1428209664
0ac30fcd9,256,65536,21474836480,100,lbr_kid_now_nifs,-1,lz4,47649,715,905,1428209664,.0078,128,1024,[228.1330,235.4787,232.8571,253.5749,241.6434],[0.0026,0.0032,0.0028,0.0029,0.0026][0.0610,0.0680,0.0632,0.0594,0.0595][0.0008,0.0007,0.0007,0.0008,0.0008][0.0051,0.0070,0.0056,0.0060,0.0049],[29827.5406,30245.8740,30463.2413,31147.2043,31448.0584],[0.0043,0.0042,0.0042,0.0041,0.0040][0.0650,0.0692,0.0665,0.0607,0.0642][0.0009,0.0008,0.0008,0.0009,0.0009][0.0083,0.0082,0.0080,0.0077,0.0075],1428127744,4357,1131,1428127744
0ac30fcd9,256,65536,21474836480,100,lbr_kid_now_nifs,-1,lz4,47649,715,905,1428127744,.0078,256,1024,[277.1078,277.9125,268.7621,284.2416,294.7121],[0.0054,0.0055,0.0055,0.0046,0.0052][0.0713,0.0824,0.0735,0.0708,0.0696][0.0009,0.0008,0.0008,0.0009,0.0009][0.0107,0.0110,0.0110,0.0086,0.0100],[35108.7379,35280.3884,35538.3055,36460.0912,36797.0037],[0.0072,0.0072,0.0071,0.0070,0.0069][0.0739,0.0837,0.0775,0.0731,0.0721][0.0015,0.0014,0.0014,0.0008,0.0013][0.0123,0.0124,0.0122,0.0118,0.0114],1428119552,4290,1126,1428119552
0ac30fcd9,256,65536,21474836480,100,lbr_kid_now_nifs,-1,lz4,47649,715,905,1428119552,.0078,512,1024,[303.4942,301.2275,293.0637,307.4568,298.0707],[0.0101,0.0103,0.0098,0.0100,0.0095][0.0897,0.0858,0.0877,0.0927,0.0797][0.0013,0.0010,0.0014,0.0009,0.0009][0.0149,0.0150,0.0142,0.0141,0.0134],[38185.8098,38186.2533,38465.4725,38878.2492,39017.4883],[0.0132,0.0132,0.0131,0.0129,0.0129][0.0901,0.0945,0.0876,0.0941,0.0851][0.0011,0.0013,0.0014,0.0016,0.0014][0.0164,0.0165,0.0162,0.0161,0.0161],1428086784,4306,1129,1428086784
0ac30fcd9,256,65536,21474836480,100,lbr_kid_now_nifs,-1,lz4,47649,715,905,1428086784,.0078,1024,1024,[307.3081,305.7128,314.6762,312.8100,307.0674],[0.0208,0.0209,0.0215,0.0199,0.0207][0.1156,0.1044,0.1114,0.1069,0.1139][0.0019,0.0016,0.0019,0.0025,0.0016][0.0220,0.0219,0.0223,0.0211,0.0209],[40085.9485,39798.9114,39785.9251,39878.3951,40082.8421],[0.0250,0.0252,0.0252,0.0252,0.0248][0.1075,0.1017,0.1050,0.0998,0.1047][0.0015,0.0018,0.0014,0.0026,0.0028][0.0217,0.0216,0.0218,0.0221,0.0217],1428160512,4248,1142,1428160512
0ac30fcd9,256,65536,21474836480,100,lbr_kid_now_nifs,-1,lz4,47649,715,905,1428160512,.0078,2048,1024,[328.2260,314.9428,314.8816,325.6693,327.2240],[0.0433,0.0448,0.0434,0.0442,0.0454][0.1499,0.1774,0.1696,0.1305,0.1479][0.0061,0.0061,0.0022,0.0012,0.0055][0.0293,0.0322,0.0304,0.0271,0.0293],[40313.5310,41732.0280,41866.9268,41639.7374,42275.7300],[0.0497,0.0481,0.0478,0.0479,0.0473][0.1559,0.1350,0.1650,0.1190,0.1321][0.0035,0.0121,0.0031,0.0007,0.0059][0.0276,0.0271,0.0271,0.0256,0.0252],1428193280,4235,1683,1428217856
0ac30fcd9,256,65536,21474836480,100,lbr_kid_now_nifs,-1,lz4,56026,648,2077,479150080,.0078,32,2048,[96.3753,94.3888,93.7774,103.9066,104.5480],[0.0023,0.0021,0.0019,0.0020,0.0020][0.0487,0.0480,0.0476,0.0476,0.0466][0.0011,0.0011,0.0011,0.0011,0.0011][0.0043,0.0032,0.0024,0.0032,0.0032],[12953.7508,12835.5614,12948.9502,13073.7815,13137.7119],[0.0025,0.0025,0.0025,0.0024,0.0024][0.0720,0.0503,0.0513,0.0518,0.0479][0.0006,0.0006,0.0006,0.0006,0.0006][0.0051,0.0053,0.0053,0.0051,0.0051],3342467072,8937,2492,3342467072
0ac30fcd9,256,65536,21474836480,100,lbr_kid_now_nifs,-1,lz4,56026,648,2077,3342467072,.0078,64,2048,[138.4668,147.9643,146.1290,144.9760,147.2224],[0.0024,0.0029,0.0026,0.0026,0.0029][0.0681,0.0747,0.0711,0.0652,0.0718][0.0011,0.0011,0.0011,0.0010,0.0011][0.0047,0.0069,0.0063,0.0058,0.0072],[18435.1343,18498.9645,18819.1969,18905.6585,18996.9789],[0.0034,0.0034,0.0034,0.0034,0.0033][0.0755,0.0755,0.0746,0.0693,0.0727][0.0007,0.0007,0.0009,0.0008,0.0007][0.0087,0.0085,0.0084,0.0082,0.0082],3341377536,9210,2299,3341377536
0ac30fcd9,256,65536,21474836480,100,lbr_kid_now_nifs,-1,lz4,56026,648,2077,3341377536,.0078,128,2048,[175.4168,171.7049,184.2497,180.2654,183.0901],[0.0042,0.0043,0.0041,0.0040,0.0041][0.1010,0.1012,0.0974,0.0977,0.1021][0.0011,0.0010,0.0011,0.0012,0.0011][0.0112,0.0113,0.0108,0.0101,0.0105],[22341.9386,22495.2845,23241.5590,23169.2374,23095.1016],[0.0057,0.0056,0.0055,0.0055,0.0055][0.1062,0.1017,0.1001,0.0984,0.1009][0.0010,0.0011,0.0009,0.0009,0.0009][0.0145,0.0143,0.0139,0.0135,0.0138],3340853248,9050,2354,3340853248
0ac30fcd9,256,65536,21474836480,100,lbr_kid_now_nifs,-1,lz4,56026,648,2077,3340853248,.0078,256,2048,[203.1290,197.8855,207.7240,205.5064,205.4194],[0.0080,0.0076,0.0068,0.0058,0.0077][0.1183,0.1275,0.1186,0.1199,0.1169][0.0013,0.0013,0.0013,0.0013,0.0012][0.0194,0.0188,0.0161,0.0129,0.0184],[25921.9196,25769.8361,26253.2694,26361.3070,26470.4508],[0.0098,0.0098,0.0097,0.0095,0.0095][0.1224,0.1244,0.1187,0.1200,0.1196][0.0016,0.0013,0.0012,0.0015,0.0016][0.0222,0.0224,0.0217,0.0213,0.0214],3340591104,8622,2356,3340591104
0ac30fcd9,256,65536,21474836480,100,lbr_kid_now_nifs,-1,lz4,56026,648,2077,3340591104,.0078,512,2048,[212.7496,221.4717,217.2725,212.1259,225.0399],[0.0154,0.0154,0.0152,0.0157,0.0131][0.1512,0.1395,0.1407,0.1422,0.1437][0.0017,0.0020,0.0017,0.0020,0.0018][0.0273,0.0277,0.0279,0.0280,0.0240],[27870.1742,28242.6981,28217.8100,27103.5747,28511.3635],[0.0181,0.0179,0.0179,0.0186,0.0177][0.1479,0.1417,0.1432,0.1722,0.1434][0.0015,0.0016,0.0025,0.0016,0.0016][0.0291,0.0293,0.0298,0.0306,0.0297],3340681216,11584,2344,3340681216
0ac30fcd9,256,65536,21474836480,100,lbr_kid_now_nifs,-1,lz4,56026,648,2077,3340681216,.0078,1024,2048,[235.8210,225.9075,232.5008,230.9091,209.1364],[0.0327,0.0310,0.0306,0.0311,0.0296][0.1758,0.1636,0.1563,0.1573,0.1635][0.0023,0.0035,0.0039,0.0029,0.0039][0.0404,0.0381,0.0372,0.0393,0.0375],[28834.0010,28879.6850,29154.3626,29138.8459,28913.1107],[0.0348,0.0349,0.0345,0.0345,0.0348][0.1687,0.1586,0.1544,0.1569,0.1594][0.0030,0.0015,0.0019,0.0013,0.0038][0.0396,0.0395,0.0389,0.0389,0.0399],3340484608,11875,2353,3340558336
0ac30fcd9,256,65536,21474836480,100,lbr_kid_now_nifs,-1,lz4,56026,648,2077,3340558336,.0078,2048,2048,[232.1409,226.3189,232.5493,245.7531,228.5405],[0.0735,0.0724,0.0730,0.0684,0.0690][0.2414,0.2096,0.2315,0.1893,0.2050][0.0058,0.0100,0.0065,0.0061,0.0072][0.0561,0.0542,0.0558,0.0541,0.0554],[29437.8374,29440.6183,29376.6594,29417.1095,29261.2209],[0.0682,0.0684,0.0682,0.0682,0.0679][0.2012,0.1857,0.2044,0.1885,0.1962][0.0018,0.0056,0.0119,0.0034,0.0044][0.0513,0.0496,0.0499,0.0495,0.0495],3340165120,11905,3336,3340222464
0ac30fcd9,256,65536,21474836480,100,lbr_kid_now_nifs,-1,lz4,77395,656,3038,839319552,.0078,32,4096,[86.9580,81.7505,83.8115,85.9077,89.4465],[0.0030,0.0028,0.0029,0.0027,0.0028][0.0675,0.0641,0.0696,0.0633,0.0604][0.0014,0.0015,0.0015,0.0015,0.0016][0.0055,0.0040,0.0055,0.0042,0.0045],[10589.2473,10432.7213,10633.7437,10857.7237,11001.2141],[0.0030,0.0030,0.0030,0.0029,0.0029][0.0675,0.0816,0.0689,0.0675,0.0630][0.0010,0.0011,0.0009,0.0010,0.0011][0.0076,0.0079,0.0079,0.0074,0.0073],6436151296,14362,3693,6436249600
0ac30fcd9,256,65536,21474836480,100,lbr_kid_now_nifs,-1,lz4,77395,656,3038,6436249600,.0078,64,4096,[112.0117,115.3871,113.8843,119.8742,116.0901],[0.0033,0.0038,0.0039,0.0037,0.0035][0.0943,0.0920,0.0942,0.0902,0.0907][0.0015,0.0016,0.0016,0.0015,0.0014][0.0066,0.0094,0.0096,0.0088,0.0082],[14501.0834,14705.9440,14552.3754,15092.4784,14719.3622],[0.0044,0.0043,0.0044,0.0042,0.0043][0.0983,0.0966,0.1612,0.0909,0.0928][0.0011,0.0011,0.0011,0.0011,0.0012][0.0125,0.0124,0.0124,0.0118,0.0120],6435504128,13970,3377,6435586048
0ac30fcd9,256,65536,21474836480,100,lbr_kid_now_nifs,-1,lz4,77395,656,3038,6435586048,.0078,128,4096,[137.3286,135.9176,140.0500,135.3282,146.5052],[0.0057,0.0063,0.0056,0.0058,0.0051][0.1324,0.1369,0.1373,0.1317,0.1362][0.0017,0.0017,0.0015,0.0016,0.0016][0.0153,0.0173,0.0151,0.0160,0.0128],[17389.8649,17818.4109,17930.6216,17920.2053,18086.5346],[0.0073,0.0071,0.0071,0.0070,0.0070][0.1462,0.1358,0.1372,0.1351,0.1355][0.0012,0.0013,0.0013,0.0013,0.0014][0.0203,0.0196,0.0193,0.0191,0.0189],6435168256,12907,4342,6435241984
0ac30fcd9,256,65536,21474836480,100,lbr_kid_now_nifs,-1,lz4,77395,656,3038,6435241984,.0078,256,4096,[148.2799,154.6239,144.8757,156.9391,156.4984],[0.0108,0.0108,0.0111,0.0097,0.0085][0.1783,0.1712,0.1725,0.1730,0.1654][0.0020,0.0020,0.0018,0.0019,0.0017][0.0266,0.0264,0.0266,0.0234,0.0190],[19503.3572,19579.5319,19132.3120,19859.8878,20127.4947],[0.0130,0.0129,0.0133,0.0128,0.0126][0.1804,0.1724,0.1836,0.1749,0.1813][0.0015,0.0016,0.0015,0.0015,0.0013][0.0313,0.0305,0.0311,0.0303,0.0295],6435405824,12880,4451,6435422208
0ac30fcd9,256,65536,21474836480,100,lbr_kid_now_nifs,-1,lz4,77395,656,3038,6435422208,.0078,512,4096,[161.6878,160.5374,171.1330,174.8201,171.0950],[0.0185,0.0226,0.0195,0.0205,0.0210][0.1871,0.2144,0.1906,0.1876,0.1842][0.0024,0.0028,0.0024,0.0021,0.0021][0.0355,0.0420,0.0364,0.0384,0.0393],[21280.2965,20961.1278,21585.8814,21634.6021,21804.3378],[0.0238,0.0241,0.0234,0.0234,0.0232][0.1873,0.2305,0.1866,0.1824,0.1851][0.0016,0.0013,0.0018,0.0015,0.0024][0.0437,0.0440,0.0424,0.0430,0.0424],6434439168,17500,4393,6434529280
0ac30fcd9,256,65536,21474836480,100,lbr_kid_now_nifs,-1,lz4,77395,656,3038,6434529280,.0078,1024,4096,[168.5917,169.6536,170.5343,172.7108,166.8869],[0.0497,0.0458,0.0487,0.0478,0.0511][0.2145,0.2221,0.2163,0.2567,0.2236][0.0050,0.0051,0.0039,0.0046,0.0040][0.0619,0.0573,0.0610,0.0603,0.0633],[21303.6155,21873.9985,21674.0168,21466.5621,21615.7139],[0.0472,0.0461,0.0465,0.0469,0.0466][0.2210,0.2118,0.2008,0.2298,0.2194][0.0016,0.0028,0.0030,0.0016,0.0023][0.0597,0.0581,0.0588,0.0594,0.0595],6434226176,16055,4350,6434332672
0ac30fcd9,256,65536,21474836480,100,lbr_kid_now_nifs,-1,lz4,77395,656,3038,6434332672,.0078,2048,4096,[168.8342,164.4990,159.7024,166.0638,168.6972],[0.1033,0.1107,0.1105,0.1015,0.1017][0.2893,0.2900,0.2754,0.2770,0.2684][0.0079,0.0098,0.0105,0.0118,0.0144][0.0840,0.0876,0.0867,0.0844,0.0838],[21412.6555,21151.4039,20953.9784,21281.2020,21590.8078],[0.0939,0.0951,0.0959,0.0945,0.0932][0.2727,0.2707,0.2656,0.2501,0.2649][0.0043,0.0028,0.0076,0.0035,0.0027][0.0736,0.0773,0.0757,0.0738,0.0745],6434766848,17130,3392,6434766848
0ac30fcd9,256,65536,21474836480,100,lbr_kid_now_nifs,-1,lz4,73085,636,4687,1236992000,.0078,32,8192,[60.0838,63.9341,65.1446,63.5132,67.7438],[0.0042,0.0042,0.0042,0.0044,0.0042][0.0957,0.0897,0.0978,0.0948,0.0846][0.0021,0.0022,0.0021,0.0022,0.0021][0.0066,0.0065,0.0072,0.0078,0.0069],[8308.1156,8212.3119,8217.6975,8354.3255,8713.0409],[0.0038,0.0039,0.0039,0.0038,0.0036][0.0949,0.1257,0.1438,0.0929,0.0926][0.0010,0.0010,0.0011,0.0011,0.0011][0.0110,0.0110,0.0112,0.0108,0.0099],9965527040,32292,5616,9965658112
0ac30fcd9,256,65536,21474836480,100,lbr_kid_now_nifs,-1,lz4,73085,636,4687,9965658112,.0078,64,8192,[84.4398,81.7012,85.3530,80.0396,79.8924],[0.0051,0.0055,0.0050,0.0056,0.0055][0.1210,0.1313,0.1140,0.1388,0.1290][0.0023,0.0025,0.0024,0.0022,0.0021][0.0098,0.0123,0.0096,0.0129,0.0126],[10699.6384,10847.9534,10970.6896,10570.4684,10390.7783],[0.0059,0.0058,0.0058,0.0060,0.0061][0.1251,0.1299,0.1206,0.1377,0.1480][0.0011,0.0011,0.0012,0.0012,0.0011][0.0174,0.0172,0.0168,0.0179,0.0183],10082066432,24759,5531,10082246656
0ac30fcd9,256,65536,21474836480,100,lbr_kid_now_nifs,-1,lz4,73085,636,4687,10082246656,.0078,128,8192,[101.3379,101.2575,101.4588,94.1613,95.8862],[0.0089,0.0083,0.0093,0.0085,0.0076][0.1905,0.1806,0.1750,0.1813,0.1823][0.0024,0.0021,0.0022,0.0020,0.0024][0.0241,0.0214,0.0244,0.0219,0.0197],[12541.8037,12772.9241,12789.9971,12664.6753,12697.2336],[0.0101,0.0099,0.0099,0.0100,0.0100][0.1896,0.1876,0.1784,0.2123,0.2033][0.0015,0.0013,0.0013,0.0014,0.0012][0.0299,0.0288,0.0288,0.0294,0.0301],10079952896,26118,5436,10080190464
0ac30fcd9,256,65536,21474836480,100,lbr_kid_now_nifs,-1,lz4,73085,636,4687,10080190464,.0078,256,8192,[105.8957,110.9324,110.0106,112.4061,106.9918],[0.0156,0.0151,0.0169,0.0163,0.0153][0.2380,0.2443,0.2343,0.2470,0.2480][0.0029,0.0028,0.0028,0.0030,0.0029][0.0357,0.0355,0.0392,0.0389,0.0368],[13745.2001,13993.1410,14223.1094,14017.3163,13787.7575],[0.0185,0.0181,0.0178,0.0181,0.0184][0.2404,0.2403,0.2339,0.2446,0.2503][0.0019,0.0015,0.0018,0.0016,0.0013][0.0448,0.0442,0.0427,0.0447,0.0461],10079043584,27641,6710,10079158272
0ac30fcd9,256,65536,21474836480,100,lbr_kid_now_nifs,-1,lz4,73085,636,4687,10079158272,.0078,512,8192,[107.0510,108.1475,111.3244,107.7128,101.5832],[0.0390,0.0377,0.0367,0.0355,0.0398][0.2914,0.2675,0.2587,0.2528,0.3239][0.0045,0.0035,0.0046,0.0047,0.0043][0.0642,0.0639,0.0614,0.0593,0.0677],[13723.1221,14158.1887,14516.4126,14516.4344,13298.9859],[0.0369,0.0358,0.0349,0.0349,0.0381][0.2828,0.2594,0.2445,0.2513,0.3304][0.0023,0.0020,0.0018,0.0018,0.0020][0.0643,0.0630,0.0602,0.0607,0.0685],9962594304,31638,6742,9962758144
0ac30fcd9,256,65536,21474836480,100,lbr_kid_now_nifs,-1,lz4,73085,636,4687,9962758144,.0078,1024,8192,[108.2838,108.5459,110.9905,117.4179,113.4078],[0.0827,0.0828,0.0841,0.0920,0.0830][0.3311,0.3368,0.3032,0.3187,0.2943][0.0067,0.0099,0.0077,0.0050,0.0073][0.0926,0.0898,0.0910,0.0933,0.0902],[13825.7598,14276.0593,14366.9290,14511.9229,14536.7266],[0.0727,0.0708,0.0703,0.0695,0.0684][0.3010,0.3183,0.2862,0.2937,0.2683][0.0019,0.0021,0.0040,0.0017,0.0021][0.0849,0.0828,0.0823,0.0798,0.0797],9960800256,57200,6197,9961013248
0ac30fcd9,256,65536,21474836480,100,lbr_kid_now_nifs,-1,lz4,73085,636,4687,9961013248,.0078,2048,8192,[113.5719,115.8567,118.0706,119.5669,97.5552],[0.1631,0.1649,0.1605,0.1639,0.1813][0.4276,0.4372,0.4525,0.3852,0.5149][0.0161,0.0225,0.0178,0.0167,0.0173][0.1096,0.1036,0.1114,0.1092,0.1349],[15036.3562,15410.7424,14712.4913,14907.0960,12719.2279],[0.1342,0.1309,0.1370,0.1354,0.1581][0.3213,0.3223,0.3596,0.3442,0.4855][0.0029,0.0026,0.0022,0.0141,0.0028][0.0940,0.0928,0.0937,0.0960,0.1197],10079494144,32744,6718,10079633408
0ac30fcd9,256,65536,21474836480,100,lbr_kid_now_nifs,-1,lz4,86704,605,10011,2356240384,.0078,32,16384,[45.0051,46.6761,50.7947,49.5837,46.2196],[0.0072,0.0068,0.0068,0.0067,0.0069][0.1388,0.1235,0.1129,0.1340,0.1319][0.0035,0.0037,0.0035,0.0036,0.0038][0.0126,0.0109,0.0101,0.0102,0.0108],[5838.0093,5983.8168,6255.1584,6295.0840,6136.9901],[0.0054,0.0053,0.0051,0.0050,0.0052][0.1380,0.1324,0.1284,0.1312,0.1432][0.0011,0.0011,0.0011,0.0011,0.0011][0.0169,0.0164,0.0146,0.0145,0.0150],19549290496,91496,12925,19549388800
0ac30fcd9,256,65536,21474836480,100,lbr_kid_now_nifs,-1,lz4,86704,605,10011,19549388800,.0078,64,16384,[60.1416,57.2673,55.1311,59.2575,57.2691],[0.0084,0.0094,0.0086,0.0080,0.0093][0.1709,0.1957,0.2060,0.1869,0.1874][0.0037,0.0039,0.0038,0.0039,0.0038][0.0169,0.0217,0.0189,0.0150,0.0202],[7476.3630,7223.9597,7022.0064,7489.3788,7380.2429],[0.0085,0.0088,0.0090,0.0085,0.0086][0.1853,0.2485,0.2235,0.2042,0.2127][0.0012,0.0012,0.0012,0.0013,0.0012][0.0260,0.0282,0.0294,0.0267,0.0266],19644514304,60174,8616,19644620800
0ac30fcd9,256,65536,21474836480,100,lbr_kid_now_nifs,-1,lz4,86704,605,10011,19644620800,.0078,128,16384,[61.8576,59.3079,58.8115,66.0541,62.2370],[0.0147,0.0182,0.0141,0.0154,0.0145][0.2885,0.3406,0.3548,0.3207,0.3071][0.0039,0.0043,0.0044,0.0042,0.0045][0.0364,0.0473,0.0361,0.0387,0.0350],[8152.9058,7848.3006,7851.1848,8144.4006,8159.2331],[0.0156,0.0162,0.0162,0.0156,0.0156][0.3026,0.4260,0.3627,0.3168,0.3297][0.0015,0.0013,0.0014,0.0015,0.0016][0.0474,0.0508,0.0511,0.0474,0.0480],19542925312,83163,9391,19543113728
0ac30fcd9,256,65536,21474836480,100,lbr_kid_now_nifs,-1,lz4,86704,605,10011,19543113728,.0078,256,16384,[70.4132,65.7154,64.8710,63.9133,63.0414],[0.0314,0.0355,0.0350,0.0333,0.0315][0.2744,0.3332,0.3676,0.3862,0.3166][0.0053,0.0048,0.0043,0.0059,0.0047][0.0589,0.0681,0.0671,0.0634,0.0594],[8627.8756,8231.4979,8059.1774,8446.3597,8336.7932],[0.0294,0.0308,0.0314,0.0300,0.0304][0.2713,0.3339,0.3613,0.3689,0.3366][0.0020,0.0021,0.0027,0.0023,0.0026][0.0623,0.0663,0.0681,0.0641,0.0649],19641319424,63165,8784,19641597952
0ac30fcd9,256,65536,21474836480,100,lbr_kid_now_nifs,-1,lz4,86704,605,10011,19641597952,.0078,512,16384,[70.0807,63.4957,64.7354,67.8895,66.1337],[0.0799,0.0882,0.0843,0.0803,0.0786][0.3268,0.4097,0.5691,0.3765,0.3622][0.0072,0.0067,0.0081,0.0089,0.0080][0.0944,0.1074,0.1074,0.0995,0.0951],[8834.2013,8209.2359,8077.8415,8375.7515,8635.3348],[0.0572,0.0616,0.0626,0.0604,0.0586][0.2968,0.3867,0.5684,0.3724,0.3556][0.0036,0.0017,0.0041,0.0028,0.0018][0.0817,0.0911,0.0953,0.0889,0.0855],19640786944,310486,9206,19640991744
0ac30fcd9,256,65536,21474836480,100,lbr_kid_now_nifs,-1,lz4,86704,605,10011,19640991744,.0078,1024,16384,[70.1838,66.3332,70.8601,71.2383,72.5372],[0.1520,0.1672,0.1571,0.1574,0.1536][0.3866,0.4726,0.4874,0.4243,0.4131][0.0114,0.0150,0.0103,0.0138,0.0189][0.1233,0.1406,0.1267,0.1252,0.1245],[9152.0804,8324.2632,8775.0122,9055.1254,9102.7510],[0.1104,0.1200,0.1151,0.1116,0.1110][0.3443,0.4572,0.4547,0.3856,0.3927][0.0020,0.0031,0.0022,0.0110,0.0038][0.1057,0.1234,0.1103,0.1088,0.1082],19640467456,272106,9254,19640958976
0ac30fcd9,256,65536,21474836480,100,lbr_kid_now_nifs,-1,lz4,86704,605,10011,19640958976,.0078,2048,16384,[72.2491,63.3503,66.5717,62.0410,71.0862],[0.2715,0.2887,0.2814,0.2974,0.2742][0.7050,0.7588,0.6866,0.7436,0.7452][0.0331,0.0335,0.0352,0.0310,0.0359][0.1440,0.1626,0.1516,0.1567,0.1407],[8840.5737,8248.9862,8577.9099,8315.0149,8971.6225],[0.2278,0.2451,0.2356,0.2417,0.2252][0.4946,0.5467,0.6099,0.5959,0.4964][0.0030,0.0040,0.0021,0.0021,0.0057][0.1357,0.1519,0.1430,0.1529,0.1347],19641851904,282097,9201,19642064896
